username,GNN_Influence_Score
崔听筠,1.0
普瑞-赛斯_,0.96890485
月海_Tsugumi,0.9678838
M-V-T,0.96597755
薛定谔的狸花咕咕咕,0.96496034
降萝伏莉仙帝,0.9621121
誓约寒,0.9613688
GLALXX,0.9610984
三添不贱,0.9610307
厌蠢之人,0.9606252
水族馆的大梨子,0.96055764
克喵可爱捏,0.96015245
茹大宝宝,0.9595445
冷心市民小玉,0.959072
大乔617,0.95900464
洁之良品---David,0.9585998
糸凛凛糸凛,0.9584652
fbi9527_,0.9583975
一枚云朵轻飘飘,0.958263
红石方块Max,0.9582626
名字是一首歌,0.9582626
栗子暴打兔子,0.9580605
Zachary照尘,0.9579931
梓故zzz,0.9579931
泡澡香香的猫,0.9577909
nofish21,0.95772356
阳华与苹果酒的诗文,0.95765656
烟雨不稀烟雨稠_,0.9576565
xym12345,0.95765615
嘉泽胤阳,0.9576523
椰蓉の糯米糍,0.9575888
高筱珏,0.9575888
云淡啊风轻,0.9575214
calmdown002,0.9575214
风雨之中任逍遥,0.9574541
美的空调,0.9574541
picturesqueboat,0.9573867
35982787195_bili,0.9573867
迷之逊,0.9573867
清池处处起涟漪,0.9573866
沃洛嘉-,0.9573196
稳重一点啊,0.9573193
_The_God_,0.9573193
辰溪轩道,0.9572522
蓝曦Lences,0.95725197
GTA5Cyberpunk,0.9572487
首席高木厨,0.95718485
一本正经的回忆录,0.9571847
cutewp,0.95711726
狐_hao,0.95711726
-芝士不好椰-,0.95711726
森set,0.95711726
乌托村夫,0.95711726
观岚岚吖,0.95704997
辛弃疾Simcheegy,0.95704997
NEm0意为无人_,0.9570499
逃离实体,0.9570499
许若潇,0.9570499
AHPbLIS,0.9570499
41朵蓝玫瑰,0.95698273
在陆亨克这了,0.9569826
芥_弥,0.9569826
潜水的鱼n,0.9569826
韩美娟Amire,0.9569154
我不是梦中人,0.9569154
tyzhende,0.9569154
漫游者__,0.9569154
一枚鸭梨,0.95691526
颜值并不一定正义,0.95691526
亻五我鸟,0.95691526
My丶Dearest灬SU,0.95691353
栀桦惜缘,0.9568486
Yooofox,0.9568481
正片叠底绘画战士,0.9568481
KEX-Monika,0.9568481
橘喵敲可爱,0.9568479
活在阳光下是温暖的,0.9567808
黄益达哒,0.9567808
风度桑_EA,0.9567808
原汁儿,0.9567808
还没熟的鱼蛋,0.9567808
别vi我,0.9567808
-LostCity-,0.9567808
一向如此真的吗,0.95678073
阑荀夕,0.95678073
天王星-乌拉诺斯,0.9567795
雾都冰火,0.9567135
花硬币改名啦,0.9567135
比格Bigsk,0.9567135
曦熙婉,0.9567135
龙君Long,0.9567135
望神侞㕃,0.9567135
-赵Mou-,0.9567135
给端午打工,0.9567135
凛黦,0.9567135
EVNSR,0.9567135
Luloce,0.9567135
月球队长makoto,0.9567135
百分之60的派蒙,0.95671344
刃下狼血,0.95671344
无芳离逝,0.95671344
Mi迷醉,0.95671344
何不扬了它,0.9567085
鲨鱼的左膀右臂,0.95664614
银彩-SilVirbe,0.95664614
十六不会做饭,0.95664614
haigusang,0.95664614
空城旧梦xzx,0.95664614
Callme祎一,0.95664614
L3-猛汉猎人,0.95664614
锐展XD,0.95664614
独矿者-OMPn,0.95664614
淆小青鱼,0.95664614
XT鸢尾,0.95664614
一个稳健的玩家,0.95664614
中老年人签名藏彩蛋,0.95664614
店长工具人007,0.95664614
寂寂钟鱼柏满轩_,0.95664614
orzorz_,0.95664614
小宇游戏xy,0.95664614
分肠道辘,0.95664614
默蜂QAQ,0.95664614
常星林,0.95664614
夏日丨邮局,0.95664614
努力的小博士,0.9565788
Gz小阿拐,0.9565788
AAA_千目东路跑车维修,0.9565788
希茵今天还在河里,0.9565788
极速小飞鱼fly,0.9565788
神秘的b站用户123456,0.9565788
kay1ey,0.9565788
UNICODE2025,0.9565788
无竺兰,0.9565788
活在南极的热带鱼,0.9565788
初末寻辞,0.9565788
QI--祺,0.9565788
科比,0.9565788
金德翼Golden_Daley,0.9565788
焚琴煮鹅,0.9565788
名将杀,0.9565788
新建文档XP,0.9565788
学校你牛逼,0.9565756
摩西菌vvvv,0.9565707
凉簟残烛,0.9565115
为什么野兽没有我聪明,0.9565115
导坏,0.9565115
nonane2077,0.9565115
没干劲de蚊子,0.9565115
THX2012,0.9565115
MoonBit月兔,0.9565115
锂葵,0.9565115
MiguelKosugi,0.9565115
q青药师p,0.9565115
只要脊椎,0.9565115
十二刀语,0.9565115
特工小鸡zzz,0.9565115
Anastasiaying,0.9565115
三国百将牌,0.9565115
楽しいかわいい子猫,0.9565115
恭请邱小姐出嫁,0.9565115
面要多加香菜,0.9565115
顾阿小,0.9565115
花生于竹南,0.9565115
半东白皮,0.9565115
来根大白菜,0.9565115
甘意ganyi,0.9565115
青春耄耋梦到曼波学妹,0.9565115
容川居士,0.9565115
白布林不_,0.9565115
香蕉皮の神,0.9565115
豌豆味老干妈,0.9565115
盒饭中的果冬咚冻,0.9565115
我也要吃鸡翅吗,0.9565115
旗帜工作室,0.9565115
馬馬雨,0.95650494
折纸无忧,0.9564466
尘风一枚,0.9564442
芊九沫,0.9564442
物喜寄悲,0.9564442
醒醒别oyi了,0.9564442
星ToBe,0.9564442
九ノ离,0.9564442
小言La,0.9564442
西住学姐,0.9564442
Chalice_W,0.9564442
無_三,0.9564442
起飞ww,0.9564442
风三月柒,0.9564442
昨日的曦,0.9564442
中雨转大鱼,0.9564442
艹此用户不存在,0.9564442
撒野小树,0.9564442
末薯名者,0.9564442
w显眼包w,0.9564442
与辞浅,0.9564442
夜泠ovo,0.9564442
-MiAoo-,0.9564442
旭日之舟,0.9564442
不死骨灰,0.9564442
九月会很热,0.9564442
苏九思-,0.9564442
室盐,0.9564442
城南輕舟,0.9564442
Lennon不会起名,0.9564442
拉拉小飞侠,0.9564442
-KU-MA-,0.9564442
bl9f,0.9564442
孚乃有庆,0.9564442
可爱的土狗哥,0.9564442
请叫我夕霧老师,0.9564442
DECO2077,0.9564442
不见曦月3498,0.9564442
Fierga伏尔加,0.9564442
玫瑰鹿bbs,0.9564442
华彩月,0.9564442
蓝色懒猫一只,0.9564442
斜陽LilaS,0.9564442
泊鈞,0.9564442
堂唐塘,0.9564442
诞水弧,0.9564442
维焉,0.9564442
Space丶JS,0.9564442
流客不知名,0.9564442
超高校级の女装大佬,0.9564442
神络局外规划社,0.9564442
苦瓜哇_,0.9564442
甜口豆瓣酱ovo,0.9564442
Iris_lyric,0.9564442
栗子鼠1940,0.9564442
strangeineed,0.9564442
五更瑠璃丶黑猫,0.9564442
鬼清明,0.9564442
彩叶の八千代,0.9564442
Slytherin-xsh,0.9564442
奕寯,0.9564442
Joy_326,0.9564442
伏特加爬山斗地主,0.9564442
SocianZeStof,0.9564442
大保底不歪臻菌,0.9564442
开背蒜蓉虾,0.9564442
彩色的风123,0.9564442
来自律队的大拇哥,0.9564442
曾文的旋律,0.9564442
糖盐一定要在一起,0.9564442
魔君林澈s,0.9564442
鲁路修·Vi·布里塔尼亞,0.9564442
卦挂呱,0.9564442
皇后区的热心邻居,0.9564442
豆腐腐腐腐fu,0.9564442
想画画的七辰,0.95642483
流萤Soar,0.95641184
LmHudRui,0.9563769
一锤定印,0.9563769
凤凰之于飞-,0.9563769
过热的史莱姆,0.9563769
沈昇x,0.9563769
阿潇不会吹箫,0.9563769
唐完就宋oh,0.9563769
Inno_etc,0.9563769
斯胺叁,0.9563769
猫猫和东东,0.9563769
summer丶埘绱,0.9563769
sunberun,0.9563769
零篇川,0.9563769
胖虎酱啊,0.9563769
香爵可爱毛豆,0.9563769
可以让我退退,0.9563769
吧唧1口小漂亮,0.9563769
咸桪不想哭,0.9563769
paradox2333,0.9563769
盒菌子,0.9563769
死兆星之彩,0.9563769
啊又过了一天呢,0.9563769
走猫步的鲨鱼,0.9563769
Melaniesmelon,0.9563769
一只小梵茄,0.9563769
再往前是远方,0.9563769
北冥系咸鱼,0.9563769
银的艺术,0.9563769
罐装盒头,0.9563769
时栖Hoho,0.9563769
该成为怎样的人,0.9563769
秦丙辰,0.9563769
透镜星云,0.9563769
希儿希尔希希希,0.9563769
KevinSxz,0.9563769
迈耶诚不欺我,0.9563769
skylouis,0.9563769
毛毛的从前,0.9563769
盼思返,0.9563769
榴莲流奶牛角Bao,0.9563769
灬贝莉尔灬,0.9563769
路过瞅你一眼的一只汪,0.9563769
一念窥光,0.9563769
katerrrlhyu,0.9563769
忆酒1,0.9563769
xxx欲しい,0.9563769
偏激筱丶明,0.9563769
lin1270,0.9563769
是懒人不是赖人,0.9563769
深海绿gou咯,0.9563769
一只雨欣丫,0.9563769
一只野生的文科生,0.9563769
NeverSettle_,0.9563769
第七命,0.9563769
别吵快睡着了,0.9563769
Lei雷明Ming,0.9563769
还会更差吗,0.9563769
美好Brave,0.9563769
好喜欢明日香-,0.9563769
网卡又重连,0.9563769
_white_,0.9563769
10lxr,0.9563769
两大大碗稀饭,0.9563769
3角公式,0.9563769
活捉一只小松许,0.9563769
瑾年丶亮,0.9563769
渡个毛,0.9563769
让子弹飛一会er,0.9563769
聪明的高坚果,0.9563769
Milktea椰,0.9563769
LabMem_No004,0.9563769
海围着的陆地叫岛,0.9563769
励磁石,0.9563769
墨语默言,0.9563769
特玛头拒绝成为番茄酱,0.9563769
_Sao,0.9563769
佐佐木卡西欧,0.9563769
小主想睡觉,0.9563769
元素AMG___,0.9563769
改头换面aaasa,0.9563769
我是天才蛙,0.9563769
瓏龍籠,0.9563769
-超级赛车王-,0.9563769
卖盒饭的小哥,0.9563769
纳石矢,0.9563769
北岛牧师,0.9563769
GGu3,0.9563769
自宅警備員のペンギン,0.9563769
耶路撒冷沈阳路,0.9563769
忧伤的冬瓜,0.9563769
喂羊先锋,0.9563769
9jllol,0.9563769
海比天藍,0.9563769
影只猫Shadow,0.9563769
你的豌豆呀呀呀,0.9563769
异常有用的垃圾桶,0.9563769
ALTLOVE,0.9563769
循湮26,0.9563769
原野绿电位分析,0.9563769
彦伯英字子午,0.9563769
山海重工,0.9563769
2k时期冷冻罗非鱼,0.9563769
梁永欣沃爱腻,0.9563769
塰鸦,0.9563769
是Q同学呀,0.9563769
单挑于北宸,0.9563769
账號已注销2333,0.9563769
灰溜溜儿,0.9563769
盘旋的千眼,0.9563769
天台美厨一位丌-丌,0.9563769
我永远喜欢高人先生,0.9563769
厄余eyu,0.9563769
猫咪子_,0.9563769
不二月诗,0.9563769
灰灰大王666_,0.9563769
YMQLL,0.9563769
承诺能信麽,0.9563769
好奇的迷彩风筝,0.9563769
imitator_,0.9563769
瀚天2077,0.9563769
青雨清泉,0.9563769
全不灵,0.9563769
囷囷不困困,0.9563769
是大熊哦,0.9563769
Strips139,0.9563769
--千椰椰--,0.9563769
不想学理科的理科生,0.9563769
白风QAQ,0.9563769
怣,0.9563769
你安全得救了,0.9563769
SIG_SAUER-SP2022,0.9563769
开朗的真爱坤,0.9563769
元气满满的柠柒吖,0.9563769
余余余余泠,0.9563769
给你补个蛋蛋鼠,0.9563769
你大大大爸爸鸭,0.9563769
丢失的免写卷,0.9563769
大山妖重明,0.9563769
怎么不在家,0.9563769
多年ye,0.9563769
李惟张yq,0.9563769
-月之语-,0.9563769
你守哥来也,0.9563769
花哨政,0.9563769
是小颜捏,0.9563769
3993,0.9563769
烈豹乔亚,0.95637035
Rainman_E,0.95637
半串钵钵鸡,0.95634615
听张xz,0.95634454
是王朝吖,0.9563165
茶橘reo,0.9563097
biupa嘣,0.9563097
改一个名字要我6个币,0.9563097
图tu_,0.9563097
曼珠沙华の彼岸花,0.9563097
沙沙沙尘暴,0.9563097
杉本铃美,0.9563097
被又耽误的电影公司,0.9563097
白泽拓,0.9563097
maggie_szh,0.9563097
喵喵眯眯呜,0.9563097
晚夜溢晚,0.9563097
想想晚饭吃什么_,0.9563097
Zoe7oe,0.9563097
Zoenash,0.9563097
理塘的哲学家,0.9563097
luwenwuNB,0.9563097
大家好滴滴,0.9563097
鳌拜得弟弟熬夜,0.9563097
bili_69904352393,0.9563097
老手勾大爷邓肯,0.9563097
calvinOvO,0.9563097
andymsu,0.9563097
礼亭,0.9563097
四叶Luckyclover,0.9563097
ZENFE_09,0.9563097
濠江南,0.9563097
灬暗夜神灬,0.9563097
茶茶stella,0.9563097
dc不重启不改名,0.9563097
四区的尾椎骨,0.9563097
独孤东炎,0.9563097
cnzjlaoluan,0.9563097
minostar,0.9563097
曲奇如丝,0.9563097
熵增二踢脚,0.9563097
nemo_qq,0.9563097
葵九歌,0.9563097
苏筱哲,0.9563097
桉子诺,0.9563097
松籽ker,0.9563097
被消耗掉的6枚硬币,0.9563097
肆意丶梓,0.9563097
bili_45780123422,0.9563097
月弥阶釤,0.9563097
未知1参上,0.9563097
蘭陵笑笑聲,0.9563097
夜礼服假面的红蔷薇,0.9563097
阿祖卡布珈德,0.9563097
鸟畜,0.9563097
啸温风,0.9563097
_月明共潮生,0.9563097
见严冬,0.9563097
我好想你呢_,0.9563097
蔚海彦彦,0.9563097
葡萄尸体,0.9563097
唱唱反调呢丶,0.9563097
iridescent2024,0.9563097
木梓渝,0.9563097
kong_yu_jun,0.9563097
lifeline你的生命线,0.9563097
高松的灯,0.9563097
asd_-_,0.9563097
夏花迷蝴蝶,0.9563097
imksc,0.9563097
塔帕酱,0.9563097
_seagulll,0.9563097
hinhin的鱼尾纹,0.9563097
喵喵折app旗舰版,0.9563097
苜制茗,0.9563097
杨月yang,0.9563097
halo_nk,0.9563097
bili_45628101523,0.9563097
月的-六便士,0.9563097
喵卫阳裔,0.9563097
hatomogi,0.9563097
大伟囚,0.9563097
_SKH_,0.9563097
bili_45506813630,0.9563097
某不知名二字蔬菜,0.9563097
予七语,0.9563097
埃里克ww,0.9563097
朱扎记,0.9563097
朔月清风qwq,0.9563097
喝不了冰啤酒,0.9563097
茶杯里的非鱼,0.9563097
精神大夫,0.9563097
江北残刀10,0.9563097
云柒July,0.9563097
猫儿是大橘,0.9563097
乔砸のh,0.9563097
白色轮毂,0.9563097
棉花糖_MELLO,0.9563097
十万伏特Thunderboy,0.9563097
帆儿啦儿啊,0.9563097
哎呀我不想取名字,0.9563097
十一诗语,0.9563097
二次元恒星,0.9563097
二零老师,0.9563097
云梦夜鼠,0.9563097
wE1xUqU,0.9563097
我也要助攻,0.9563097
云织光,0.9563097
云鵃,0.9563097
猫吃鱼_鱼爱猫,0.9563097
海贝壳有海,0.9563097
赛博老登单推人,0.9563097
亡棋林,0.9563097
河马朋友,0.9563097
八部HCJPSM,0.9563097
空城一の猫,0.9563097
载易杞,0.9563097
生盐诺亚_Official,0.9563097
半岛台吹吹风,0.9563097
閃刀姬丶零衣,0.9563097
不想为取啥名字而烦恼,0.9563097
丙纯,0.9563097
一只小INKQWQ,0.9563097
不漾仙10032,0.9563097
唱骑速食,0.9563097
无法查询Nber,0.9563097
不狂人,0.9563097
不狂啦,0.9563097
沫惜亿,0.9563097
狐柳黄白灰,0.9563097
法厄同星尘,0.9563097
法厄同的暮暮,0.9563097
路灯的搬运工XD,0.9563097
新时代赛博扎克伯格,0.9563097
荷华千言,0.9563097
白李呀,0.9563097
专业吃瓜群众hhh,0.9563097
疯狂衡灵,0.9563097
两手-空空-,0.9563097
吃花椒的秃酱,0.9563097
疏篱淡月寒鸦,0.9563097
无忘筱筱,0.9563097
仁糍粑,0.9563097
nouchiya,0.9563097
漠上凉,0.9563097
無聊又邊緣的普通人,0.9563097
再见徐,0.9563097
热爱和平的小董同学,0.9563097
烦恼休息,0.9563097
你是我左边的风景,0.9563097
其愚不可及也,0.9563097
你见我钱包了吗,0.9563097
共鸣鸽子,0.9563097
炒鱼,0.9563097
炎日西時,0.9563097
俺们控,0.9563097
斯巴拉西zzx,0.9563097
剑灬神灬,0.9563097
饿货33,0.9563097
六喰,0.9563097
漫游者Kairo,0.9563097
97有山,0.9563097
胆小鼠残梦,0.9563097
光武帝劉秀,0.9563097
克拉UwU,0.9563097
入梦bai,0.9563097
逆天改命乌鸦陈天雄,0.9563097
行走的詩,0.9563097
李简请69,0.9563097
努力的小杨322,0.9563097
冰心一弦雪,0.9563097
薄荷巧克力小蛋糕,0.9563097
今生ww,0.9563097
寒面东风,0.9563097
职业迷妹,0.9563097
喵kiri_颂,0.9563097
片-------爿,0.9563097
纪风笑,0.9563097
涵盖芦,0.9563097
叶片D2,0.9563097
柠檬芝士_,0.9563097
伍水硫酸曈,0.9563097
阿冉的N次方,0.9563097
伏二金,0.9563097
会玩闪光的麦卡利,0.9563097
老实人秋水,0.9563097
传奇月球守门人,0.9563097
水野幽香,0.9563097
章鱼烧暴L,0.9563097
惣又介,0.9563097
在有风的日子里晾衣服,0.9563097
佐腾酱,0.9563097
不夜猫貓,0.9563097
有机生命,0.9563097
去房间整把枪w,0.9563097
哆啦丶小金Jinky,0.9563097
记得叶贝妮曾经爱过你,0.9563097
solsetur__,0.9563097
sosomoli,0.9563097
ssssyrio,0.9563097
Noway_t,0.9563097
养只香蒲猫,0.9563097
eldiablo0820,0.9563097
superuuunir,0.9563097
江千尋,0.9563097
talonSG-FPV,0.9563097
荥星中,0.9563097
眨巴眨巴眼睛真酸涩,0.9563097
梵意琉璃,0.9563097
纸窗亮着,0.9563097
三月莓六月花,0.9563097
纷扰趋静,0.9563097
栢丶川,0.9563097
和人kazuto,0.9563097
阳阳最萌,0.9563097
灵骑思故我在,0.9563097
周淺,0.9563097
酷蕉,0.9563097
乳酸菌冷泡茶,0.9563097
skr洋葱头,0.9563097
sir扎克斯,0.9563097
哈哈哈_会和,0.9563097
羽語於愈,0.9563097
美羊珜,0.9563097
ormoix,0.9563097
哭的火冒三丈,0.9563097
oy源源子,0.9563097
白胆杯子,0.9563097
很神秘的昵称,0.9563097
了了把事了了,0.9563097
仪子r,0.9563097
单影-遥呀遥,0.9563097
否视庭,0.9563097
普通老百姓在你家,0.9563097
海艺的小窝,0.9563097
罹难烬,0.9563097
罗非鱼p,0.9563097
缅腆猫,0.9563097
梦被光刷白,0.9563097
rucej,0.9563097
鱼鱼鱼与羊,0.9563097
绽放的终点,0.9563097
小恐龙゜,0.9563097
这不管那不管的牢B,0.9563097
系统提示该用户已下线,0.9563097
任识的陌生人,0.9563097
夏亚的飞毛腿,0.9563097
御秦枫,0.9563097
柊丶Heeragy,0.9563097
木斧锤,0.9563097
永远亭的宅女辉夜姬,0.9563097
叫荏苒的鸟,0.9563097
七乐该睡觉了,0.9563097
石猫四,0.9563097
汪汪北北,0.9563097
万年沿挂,0.9563097
万念一条鱼,0.9563097
矢速Velctor,0.9563097
三千万30000000,0.9563097
赫白同学,0.9563097
瞧这个,0.9563097
白秋鸽-_-,0.9563097
穷神小克说劲啊,0.9563097
取名字Jay难,0.9563097
上帝遗弃的小山羊,0.9563097
上衫一卿,0.9563097
下一站缘,0.9563097
眼里只有蓝色,0.9563097
希彼基,0.9563097
神奇--阿呦,0.9563097
吾乃高林也,0.9563097
一天叭,0.9563097
急性发钱寒综合征,0.9563097
最初和最后,0.9563097
吴解语,0.9563097
蓝色的赭鳞蘑菇,0.9563097
yg王辰,0.9563097
听白TownBoats,0.9563097
吟游诗人握持,0.9563097
郁宁无瓜,0.9563097
君之南,0.9563097
向点何,0.9563097
魏俞轩,0.9563097
宅家的猫先生,0.9563097
逆梦meow,0.9563097
吃葡萄就_吐葡萄皮,0.9563097
超声刀削面,0.9563097
臻好真的很好,0.9563097
橘枳jessie,0.9563097
一只数学的狗,0.9563097
可锁水面纸-,0.9563097
神知道怎么想,0.9563097
大耗司,0.9563097
YushawnChen,0.9563097
辞镜_Asuka,0.9563097
请输入文本-1145141919,0.9563097
Quanziluuuuu_,0.9563097
小青蛙兮兮,0.9563097
小電龍,0.9563097
HewsonX,0.9563097
泥嚎比莉,0.9563097
小科笔肘妈妈,0.9563097
巴塞罗那的皮卡都,0.9563097
嘻嘻恩优,0.9563097
小波961016,0.9563097
小沐de音乐盒,0.9563097
时过境迁77,0.9563097
林霞夕阳,0.9563097
Iris白一,0.9563097
I正版受害者I,0.9563097
整点稍麦,0.9563097
卜艾卢-狄克,0.9563097
小樱花のSakura,0.9563097
JJJJJJJJJJJson,0.9563097
断发以明志,0.9563097
Jayish,0.9563097
看见小丑直接拉黑,0.9563097
V7KAcE,0.9563097
Glaxy_Rain,0.9563097
Eric是喜哥,0.9563097
橙子是魔王,0.9563097
佛系雨莹,0.9563097
Day_lily,0.9563097
Daylight-567,0.9563097
找不到出口的人,0.9563097
葫蘆小C剛,0.9563097
抱抱薇妹,0.9563097
岑皮啊,0.9563097
山楂-西红柿-土豆,0.9563097
小鼠同学Minimouse,0.9563097
FL-风凌_,0.9563097
非法火柴人,0.9563097
Floyd_Young,0.9563097
是远大兄,0.9563097
顾景黎,0.9563097
控评有罪,0.9563097
阿吉日记,0.9563097
疗愈师小u,0.9563097
新世代的Fans,0.9563097
臭画画的弗拉恭,0.9563097
巨魔苗,0.9563097
番茄炒蛋冰淇淋,0.9563097
逆子打为父,0.9563097
寂月星尘,0.9563097
雾岛u,0.9563097
纯情火辣清道夫,0.9563097
迷茫的地球人,0.9563097
我问尼在肝神磨,0.9563097
日夕KagLun,0.9563097
安静的像头驴,0.9563097
彼时的碎月,0.9563097
翻斗花园屑老板,0.9563097
Messi12356,0.9563097
RTX1660Ti,0.9563097
安敖在摆烂,0.9563097
那咋了和你有什么关系,0.9563097
五代进之介,0.9563097
云溪不云惜,0.9563097
许晚睡,0.9563097
宇宙交通领航员,0.9563097
它它汁,0.9563097
寄人篱下的可怜鱼,0.9563097
HCN氢氰,0.9563097
寒瞳鹤影,0.9563097
Kong素问,0.9563097
新号啊啊啊哇哇哇,0.9563097
小小阿宅Erin,0.9563097
第11封来信,0.9563097
朱子雀,0.9563097
小鸡内裤。,0.9563097
野粿酸酸酸,0.9563097
Kiti_Cedar,0.9563097
青苔的晴天,0.9563097
武装蟑螂,0.9563097
良尘景,0.9563097
小唐跳,0.9563097
方邡埅,0.9563097
施绪无解,0.9563097
李子炖鱼,0.9563097
LaPluma987,0.9563097
纸春时,0.9563097
邹临,0.9563097
无痕迹影,0.9563097
怪奇界,0.9563097
扶山,0.9563097
药粟ys,0.9563097
始皇大弟,0.9563097
忍月愁,0.9563097
识货App,0.9563097
想睡大觉嘎嘎乱杀,0.9563097
052NOSORA,0.9563097
0号元素,0.9563097
10000MHz,0.9563097
鷇,0.9563097
愛白虎,0.9563097
守魂,0.9563097
慕思集团,0.9563097
1472615672,0.9563097
秋古羽,0.9563097
17th航,0.9563097
181边学习1边,0.9563097
1零二六,0.9563097
星陨之约,0.9563097
微笑掩饰了忧伤,0.9563097
焚风___,0.9563097
macnndcheese,0.9563097
长峰嗑技,0.9563097
麋失鹿,0.9563097
-精神丧失-,0.9563097
您的昵称包含低俗内容,0.9563097
赽泺熋尒,0.9563097
悟-wu,0.9563097
-BeYourself-,0.9563097
_兔叽果_,0.9563097
-Liseen-,0.9563097
冰烧冬_,0.9563097
猪郁桢桑,0.9563097
比目测丙鱼,0.9563097
-哲理的山路十八弯-,0.9563097
选择子午or弧矢,0.9563097
-天希,0.9563097
-小景呀,0.9563097
惟江上清风山间明月,0.9563097
黑夜禁锢,0.9563097
黑喵不吃罗非鱼,0.9563097
想一起吹海风,0.9563097
-桃课去看大明猩-,0.9563097
看那花多美,0.9563097
水色理,0.9563097
御坂6470,0.9563097
lili455,0.9563097
6funny6,0.9563097
Andy-西西弗,0.9563097
AnselSamson,0.9563097
A今晚大老虎,0.9563097
黎曼可积,0.9563097
猫猫吼可爱,0.9563097
青芒微_美女蛇小青,0.9563097
Celine不熬夜,0.9563097
Yuuuuuuuji,0.9563097
帕鲁狙击手,0.9563097
Coca_Fanta,0.9563097
职业躺平懒羊羊,0.9563097
ComEonL,0.9563097
离开以后醒着做梦,0.9563097
师傅菜菜又饿了,0.9563097
蓝莓味の小蛋糕,0.9563097
DA1R,0.9563097
DCZDHT,0.9563097
DJingxxx,0.9563097
DNA烘焙机,0.9563097
马星瞳说,0.9563097
弱弱的小汤汤,0.9563097
飞天xiu毛驴,0.9563097
马特2016,0.9563097
6干锅居,0.9563097
日匀子,0.9563097
待解救老司机,0.9563097
9FdusT,0.9563097
任归玄,0.9563097
齐市安格斯雪花牛肉,0.9563097
戟错啦,0.9563097
情迷加勒比233,0.9563097
蓝染白衣,0.9563097
飞影云z,0.9563097
病弱吐血总司酱,0.9563097
大梦成真,0.9563097
浣_,0.9563097
AadamBJ,0.9563097
我尼酱,0.9563097
Alay666,0.9563097
你的鱼小摆,0.9563097
Alex-A哥爱溜达,0.9563097
昏鸦派JT,0.9563097
兔子要发疯,0.9563097
S-I-C-K,0.9563097
晴不欢,0.9563097
中二kg,0.9563097
雾嘛噜,0.9563097
圆焰不拆不逆,0.9563097
星源2012,0.9563097
巴巴塔_w,0.9563097
失眠玖月十八蛋仔,0.9563097
音浪时光机,0.9563097
路人小涵,0.9563097
要素集成体,0.9563097
P_LS,0.9563097
OvOverlooked,0.9563097
Twinkle霆,0.9563097
Oasis09,0.9563097
身堅志殘的小林,0.9563097
JimsDesign,0.9563097
星尚故事汇,0.9563097
重逢别中二了,0.9563097
婪隹Benitoite,0.9563097
ROCKTIME2024,0.9563097
Steven5990,0.9563097
SHIFXJ,0.9563097
紫月岚,0.9563097
贰寻-,0.9563097
是时候改昵称了_,0.9563097
Romantic丶鬼刀,0.9563097
是安好先生,0.9563097
Sky风华雪月,0.9563097
F_eiuu,0.9563097
没名字这么搞,0.9563097
Refrain_it,0.9563097
姜ヅ王,0.9563097
晓美焰の老公,0.9563097
三三の九です,0.9563097
奈喜子,0.9563097
Sternstunde桉溟,0.9563097
NotrealRorschach,0.9563097
赵本山本山哈哈,0.9563097
Safaloers萨法,0.9563097
转生成核反应堆,0.9563097
爱喝冰镇绿豆汤,0.9563097
YesToday_阿润,0.9563097
大藤王,0.9563097
半机械蝴蝶k,0.9563097
西柚味的木璟花,0.9563097
静梧楌,0.95630634
东方逸夜,0.95630634
yh_24,0.956303
我是瘸子别踹我腿了,0.95624244
我是神人吗-,0.95624244
我是無名小卒,0.95624244
我是菜鸟-想寄就剂,0.95624244
我来看鬼畜的无聊,0.95624244
晓晓巫巫,0.95624244
洛泪溟,0.95624244
我是果冻啊怎么了,0.95624244
一个洛杉矶老司机,0.95624244
洛洛雨笙,0.95624244
我没有名字-_,0.95624244
艺天Showz,0.95624244
洛阳之夕,0.95624244
我的吹笛者,0.95624244
晏子羽,0.95624244
我的板QAQ,0.95624244
我的闲暇小憩,0.95624244
我约等于人,0.95624244
嘎巴菜米茶热干面,0.95624244
我练瑜伽自己吸,0.95624244
洛剑卡子,0.95624244
我要去只有萝莉的世界,0.95624244
我要巫妖王药丸,0.95624244
洌風,0.95624244
我要这么大脸有何用,0.95624244
我觉得杨桃,0.95624244
我是挽星a,0.95624244
O猫腻了鱼,0.95624244
洛雪璃灬,0.95624244
洞九幺九,0.95624244
浦田纯子,0.95624244
浅梣chen_,0.95624244
我才起床_,0.95624244
木琴不是木头,0.95624244
流萤尺间,0.95624244
流星宇之夜,0.95624244
流心苏酥,0.95624244
潇潇努力干,0.95624244
流年衫,0.95624244
我星廾,0.95624244
我是52饼干的狗,0.95624244
潘引壶的熊窝,0.95624244
木辛子16,0.95624244
未名DotNEF,0.95624244
未命名勇士,0.95624244
我是䨻,0.95624244
潜水羊羊,0.95624244
活在梦里的橙汐,0.95624244
我是一颗B站用户,0.95624244
未知实验体417号,0.95624244
我是初小晨,0.95624244
未知银,0.95624244
我是咬央,0.95624244
千树怜w_w,0.95624244
我是我觉得最好看的人,0.95624244
活体鲤鱼王,0.95624244
我鄂鄂,0.95624244
我负责膨胀你负责收缩,0.95624244
洋葱萝卜一生之敌,0.95624244
我问问撒手,0.95624244
没尝过社会的险恶,0.95624244
昼空之夜,0.95624244
本昵称需要消耗硬币,0.95624244
手机野人,0.95624244
没泡芙我会死的,0.95624244
扌览辰,0.95624244
没有道德的燕麦片,0.95624244
才不会偷吃芒果,0.95624244
恶鬼小诺,0.95624244
没有胖次的牛战士,0.95624244
才醒的,0.95624244
昵称没有饭香,0.95624244
没有美感的设计师,0.95624244
没有好看头像,0.95624244
扑朔呀,0.95624244
没走油的走油肉丶,0.95624244
没完没了不改了,0.95624244
打L的都是魔鬼,0.95624244
打酱油的丁,0.95624244
沞苜,0.95624244
沙雕动画完结,0.95624244
沙雕二氧化硅,0.95624244
朴基熊丶//////,0.95624244
扫你爸爸的头,0.95624244
十里春风十里送,0.95624244
沙漠二狗子,0.95624244
乌啦啦吧啦,0.95624244
机智的沙翎yu,0.95624244
沐雨知空音,0.95624244
SSS青,0.95624244
本心影视,0.95624244
我已不在梦也成空,0.95624244
法浅寒,0.95624244
泽然Zn,0.95624244
泼出去的儿纸嫁出去的水,0.95624244
泪桥雨落下,0.95624244
泥煤的昵称,0.95624244
波妞波弟,0.95624244
波奇酱-Bocchi,0.95624244
泡物线,0.95624244
悄悄亲清清,0.95624244
一般通过利伯塔里安,0.95624244
战意电竞丶红中,0.95624244
未见青山的居士,0.95624244
末始铃摇,0.95624244
战意电竞黑幻法爷,0.95624244
十一躺好,0.95624244
昼雨_Dayrain,0.95624244
法棍勇者手游废人,0.95624244
战神dream,0.95624244
战神之王帝皇,0.95624244
法师必须死,0.95624244
戚爱,0.95624244
房里有好康的Kon-,0.95624244
所谓烟雨之类,0.95624244
大梦想家小飞,0.95624244
泉泉-niki,0.95624244
手头西瓜,0.95624244
末酱不是酱,0.95624244
没错你真的卡了,0.95624244
本大爷不想取名字,0.95624244
我很简单23,0.95624244
月岛arl逗号,0.95624244
悠妍晓琳,0.95624244
小小冰块奶油,0.95624244
游淑女,0.95624244
游戏机制挺怪,0.95624244
想想可莉怎么炸鱼,0.95624244
想改名_,0.95624244
晴乄箜,0.95624244
有上进心的一只山竹,0.95624244
游戏F蛇,0.95624244
渲染流年似水,0.95624244
AF23986,0.95624244
愁草瘞花銘,0.95624244
最爱妮子兔,0.95624244
温良的嬷嬷123,0.95624244
普通的黄头发妹妹,0.95624244
温特尔森,0.95624244
源于朝露,0.95624244
普通的魔王,0.95624244
感谢地心引力,0.95624244
有画要说的Lindy,0.95624244
慕斯喲,0.95624244
悲伤忧郁马铃薯,0.95624244
有真心會掉眼淚丶,0.95624244
温柔姐姐恩雅,0.95624244
漠倾baaaaa,0.95624244
渡重洋,0.95624244
有股媚劲,0.95624244
漫步晴雨中,0.95624244
慕溶雨淅,0.95624244
渔夫移山,0.95624244
游韧攻略,0.95624244
漂弗不定,0.95624244
一拳哥哥,0.95624244
想去北极的企鹅_,0.95624244
满脑子可爱的Sherry,0.95624244
最美不过小白时,0.95624244
满山桃桃,0.95624244
暖小语,0.95624244
晴空四叶草,0.95624244
想依,0.95624244
滴哒滴辣,0.95624244
满分试卷加油_学习,0.95624244
想到再来告诉你,0.95624244
晴天上午,0.95624244
惜惜煜,0.95624244
悲傷の魚,0.95624244
悲伤的畸形香蕉,0.95624244
溯光丶,0.95624244
暗风游行穗,0.95624244
溪荷竹汐,0.95624244
是条滑光仔,0.95624244
月月兔牌口香糖,0.95624244
溪南亭,0.95624244
滹沱河c,0.95624244
源游梦,0.95624244
源宇宙3,0.95624244
想吃烤肉TT,0.95624244
想念有雪的地方,0.95624244
靖安司都尉中郎将,0.95624244
滿身泥濘,0.95624244
晴天Komorebi,0.95624244
月雨小号,0.95624244
清风归客725,0.95624244
皓月明空星辰大海,0.95624244
清蒸盐鱼,0.95624244
晚枫Jay,0.95624244
蔻蔻爱美丽,0.95624244
涤尘畅饮HCLO,0.95624244
我刚刚改了个名,0.95624244
涛昇pa,0.95624244
千屿白川,0.95624244
消费者热线,0.95624244
海野雲,0.95624244
木同言,0.95624244
沐轩璇,0.95624244
我可能是一只土豆,0.95624244
木心木杮,0.95624244
漾无航空B9742,0.95624244
我听着呢小基米,0.95624244
我喜欢煎蛋Juan,0.95624244
Szaskaite,0.95624244
漾漾爱吃西瓜,0.95624244
您巳急哭,0.95624244
木春青,0.95624244
木有名纸QAQ,0.95624244
海东青泽,0.95624244
木木夜丶,0.95624244
我在死海漂泊两千年,0.95624244
我好q1,0.95624244
浮尘寄雪,0.95624244
晓炙晨曦,0.95624244
瓶瓶的CX330航行日记,0.95624244
浩松陈,0.95624244
Badwoman-空眠,0.95624244
涼城以南,0.95624244
Singularity-24,0.95624244
期刊9,0.95624244
深夜种花的二哥,0.95624244
憨来书枉,0.95624244
暴走的EK,0.95624244
清玄叶一,0.95624244
您的云空间已满,0.95624244
晨思夜_00,0.95624244
有那么一丶意思,0.95624244
清晨van游戏,0.95624244
晚雲暮,0.95624244
成绩单又丢了,0.95624244
我_要_放_假,0.95624244
朔望月的回眸,0.95624244
我一定会懒得更地,0.95624244
清丫呀,0.95624244
以诺克之风,0.95624244
深蓝车友红茶,0.95624244
望惜夕,0.95624244
晚点听网易云,0.95624244
朝南墨,0.95624244
曹静淇,0.95624244
我予满穗,0.95624244
Akuei,0.95624244
我先占个id,0.95624244
您有事吗2018,0.95624244
深蒼Arc,0.95624244
朝哥家小朋友在线刷题,0.95624244
深海海草,0.95624244
深海利剑八一,0.95624244
木王大子,0.95624244
柚子胡椒磨成粉,0.95624244
昵称昵称昵称咪咪,0.95624244
林籽linz,0.95624244
梦见云逸,0.95624244
梦见紫棋出专辑,0.95624244
林野有余粮,0.95624244
星核律者,0.95624244
星海plus,0.95624244
亿个麻袋,0.95624244
林尘歌深,0.95624244
樂峖,0.95624244
林子Kily,0.95624244
枕鸯丞,0.95624244
极限上行,0.95624244
新世界与你,0.95624244
诸葛大捷豹,0.95624244
梦过程记录,0.95624244
新宇不太菜,0.95624244
林雨萱-SNL,0.95624244
新风秋月,0.95624244
果goo,0.95624244
星柒幺幺哒,0.95624244
方案公布,0.95624244
果粒澄ovo,0.95624244
果酱喵Mia,0.95624244
梦糖LoWH,0.95624244
枝菌格格,0.95624244
梚绘洢夭夭,0.95624244
旅途小呆,0.95624244
旋转妙脆角,0.95624244
无且无与无,0.95624244
无为的mr,0.95624244
梓米葉,0.95624244
漫无为,0.95624244
星赫逍遥,0.95624244
斯神小七,0.95624244
星野已死,0.95624244
棠梨泫,0.95624244
榝噠,0.95624244
楽空,0.95624244
散装达闻西,0.95624244
乌鱼蒸虾头_,0.95624244
春秋六霸王一公,0.95624244
楼上的你好,0.95624244
春生夏长空心菜,0.95624244
楚国有瑜,0.95624244
椰子糕314,0.95624244
春江水暖鲤先知,0.95624244
棱鲤,0.95624244
文文不玩了,0.95624244
森贵人,0.95624244
森森系sen,0.95624244
棒金银,0.95624244
番薯祖宗,0.95624244
棍母棍父一家亲,0.95624244
极客湾Geekelwan,0.95624244
文箜,0.95624244
棂鉴漴,0.95624244
文西答文西,0.95624244
春困丶夏乏,0.95624244
斑马亦未见,0.95624244
斑马鱼的星期六,0.95624244
梨子正在输入,0.95624244
梦里美子,0.95624244
星降る夜の星野,0.95624244
梦里美好的理想,0.95624244
断线_丶,0.95624244
斯教快扣他们分,0.95624244
无事小神仙Flyflyyyy,0.95624244
word富勤,0.95624244
无名祗,0.95624244
某科学的DeathNote,0.95624244
栗酱子喵,0.95624244
某个小花,0.95624244
栗悟饭和龟波功-tina,0.95624244
某人的门,0.95624244
时已过境迁,0.95624244
某可爱的梦酱,0.95624244
昔年酱阿,0.95624244
时的中,0.95624244
时间冰雪a,0.95624244
旺旺奥利给,0.95624244
旺汪旺碎冰冰,0.95624244
昂joy,0.95624244
栖栖www,0.95624244
树霖Zeyne,0.95624244
易铵盐,0.95624244
星之役,0.95624244
柑橘羅勒,0.95624244
树懒懒得出奇,0.95624244
明日香未官宣男友,0.95624244
柴七小高,0.95624244
柳如墨,0.95624244
明明如楽,0.95624244
柳之之枝,0.95624244
柳_梦璃,0.95624244
柯昶枫27,0.95624244
柯博文马格斯,0.95624244
易散,0.95624244
柒喜Q1,0.95624244
柔情小涩狼,0.95624244
查无此猪咪网友,0.95624244
时光海里的重症患者,0.95624244
星冬青,0.95624244
无处不在的morse,0.95624244
桔子的各种日常,0.95624244
无敌真寂寞9900,0.95624244
无朋workdead,0.95624244
无根水呀,0.95624244
撑伞共此时,0.95624244
NH会长,0.95624244
星期八逃离地球,0.95624244
梅狸猫教头,0.95624244
桔酱白斩鸡,0.95624244
无聊就睡觉333,0.95624244
星月观云,0.95624244
海恩文森特戴尔,0.95624244
桔羽糖,0.95624244
星星月亮的搬运工,0.95624244
loveJY飘渺,0.95624244
无语的蛤蟆,0.95624244
某不知名散修S,0.95624244
枣巳波,0.95624244
日出可是不等人的kkk,0.95624244
桑尼老师丶,0.95624244
桐酒てつあき,0.95624244
枫叶Zing,0.95624244
某M先生,0.95624244
星如雨-_,0.95624244
日常_____,0.95624244
桂哥梦想笑了,0.95624244
旧事重提y,0.95624244
格格明天更美好,0.95624244
早点柿做,0.95624244
时久觉,0.95624244
时光旅行者-114514,0.95624244
昭の杂货铺,0.95624244
松本奈奈美,0.95624244
昵称已被占用45823,0.95624244
挥手道别思君,0.95624244
永恒的近视眼,0.95624244
接yrh超绝事业运,0.95624244
据说没有bug,0.95624244
换方位的岱泽,0.95624244
李总同学-,0.95624244
捂猩上酱,0.95624244
拿皇与法兰西,0.95624244
散步不需要伴侣,0.95624244
拥有惊世智慧的钟表头,0.95624244
拔罐男模の甜美爱情,0.95624244
拔剑问心95,0.95624244
永恒轮回转寿司,0.95624244
拓海-ovo,0.95624244
汀羽在听雨,0.95624244
子非涵菲子,0.95624244
Jioautumn_,0.95624244
永恒痕星,0.95624244
永世爱雷姆,0.95624244
李晴天win,0.95624244
氵比冫淡,0.95624244
仗助老师,0.95624244
搖滾弦,0.95624244
水默cp最无敌,0.95624244
水镜影,0.95624244
搪瓷starry,0.95624244
水里没有猫哇,0.95624244
摆烂之水,0.95624244
水遁-雾隐之术,0.95624244
水花sunshine,0.95624244
摇摇又滚滚,0.95624244
水爅梧桐,0.95624244
汉堡包emn,0.95624244
汝羌,0.95624244
李大犬,0.95624244
夏日腥,0.95624244
是雨落樱本人,0.95624244
沉穆乌云-十六月圆,0.95624244
机智詹詹,0.95624244
沉着冷静咪,0.95624244
沈朝溪,0.95624244
杀老师bulibuli,0.95624244
沃部诗人,0.95624244
柠檬茶先森,0.95624244
杂烩煎鱼,0.95624244
扶老太太闯红灯----,0.95624244
是红中啊,0.95624244
是澪不是零啦,0.95624244
把王杰希拐回家,0.95624244
把玫瑰叫成你的名字,0.95624244
护一只知更鸟,0.95624244
江海涛的江清漓,0.95624244
披萨小圆子,0.95624244
李不李猫啊,0.95624244
沁颉,0.95624244
汪淼队长,0.95624244
抱走枫妹,0.95624244
抵达了他忠实的B站,0.95624244
拉-乌,0.95624244
李光洙李先彬,0.95624244
池中子,0.95624244
江韵宋瞳,0.95624244
拒绝周董三次,0.95624244
李君渡,0.95624244
江边马子,0.95624244
江湖憨包,0.95624244
李知恩哎呦好美,0.95624244
水無月梨花,0.95624244
水木清华-Jerry,0.95624244
橡皮战服,0.95624244
杞正海,0.95624244
来点猫毛吗,0.95624244
東門702,0.95624244
是太极而不是太急,0.95624244
正义的怒吼,0.95624244
正义de蓝白,0.95624244
撕辰,0.95624244
正一丶张之维,0.95624244
欢言乐,0.95624244
擎苍挽弓,0.95624244
欠揍调音师,0.95624244
改个昵称真的好烦啊,0.95624244
欠揍の仓鼠,0.95624244
改名要花六个bi,0.95624244
橙子OAG,0.95624244
正是江南好风景Q,0.95624244
橘荷白菓,0.95624244
改咕,0.95624244
改头换面天选之人,0.95624244
故-我,0.95624244
故李云卷云舒,0.95624244
故零十一,0.95624244
橘子猫不是猫,0.95624244
橘子汽水欧尼,0.95624244
橘味龙猫王,0.95624244
樹石桑,0.95624244
樱落风语,0.95624244
散华··礼弥,0.95624244
是只羊咪,0.95624244
樱庭未晴,0.95624244
正仝口,0.95624244
正版白如苏,0.95624244
是日星TodayStar,0.95624244
摔东西的小老鼠,0.95624244
水星鱼suiseifish,0.95624244
花镇骄,0.95624244
是小结丫,0.95624244
水华月彩,0.95624244
水也SkyPond,0.95624244
水g-,0.95624244
CarterstayTuned,0.95624244
氪两块钱的肝帝,0.95624244
氨百LJ-,0.95624244
摇铃衬,0.95624244
比企谷八番队,0.95624244
每天长高半厘米,0.95624244
殺風景,0.95624244
殪遙,0.95624244
残荷败竹,0.95624244
撒野O_o,0.95624244
残翼祭,0.95624244
库库乱造,0.95624244
残心love,0.95624244
歪比巴布不是歪比巴卜,0.95624244
武林萌主14,0.95624244
武帝指点十万军,0.95624244
摞纸盒,0.95624244
打车斯巴鲁,0.95624244
武帝万岁,0.95624244
摸鱼摸鱼-w-,0.95624244
步川羽衣,0.95624244
杜小慷_com,0.95624244
此地无休三百斤,0.95624244
正经的冷淡,0.95624244
摸鱼D,0.95624244
----Ezreal----,0.95624244
层层awa,0.95624244
这个世界贼傲娇,0.95624244
辛普_祯,0.95624244
辞旧先生-,0.95624244
辰CXN,0.95624244
辰子昂-BG4MAX,0.95624244
辰星SAMA桑,0.95624244
辰睡时刻ASMR,0.95624244
近余菌,0.95624244
还在抽传统香烟,0.95624244
还是打不出字,0.95624244
这一炮以示主权,0.95624244
这个人很能活,0.95624244
乔瑟ジョゼ,0.95624244
这个杀手是只羊,0.95624244
这是一个好good的名字,0.95624244
这是何物哇,0.95624244
这沙U子呀,0.95624244
这白很云_云白,0.95624244
这里是麒麟啦,0.95624244
进击の技术宅,0.95624244
连吃五碗米饭,0.95624244
连山黛_Eleven,0.95624244
述麓,0.95624244
辛弃疾_yyds,0.95624244
轻软的有关系,0.95624244
软糖好吃吗讨厌世界版,0.95624244
转角巷子里的猫,0.95624244
超大号的柠檬,0.95624244
超文艺技术宅,0.95624244
超无限Superstorm,0.95624244
超爱鸡丝凉面,0.95624244
超级人参哟,0.95624244
超级芒小果,0.95624244
超级馅饼大盗,0.95624244
超级鹅鹅花,0.95624244
超超超要努力吖,0.95624244
超高校级的茶理,0.95624244
越予歌,0.95624244
越供但共,0.95624244
跛浪,0.95624244
路任甲甲甲,0.95624244
路痴嘟嘟鱼,0.95624244
路西法ym,0.95624244
路飞双修的游戏佬,0.95624244
蹦齐恰卡,0.95624244
躺平-柠檬,0.95624244
躺平猫猫吖,0.95624244
转接线1226,0.95624244
迷之歌,0.95624244
九时烛,0.95624244
钛白涂,0.95624244
重拾_星光,0.95624244
郲LAI,0.95624244
酒場レーダー,0.95624244
酒茱萸醉酒,0.95624244
酥酥TAN,0.95624244
M3rcuryzz,0.95624244
酷吗酱,0.95624244
醉仙乄肝爆,0.95624244
醉里挑灯做梦,0.95624244
釅Y,0.95624244
采菊不成采了个滚木,0.95624244
孤独丶吃喝玩乐,0.95624244
日暮奔赴,0.95624244
野靍,0.95624244
bl_box,0.95624244
一只谷人-Guren,0.95624244
夜鹿的不解之谜,0.95624244
金越茬冶,0.95624244
金開閉羅巧夢,0.95624244
金鱼rrr,0.95624244
銀河鉄道の企鹅,0.95624244
銄钖呀,0.95624244
鎏謃獄,0.95624244
郭郭1012,0.95624244
飘子和阿飘不认识,0.95624244
郭zt,0.95624244
郑茶色,0.95624244
迷人的骨折眉毛,0.95624244
迷茫的寻路者,0.95624244
追忆黄昏,0.95624244
追梦少年张三,0.95624244
逆光丶追影,0.95624244
逆风的散羽,0.95624244
逍遥一朵小毒花,0.95624244
逍遥风ShiaoYao,0.95624244
進撃のJAVA,0.95624244
逸云隐鹤,0.95624244
遇事不决_君子不救,0.95624244
邀祈百千年之约,0.95624244
那就这样吧人类,0.95624244
就叫小蛐蛐,0.95624244
那是我的铜锣烧,0.95624244
那边那个星星酱,0.95624244
木对啃,0.95624244
邵九璃,0.95624244
郁郁林中树丶,0.95624244
郁闷的豌豆,0.95624244
郑小桁想升6级号,0.95624244
起个名字也太难啦,0.95624244
赵小泉儿,0.95624244
走召走召走戉走戉,0.95624244
螃螃是杯不呐呐,0.95624244
虚界锚,0.95624244
虚空番茄,0.95624244
虫枼丶,0.95624244
蚂蚁遛个弯,0.95624244
蚌埠代言人,0.95624244
蛙野仙人,0.95624244
蛤蟆先生抑郁了,0.95624244
蜜栗团,0.95624244
蜜梨啵,0.95624244
蜥蜴是内个,0.95624244
螺瓷姑,0.95624244
赛鸽不是电动车,0.95624244
行破,0.95624244
衰气的船只,0.95624244
搞机推荐官,0.95624244
被坑弟弄出悲催情怀,0.95624244
被空气绊倒,0.95624244
装修小思妹,0.95624244
栀无限,0.95624244
褡包Q,0.95624244
西伯利亚哒仓鼠,0.95624244
西条七海遠花火,0.95624244
虔洄,0.95624244
不见星空不回家,0.95624244
藕丙不是Orange,0.95624244
藍海獭,0.95624244
蓝颜_知已,0.95624244
ZEX泽曦,0.95624244
蓝鹰小旋,0.95624244
蓦然如风,0.95624244
蓬松女士,0.95624244
蔚过留痕,0.95624244
蔻德n,0.95624244
蕴漾,0.95624244
蕾姆-22,0.95624244
薄荷薄荷要开花,0.95624244
薇儿Tracy,0.95624244
深渊教教主,0.95624244
薇薇安-薇薇安,0.95624244
薛佑蛋,0.95624244
mendr,0.95624244
薛定谔与阿猫阿狗,0.95624244
御前带指甲刀侍卫,0.95624244
薛定谔的萱,0.95624244
薜饵小狐狸,0.95624244
薯条工作站,0.95624244
薯片味的彩虹,0.95624244
西瓜奶酪棒冰,0.95624244
西瓜瓜g丶,0.95624244
西红奇柿,0.95624244
说来说去是童话,0.95624244
请叫我蓝神-,0.95624244
请点击输入文字和文本,0.95624244
请督促我变成学习大咖,0.95624244
诺诺想吃掉,0.95624244
读着倒要字名123,0.95624244
月光尼龙,0.95624244
谁枫,0.95624244
谷祇,0.95624244
豆本豆豆糕_,0.95624244
卡卡贞,0.95624244
豆豆栀子,0.95624244
贝拉的晃悠悠,0.95624244
账号2389168,0.95624244
贰仇,0.95624244
贰次类人元,0.95624244
贰陆难取名,0.95624244
贺虞yuu,0.95624244
贾斯汀jjj,0.95624244
赎罪漫馆,0.95624244
赛克斯比克_Saxbik,0.95624244
赛博报丧人,0.95624244
请原地结婚__,0.95624244
说好的幸福哈,0.95624244
西西huuu,0.95624244
下北沢の大天使ちゃん,0.95624244
清朝第一机枪手,0.95624244
西郭浩然,0.95624244
要十字的名字才能过吗,0.95624244
要搬砖吗一元一块,0.95624244
覃诗00,0.95624244
觉觉觉觉觉晓,0.95624244
觉醒之石,0.95624244
角逗斯,0.95624244
解压主理人,0.95624244
言浔还在,0.95624244
言灵枫滞,0.95624244
記憶丶永葆童心,0.95624244
訫梦ing,0.95624244
誰よりきっと,0.95624244
计算叽,0.95624244
让人喜的小熊,0.95624244
让我猜猜康,0.95624244
记住这棵树,0.95624244
记得多喝水___,0.95624244
记忆的碎片96,0.95624244
诗酒XD,0.95624244
钇钠呀,0.95624244
钟二病ng,0.95624244
摸不着的叶子,0.95624244
马子孤单单,0.95624244
飞舞鲤鱼王,0.95624244
MommmXY,0.95624244
飞船脏脏,0.95624244
飞花泪痕,0.95624244
飯糰貓咯,0.95624244
饕餮小龙虾,0.95624244
饭大团团团,0.95624244
饭平安,0.95624244
饿啦就吃肉,0.95624244
香辣-牛油果_,0.95624244
马小战,0.95624244
织羽姬,0.95624244
马罕默德,0.95624244
马达怪侠,0.95624244
马首富B站拉票员,0.95624244
驰名的帅章鱼,0.95624244
骑士打,0.95624244
骰子大乱斗,0.95624244
歪儿一,0.95624244
高贵的土嗨,0.95624244
高风险玩家,0.95624244
魅族科技官方旗舰店,0.95624244
飘在太空中的风信子,0.95624244
风韵犹存的三婚宝妈,0.95624244
风起亦见我,0.95624244
风正天,0.95624244
青橙-C,0.95624244
青空の小雲,0.95624244
一颗星的夜゛,0.95624244
青絮咩咩,0.95624244
青葉蘋果,0.95624244
青鲤戏石,0.95624244
青龙岁暮,0.95624244
静静、的雪,0.95624244
面条爱喝AD钙,0.95624244
韦泠峰,0.95624244
音乐剧小白,0.95624244
顶级独角兽,0.95624244
顶级老婆厨,0.95624244
预制壬,0.95624244
颜控的王道,0.95624244
颜星糖,0.95624244
颠疯召唤石,0.95624244
风吹海空,0.95624244
魚鱼渔虞榆,0.95624244
风好大的雨QAQ,0.95624244
风托起一片树叶,0.95624244
魔术师的自画像,0.95624244
魔法Gigi,0.95624244
钢纲寄灵电影L_鋒-27,0.95624244
黑绘澪,0.95624244
麻蛋起个名字还要试半天,0.95624244
麻酱鸡架,0.95624244
麻麻木马嘛,0.95624244
黎明后的白昼,0.95624244
黑塔塔别刮啦,0.95624244
黑岩JIN,0.95624244
黑川茜就是我的爱,0.95624244
黑白支配者,0.95624244
黑白猫诶,0.95624244
黑篙,0.95624244
黑芝麻蛋黄酱,0.95624244
魔物小囧,0.95624244
黑虎18,0.95624244
黑蛋炒饭,0.95624244
黑鳶,0.95624244
鼠linta鸽鸽,0.95624244
鼹鼠会挖洞,0.95624244
鼻梁勇者,0.95624244
龍檀L,0.95624244
龍鬿鬼,0.95624244
龘齾亹齉邉鬮麤櫜,0.95624244
龙抬钰鼍,0.95624244
麻烦让我去study,0.95624244
麦小鼠日记,0.95624244
麦克的贴身高手,0.95624244
鹿柯爱米fltq,0.95624244
鱼学长啊,0.95624244
鱼尾鳍轻微晕,0.95624244
鱼森-,0.95624244
鱼渔魚鱼渔魚,0.95624244
浅忆空野,0.95624244
鱼糜Yomi,0.95624244
鱼鱼凌凌子,0.95624244
鲍灵均,0.95624244
鲨鲨鲨什么,0.95624244
鲸也会搁浅,0.95624244
鲸惊景静经,0.95624244
鳄鱼会出现,0.95624244
鳐-Yao,0.95624244
鳙鳙鱼_,0.95624244
鸭梨柿多的,0.95624244
鸽神死体,0.95624244
鹅鹅鹅T0T,0.95624244
鹤04,0.95624244
鹤媆,0.95624244
鹰头猫lll,0.95624244
鹿克夏大结巴,0.95624244
青梦古灵,0.95624244
青岚之后-,0.95624244
虾子笼子,0.95624244
阿址今天唱歌了吗,0.95624244
问问号号号号号,0.95624244
闲逛的卤蛋,0.95624244
闻人雾尘,0.95624244
阐述N的梦,0.95624244
防控眼镜,0.95624244
阳陈林,0.95624244
阿勒个基米德,0.95624244
阿南6997,0.95624244
阿吧啦吧波叭,0.95624244
阿呆是我的,0.95624244
阿堃堃堃堃堃,0.95624244
青丝暮snow,0.95624244
阿拉斯加牛蛆,0.95624244
阿政114514,0.95624244
阿斑TTT,0.95624244
阿柳不六,0.95624244
阿浑_Moon,0.95624244
路过の沢田纲吉,0.95624244
阿火丁,0.95624244
阿烟炒鸡帅,0.95624244
阿狄亚塔尔蔬果商,0.95624244
阿琪_-_,0.95624244
问酉,0.95624244
羽次郎奥特曼,0.95624244
问思_,0.95624244
闪光彰人姐,0.95624244
钱树小画家,0.95624244
铁达尼号的时候,0.95624244
铁锅逇大迗,0.95624244
铃可Link,0.95624244
铭仔来也,0.95624244
银河霓虹,0.95624244
锁弱点是gay,0.95624244
忽晚yc,0.95624244
锄禾2399,0.95624244
AdY一天,0.95624244
键盘侠是砖家吗,0.95624244
镹歧,0.95624244
长日浮世,0.95624244
长木椅下有只猫,0.95624244
azhehe_米泽,0.95624244
长河清-辽海阔,0.95624244
跬志,0.95624244
长满青苔的木头,0.95624244
长白山楂花,0.95624244
长飞不度,0.95624244
门夹过的核桃吃了脑子还好吗,0.95624244
彬彬有礼的宾宾,0.95624244
阿瓦隆啃麻瓜,0.95624244
阿秋不想打喷嚏,0.95624244
雪上奏,0.95624244
雪天的绿森林,0.95624244
雪染红装,0.95624244
风沙温存,0.95624244
雪花cbb,0.95624244
雪花冰寒,0.95624244
雪野风铃奈,0.95624244
雪霁梦疏香,0.95624244
雪颜梦妖狐,0.95624244
深渊星晨happy,0.95624244
零上低温_,0.95624244
零戚幺,0.95624244
雷伊纳Riena,0.95624244
球球的大可爱,0.95624244
雷伊队长,0.95624244
雷欧力欧力,0.95624244
雾切苗木,0.95624244
雾晚柒,0.95624244
需同步学同步,0.95624244
霖渊4926,0.95624244
青一呢,0.95624244
青与知更鸟,0.95624244
雪中寒客falling,0.95624244
雪ノ下yukino1,0.95624244
阿莱说哈皮是英语天才,0.95624244
雨辰QAQ,0.95624244
阿蝎罗,0.95624244
阿酋RC,0.95624244
阿酶米娅,0.95624244
陈小二-_-6,0.95624244
陌星沉潇,0.95624244
陌生小狗,0.95624244
限量版惠面,0.95624244
院长啪啪,0.95624244
除妖师珊瑚,0.95624244
陽树咩,0.95624244
随缘梦羽,0.95624244
随风入墨,0.95624244
隐绅状态,0.95624244
隐身窃零食,0.95624244
雨天好读书,0.95624244
雨滴iii,0.95624244
雨笙ivi,0.95624244
雨色蔓延,0.95624244
雨萤moonlight,0.95624244
雨落ノ,0.95624244
雨落长安夜l,0.95624244
蓝阳仔,0.95624244
蓝莓山药要尿尿,0.95624244
蓝色林木,0.95624244
白开水号河,0.95624244
疏影流金,0.95624244
疯子1040,0.95624244
疯狂的阿孜猫,0.95624244
針不綽,0.95624244
瘦月疲夜,0.95624244
癫猫Crazy_Cat,0.95624244
白予诗-,0.95624244
白云飘的好敷衍,0.95624244
白哔哩,0.95624244
白嫖怪2025,0.95624244
白弓米弓粥粥,0.95624244
白虎山居士,0.95624244
白泽冰bling,0.95624244
白琳bailin白,0.95624244
白白大闹小卖部,0.95624244
白白白白盖,0.95624244
白白蒙,0.95624244
白百心百灵,0.95624244
白米东,0.95624244
白羊YHCC,0.95624244
白色天空之下,0.95624244
白芷江淮竹,0.95624244
番茄CrystalVibes,0.95624244
略略略哎呀好气啊,0.95624244
略略略-547,0.95624244
画心还,0.95624244
珍珠翡翠白钰粥,0.95624244
理想是成为上帝,0.95624244
喵彑菌,0.95624244
琉璃若梦丶,0.95624244
琥珀炸鸡啊,0.95624244
琳奥森,0.95624244
琴心灬霓裳舞,0.95624244
瑪奇瑪灬,0.95624244
璃奈板板rin,0.95624244
一位注定成王的骑士,0.95624244
璎泠,0.95624244
瓏一,0.95624244
瓦尔登湖水怪,0.95624244
瓷砖电视,0.95624244
海镜尧,0.95624244
甜君大人,0.95624244
甜梦风breeze,0.95624244
生冰的冰人,0.95624244
田所浩-1919810,0.95624244
由纪Yukisnow,0.95624244
申承焱,0.95624244
白蒲水烧,0.95624244
白衣渡江丿,0.95624244
蓝色婷妮,0.95624244
祖安再逃看门老太太,0.95624244
碰壁碎冰当啷响,0.95624244
碳二氢六氧,0.95624244
碳化硅猫silicon,0.95624244
礼声闻未艾,0.95624244
社恐人永不言败,0.95624244
社椒牛柳,0.95624244
祁䌾,0.95624244
祈司喵,0.95624244
祈愿_KL_,0.95624244
祈鸢Iris,0.95624244
恰逢小雪绵绵,0.95624244
百变的男桑,0.95624244
神仙马老六,0.95624244
神圣小黑猫,0.95624244
看到学习请叫学习去我,0.95624244
神奇小猪搞笑集,0.95624244
神奇的小H,0.95624244
神棍喵大师,0.95624244
神様かみぃさま,0.95624244
神秘的旅行者O_o,0.95624244
神秘眼镜猫头鹰,0.95624244
神秘醉步男,0.95624244
石头见到-布,0.95624244
短尾鹊,0.95624244
知秋繁星,0.95624244
知名TACOS鉴赏家,0.95624244
皆有各自的月亮,0.95624244
皮皮的油豆泡,0.95624244
盐水发生,0.95624244
盟钴上单,0.95624244
直升机器,0.95624244
相信光y,0.95624244
平凡friend,0.95624244
相嬗于无尽,0.95624244
相隔距离是次元,0.95624244
看到我名字的欧气满满,0.95624244
看起来有猫病,0.95624244
真主three,0.95624244
真理与酱油号,0.95624244
眠雾_乐,0.95624244
眷霜天,0.95624244
眼睛不太舒服,0.95624244
睎光,0.95624244
睡不醒的奶糕,0.95624244
督导提醒,0.95624244
瞎元,0.95624244
瞎学的疏忽,0.95624244
珊珊chily,0.95624244
玩偶Hongkong_Doll,0.95624244
玗藴,0.95624244
爆抽劳王,0.95624244
焦小梅琳娜,0.95624244
焦脆鲨,0.95624244
焱垚焱垚3456,0.95624244
照见未来,0.95624244
煮马鱼_别念ID求求,0.95624244
熊大shine,0.95624244
燃近,0.95624244
偏执藤壶,0.95624244
燕归环,0.95624244
燮蹀攀援,0.95624244
万能の奇奇,0.95624244
王末--末终,0.95624244
爆炸小刺根,0.95624244
爱兰德尔红豆泥,0.95624244
爱兴奋的米老鼠,0.95624244
爱冰哦,0.95624244
神刀现,0.95624244
爱吃松松面包的松松子,0.95624244
爱吃柠檬嘞,0.95624244
爱吃老王的鼻涕,0.95624244
爱吃莫迪的饼干,0.95624244
爱喝柚子茶喵,0.95624244
焠弦,0.95624244
焚心千劫,0.95624244
焖鸡兄,0.95624244
热风真香,0.95624244
林沛行,0.95624244
潮汐监狱的王,0.95624244
磊菌4T,0.95624244
潮自信,0.95624244
澄清的生石灰,0.95624244
澪雅QAQ,0.95624244
火乐菌,0.95624244
火次1,0.95624244
火锅年年不要钱,0.95624244
灰浅冈,0.95624244
灰色森灵,0.95624244
灵活的月半子77,0.95624244
灵辄辄,0.95624244
炎宇t,0.95624244
炜呀,0.95624244
炸天箫炎,0.95624244
点点の时光,0.95624244
点赞的事情怎么算白,0.95624244
烈阳男子重度依赖,0.95624244
烊烊深度睡眠中,0.95624244
烨汁冻,0.95624244
爱喝胰岛素,0.95624244
爱好是洗澡,0.95624244
爱学习的老贝贝,0.95624244
狗子小恶是也,0.95624244
狗都不当研究牲,0.95624244
狭狗,0.95624244
无敌的海蛇,0.95624244
狮心人A,0.95624244
狮王冰冰,0.95624244
狸猫_M_,0.95624244
发霉的记录,0.95624244
狼的追随者,0.95624244
狼蛛键盘垃圾做工,0.95624244
猛Do,0.95624244
猪偶偶偶,0.95624244
钢牙杨,0.95624244
猫团在画本,0.95624244
猫妖拦路打劫交出欧气,0.95624244
猫猫gy,0.95624244
猫猫叹气__,0.95624244
猫猫爱薯片,0.95624244
猫脑袋鹰,0.95624244
猫跑得比你快,0.95624244
王徵羽iiwi_,0.95624244
王木木_IHIL,0.95624244
狗狗的辅助手枪,0.95624244
狗头砖家,0.95624244
爱思考的音乐任,0.95624244
狗与弟的日常,0.95624244
爱慕砂紫,0.95624244
爱打玻璃胶,0.95624244
爱斯基摩土著人,0.95624244
爱普泰克网易拍DV8600,0.95624244
爱玩gal的ID,0.95624244
爱笑的chen同学,0.95624244
爱笑的尸体,0.95624244
爱笑的枫,0.95624244
爱路的洗切兵,0.95624244
爷永远喜欢JK触发器,0.95624244
牛汤的幻想,0.95624244
牛牛娃呀,0.95624244
牛魔王元元,0.95624244
牢吴鸭,0.95624244
牢大牢二肘法信仰玩家,0.95624244
牧牡大魔王,0.95624244
撰,0.95624244
周一好困困困,0.95624244
犯困的爱德华,0.95624244
狂岚不息,0.95624244
狂飙1号639,0.95624244
神级HC,0.95624244
神里只因,0.95624244
bili_41564694824,0.95624244
芋泥bobo奶茶10086,0.95624244
與貳煕,0.95624244
舍車shegy,0.95624244
航zyh_,0.95624244
艸花椒的喵酱,0.95624244
艾伦只爱自由,0.95624244
艾尔西荅,0.95624244
艾拉凫鱼,0.95624244
艾斯家的喵喵,0.95624244
艾瑞婵娅,0.95624244
艾育黎拔力八达,0.95624244
芋粥唱晚,0.95624244
8012大当家,0.95624244
芒果mg果,0.95624244
莫克雷德,0.95624244
芙宁娜の佩佩,0.95624244
芝麻烩TOAST,0.95624244
竹染580,0.95624244
花化四月,0.95624244
花椒味儿相柳,0.95624244
花生3号,0.95624244
花生酱喂,0.95624244
花糖有多甜,0.95624244
致敬清掘宗,0.95624244
至夏Aurora,0.95624244
54131254,0.95624244
至仁至善至高至强-,0.95624244
秋水伊人186,0.95624244
老A阿,0.95624244
老六之皇,0.95624244
老弥hyhx,0.95624244
海沐燕,0.95624244
老酸檬,0.95624244
耿直的鱼丸,0.95624244
联合利华中国,0.95624244
聪明の焕式,0.95624244
肉揪揪肉肉,0.95624244
肥脸兔子,0.95624244
背景人路人丁,0.95624244
胖乎乎的金毛,0.95624244
胖虎起飞,0.95624244
胡义库保,0.95624244
胡尔魔辉,0.95624244
脑干失想史,0.95624244
脑洞之巅,0.95624244
脸皮真疼,0.95624244
臣妾百口莫辩_,0.95624244
自由海风mushroom,0.95624244
花草橘子,0.95624244
苏既白-,0.95624244
苏润就叫苏润,0.95624244
菜鸟就是小菜鸟,0.95624244
華里河,0.95624244
萌山海,0.95624244
萌渣炸,0.95624244
萌特娇圈,0.95624244
萌球之星,0.95624244
萝卜酥哦,0.95624244
萨沙不会死,0.95624244
幻小翼,0.95624244
落喀lokka,0.95624244
落日入东海,0.95624244
落花如簇,0.95624244
落菓菓,0.95624244
董小姐是暖妹,0.95624244
董角田2778,0.95624244
葵奎是你一爹,0.95624244
蒋在野,0.95624244
蓄谋已久啊,0.95624244
蓝小兰丶,0.95624244
蓝星诗,0.95624244
Larutan-,0.95624244
蓝桉是一中的蓝,0.95624244
菠萝不吃密,0.95624244
菊然是令耶,0.95624244
苑来卉这样,0.95624244
莲花楼下留兰花,0.95624244
若樱roling,0.95624244
若逗道人,0.95624244
苯SY-冖冖子,0.95624244
苹果派321,0.95624244
范德彪秀念,0.95624244
茉茗YT,0.95624244
茉莉momo627,0.95624244
茜が散り残るを,0.95624244
茨威格死于昨日世界-,0.95624244
茶几上的杯具与餐具,0.95624244
茶餐厅在逃夜宵,0.95624244
草莓秋千-,0.95624244
荒野乱斗赵小R,0.95624244
隐形的伙计,0.95624244
药泥在这烧包,0.95624244
莆田神雕大侠,0.95624244
莎士比亚迪迦,0.95624244
莓果炒鸡大饼,0.95624244
莱茵钢化膜,0.95624244
莱韫_spring,0.95624244
莲业XZ,0.95624244
翎青盼水,0.95624244
美绫子,0.95624244
福禄桐生,0.95624244
笔电冷却攻城狮,0.95624244
窗外珠箔窗里月悬,0.95624244
窝在哪里啊,0.95624244
窝才是老大,0.95624244
白日幻想家甜长,0.95624244
窝西答辩罐头,0.95624244
立青家里没矿,0.95624244
竹林一风,0.95624244
竹筠丶,0.95624244
竹马lio,0.95624244
笑也算时间哦,0.95624244
笙樂家,0.95624244
美男子派大星,0.95624244
等待鸡年,0.95624244
筛芒,0.95624244
筠濨,0.95624244
简帙,0.95624244
箱穗,0.95624244
米凹米奥,0.95624244
米奇妙妙屋159,0.95624244
米寳寳,0.95624244
米糖ovo,0.95624244
潇逸z_,0.95624244
窗外一,0.95624244
空青法木,0.95624244
空空淡淡,0.95624244
嬴阕,0.95624244
禹昼初欣95,0.95624244
禹逍遥,0.95624244
秉烛夜游Ⅱ,0.95624244
秋日の祭,0.95624244
秋氤夏氲,0.95624244
秋沐楠,0.95624244
秋澜秋岚,0.95624244
科幻君,0.95624244
Xetag,0.95624244
暗码编号24,0.95624244
秦岭亚非不是梦天玲雅,0.95624244
秦川一叶舟,0.95624244
秩序之光合作用,0.95624244
称之奇迹,0.95624244
移舟七星,0.95624244
種花兔,0.95624244
稳得一zz,0.95624244
穆小泠0fficia1,0.95624244
空想大梦,0.95624244
空洞惑星,0.95624244
空灵-Ethereal,0.95624244
米缸边缘的思考者,0.95624244
粉红大蝠鲼,0.95624244
粉色LJJ,0.95624244
纳格夏洛克福尔摩斯,0.95624244
纸羊papersheep,0.95624244
纸飞机papl,0.95624244
funchy-y,0.95624244
终不似少年游xx,0.95624244
终究宿命一塲,0.95624244
绘一帧江山画,0.95624244
绘梦星游,0.95624244
给你变成小傻子,0.95624244
老板来碗卤蛋,0.95624244
绝顶豆腐块,0.95624244
绮梦纸缘霭,0.95624244
绯兀兀兀,0.95624244
绳索的主人,0.95624244
绿瓜三明治Command,0.95624244
绿眼珠子HuaHua,0.95624244
缄言3636,0.95624244
缥缈孤鸿_,0.95624244
罗二狗_,0.95624244
罗卜林卡,0.95624244
羊羊家的观影树屋,0.95624244
美猴王王女士,0.95624244
纷沓江道,0.95624244
纯粹牙牙,0.95624244
糖什亓,0.95624244
纯爱牛头人MAX,0.95624244
糖糖和墩墩,0.95624244
系wawa,0.95624244
XAINGg,0.95624244
系统审核通知,0.95624244
我是广东人,0.95624244
紀ー,0.95624244
T-D-Lemon丶1900,0.95624244
紅い瞳に,0.95624244
紙神かみ,0.95624244
素素0513,0.95624244
索夜雨烦,0.95624244
紫夜鎏金,0.95624244
紫禁电慢CestmoiJzANG,0.95624244
紫筱Sa,0.95624244
紫色系大风车,0.95624244
紫轩雪蝶,0.95624244
繁星有名,0.95624244
红神冰可乐,0.95624244
Dr-Loom,0.95624244
纪纪纪纪纪华,0.95624244
纯情小狗我的爱,0.95624244
祝水秋叶,0.95624244
罐装史莱姆,0.95624244
恭迎小滢殿下,0.95624244
jelly_powder,0.95624244
huhu霖,0.95624244
ifuuuaa,0.95624244
一个人的晚餐ya,0.95624244
imnotlavender,0.95624244
ioiuuuuuuui,0.95624244
itisafool,0.95624244
itsdoit,0.95624244
i繁茂i,0.95624244
j-x未知,0.95624244
jjjkakajj,0.95624244
hitdta,0.95624244
kami会来拯救吗,0.95624244
kara_谐反,0.95624244
karo_427_han,0.95624244
katrinalyl,0.95624244
kelthuzad0918,0.95624244
kk登哥,0.95624244
komorebi_soleil,0.95624244
kuronarns,0.95624244
langdilaile,0.95624244
hmygxhy,0.95624244
hiioohmudc,0.95624244
edward_1226,0.95624244
gilili酱,0.95624244
every_chae,0.95624244
fbhsy,0.95624244
fenibook,0.95624244
ffffffff飞飞,0.95624244
fff嬴政,0.95624244
fork_ex,0.95624244
frbaj,0.95624244
fu_猫,0.95624244
fucguc,0.95624244
giovinetta,0.95624244
herobrine-----,0.95624244
godzilla沈,0.95624244
golden-flower,0.95624244
时七识,0.95624244
gooodbuy,0.95624244
hanpy,0.95624244
happy_woody_,0.95624244
happy第一视角,0.95624244
hawei_m,0.95624244
henenxiej,0.95624244
lanhuasky,0.95624244
lavi酱,0.95624244
lc_LsatCross,0.95624244
rooooot_,0.95624244
pm吖,0.95624244
pose_V,0.95624244
powerLm,0.95624244
pypypyyy,0.95624244
qwJKJK,0.95624244
qzx12345678,0.95624244
rarebirder,0.95624244
realomg,0.95624244
remix调味师,0.95624244
rtftftrs,0.95624244
lilyccyy啊,0.95624244
ryyyywx,0.95624244
s_hihai,0.95624244
sanjin三禁,0.95624244
shdmudbs,0.95624244
shsndjj,0.95624244
silent1266,0.95624244
sinplelove,0.95624244
skybackknife,0.95624244
stayHum_,0.95624244
pigpigpigping,0.95624244
peng鹏于晏,0.95624244
祁醉一果,0.95624244
padoraxx,0.95624244
little-universe,0.95624244
littleduckskin,0.95624244
lllyyymob,0.95624244
lucklyDog-,0.95624244
lzm骗我感情,0.95624244
maxkaoa,0.95624244
mcapple1234,0.95624244
miingxi,0.95624244
miku-Origin,0.95624244
mileiniya7,0.95624244
mockingxy,0.95624244
narniaworld,0.95624244
nightlightNL,0.95624244
nike-tao,0.95624244
nomad8699524,0.95624244
nxhydm,0.95624244
oO叶尘Oo,0.95624244
oceanblue_123,0.95624244
opennew58,0.95624244
emoattachment,0.95624244
一块面包君0,0.95624244
thekingxie,0.95624244
all阿哩哩,0.95624244
_我叫蛋糕,0.95624244
_是阿龙呀,0.95624244
阿桐木只是位设计师,0.95624244
_晚枫qvq,0.95624244
_津岛__,0.95624244
_白白可乐,0.95624244
_蝰_,0.95624244
_陆小果大侠_,0.95624244
_鸮雀moss,0.95624244
august殇,0.95624244
_小圆圈圈_,0.95624244
awa张某人,0.95624244
a不会抽象b,0.95624244
baby可爱不可爱,0.95624244
badoggo,0.95624244
bahsuf,0.95624244
麻根锅锅,0.95624244
beihukasi,0.95624244
be美学信仰,0.95624244
biIi_l05I9722,0.95624244
_快乐贩卖机,0.95624244
_坠落东京塔,0.95624244
dusk与感觉,0.95624244
Zmorllt,0.95624244
ZETA熊猫,0.95624244
ZGiaoYee,0.95624244
Zankan0206,0.95624244
Zara_Line,0.95624244
Zcs3985,0.95624244
Zeadee,0.95624244
Zeroes已经懒癌晚期啦,0.95624244
Zevin7,0.95624244
Zion1998,0.95624244
Zoneme,0.95624244
_到底哪个昵称不存在,0.95624244
Zx1on9,0.95624244
Zzzzero鱼,0.95624244
Z丨-_-丨Z,0.95624244
Z小酸奶,0.95624244
_7Ep,0.95624244
_Agreas_,0.95624244
_B27947,0.95624244
_FlowWind,0.95624244
__虹__,0.95624244
biaoxm,0.95624244
bigbaby-防弹版,0.95624244
bili_12779866234,0.95624244
c-ouo-c,0.95624244
bili_89254476675,0.95624244
bili_9434570308,0.95624244
bili_大大滴,0.95624244
bili_概念还是实体,0.95624244
bili奈何,0.95624244
boyLYX,0.95624244
boyyor,0.95624244
butforld,0.95624244
b站神怭用户,0.95624244
caro回到未来,0.95624244
bili_14952655579,0.95624244
cdwei0,0.95624244
cheems爱吃烤破退透,0.95624244
cidheb,0.95624244
coolumm,0.95624244
dawon-,0.95624244
deFdeUdeCdeK,0.95624244
dhc316,0.95624244
dontsendthissong,0.95624244
dt--wssf,0.95624244
bili_84654198669,0.95624244
bili_83862802450,0.95624244
bili_7986423,0.95624244
阿斯图罗,0.95624244
bili_16659505537,0.95624244
bili_173371688,0.95624244
bili_21157517364,0.95624244
bili_2151558904,0.95624244
bili_25146983607,0.95624244
bili_26881693082,0.95624244
bili_28105539942,0.95624244
bili_29275612544,0.95624244
bili_29821165410,0.95624244
bili_30562134552,0.95624244
bili_3493292140398927,0.95624244
bili_3494374220499549,0.95624244
bili_3706954589407718,0.95624244
bili_40131424806,0.95624244
bili_51260440254,0.95624244
bili_582874,0.95624244
bili_59340006201,0.95624244
bili_68557741757,0.95624244
bili_74059867530,0.95624244
suifengv,0.95624244
tina12308,0.95624244
Yogurt_Cat,0.95624244
斧王马大三,0.95624244
不Fuc分子,0.95624244
不上TUB不改名,0.95624244
不买立减百分百,0.95624244
不会背道法选手,0.95624244
不做好好先生,0.95624244
不偷月_,0.95624244
不吃萝卜的CRH380B,0.95624244
不喜欢肉肉肉,0.95624244
不喝百事啊呀呀,0.95624244
不大的微风,0.95624244
下一节什么课来着,0.95624244
不好喝的粥,0.95624244
不好意思在下豹子头零冲,0.95624244
不想改名字了awa,0.95624244
不懈努力7274,0.95624244
bili_3546627830712399,0.95624244
不抽象的蔡,0.95624244
不撸站神,0.95624244
某爱玩矢量的一方大爷,0.95624244
不爱玩百战水,0.95624244
下渣皮,0.95624244
上扬_,0.95624244
一片馒头-,0.95624244
七刹天,0.95624244
一瓶蓝莓汁,0.95624244
尬白叉魚,0.95624244
一紧张就会打哈欠,0.95624244
一纸哟,0.95624244
一罐麻薯精,0.95624244
一袋坂蓝根,0.95624244
一道阿柴,0.95624244
一飞不是二飞,0.95624244
一龍一蛇,0.95624244
七岁_Seven,0.95624244
YIandUY,0.95624244
七彩虹黛西,0.95624244
七界洲,0.95624244
万花瞳孔,0.95624244
三十五号机器人,0.95624244
三水oooooo,0.95624244
三水一一o,0.95624244
三石在剪辑,0.95624244
上官带糖,0.95624244
上官星婉,0.95624244
不爱背书的Sireal_,0.95624244
不甚燎了,0.95624244
不知名的up猪丶,0.95624244
主动一点吧,0.95624244
中文房间里的哲学僵尸,0.95624244
中秋和五月,0.95624244
中级电脑,0.95624244
bili_84977963349,0.95624244
临在时空13141916,0.95624244
丶丶丶丶丶丶哟,0.95624244
丶卜一丶,0.95624244
丶静影,0.95624244
丸澄-,0.95624244
丿渔舟,0.95624244
不羡仙10101,0.95624244
丿灬紫枫丶,0.95624244
义恒2,0.95624244
之之的花,0.95624244
乌托邦的日子,0.95624244
乌鲁鲁不爱堵桥,0.95624244
乌龙茶啤酒和苦咖啡,0.95624244
乐弦初音和天依,0.95624244
乐观的Pessimist,0.95624244
乔思毅,0.95624244
中初男同学,0.95624244
丨隐秘灬角落丶,0.95624244
丨Demiz丨,0.95624244
两边水,0.95624244
新疆老虎不卖,0.95624244
不药_,0.95624244
不要再玩B站了,0.95624244
不要和我抢我推,0.95624244
寒羽良_XYZ,0.95624244
不要给我喂饭了,0.95624244
不负韶华QuQ,0.95624244
不逝叭,0.95624244
不闲的小咸,0.95624244
与寒北伐,0.95624244
专业帮人换裤子,0.95624244
且行风_,0.95624244
世崩鸟啊噶赛,0.95624244
世界的尽头是你的声音,0.95624244
东山在启,0.95624244
东曦哦,0.95624244
东曦既驾_听聆月华,0.95624244
东野居士,0.95624244
丝瓜秋,0.95624244
一片黄金羽,0.95624244
一氧化二氢LBX,0.95624244
ttcup,0.95624244
yunT2,0.95624244
xuue的奇妙日常,0.95624244
xxooty,0.95624244
极客壪,0.95624244
爱吃酒酿豆腐,0.95624244
xyxdoh,0.95624244
y7uuuuuuuuuuuuuu,0.95624244
yida4056,0.95624244
youngzie,0.95624244
Peregrine_Y,0.95624244
yy嘁嘁,0.95624244
xiao乐崽,0.95624244
z-ioDGP,0.95624244
小庄爱岁岁,0.95624244
zhubii,0.95624244
zimuli222,0.95624244
zjzasl,0.95624244
zmplqz,0.95624244
zuukaii,0.95624244
葡星人尤拉,0.95624244
zweieQ,0.95624244
xuhe3329,0.95624244
wwxb1047,0.95624244
一枝鸟鸟鸟,0.95624244
waiai歪,0.95624244
tuple丶,0.95624244
uni_田不田田不辣,0.95624244
van万叶叶叶,0.95624244
violetVE,0.95624244
volckerOK,0.95624244
vxyh2233,0.95624244
v板烧鸡腿堡v,0.95624244
疯狂欧派大大星,0.95624244
w_ch_Y,0.95624244
weeeeeeeeeeeeek,0.95624244
wufengqiu888,0.95624244
whato-o,0.95624244
whcl412,0.95624244
wnajic,0.95624244
woaishutiao,0.95624244
wood1208,0.95624244
worthyalong,0.95624244
woshi11111,0.95624244
wrusibxnxi,0.95624244
wudfheutu,0.95624244
zzzzzz陨,0.95624244
041444,0.95624244
z肖二千z,0.95624244
一只爱杠的咸鱼,0.95624244
一口云团子,0.95624244
一只不大的猫,0.95624244
一只努力吃胖的胖鸡,0.95624244
sky_果子,0.95624244
一只小小小米吖,0.95624244
一只小郝同学,0.95624244
一只欧兹,0.95624244
模组工艺gong_yi,0.95624244
一只没用屑,0.95624244
一只猫神256,0.95624244
ことなみY,0.95624244
一只蛙蛙Froggy,0.95624244
一只言言狒,0.95624244
一只野生的颜文字,0.95624244
一只鸭池,0.95624244
一叶雩舟,0.95624244
一坨波奇,0.95624244
一年学会小星星,0.95624244
一幽风之飞,0.95624244
戴蓝帽子的可乐,0.95624244
一口二十八个伢,0.95624244
一切死亡皆是自尽,0.95624244
一凡是二哈,0.95624244
一仟摄氏度,0.95624244
ずっと探しています,0.95624244
だんご勿忘,0.95624244
ど冲田总悟づ,0.95624244
はどう90,0.95624244
グミドリ,0.95624244
シトリス,0.95624244
ルザォGOGO,0.95624244
ー_く,0.95624244
二颦,0.95624244
㑈睿祢冯什么吋侯䂗a,0.95624244
一一一真,0.95624244
一个人的吔,0.95624244
一个准一个,0.95624244
一个叫自羽的文学作者,0.95624244
一个很恶臭的人,0.95624244
一个憨憨的阳光,0.95624244
一个普通的学习账号,0.95624244
一个过路人的普通人,0.95624244
一之濑千帆,0.95624244
Yuri_flower,0.95624244
锅咯锅咯驾,0.95624244
乙醇上头,0.95624244
Come_on_Charles,0.95624244
ChenJia55491,0.95624244
Chloroventus,0.95624244
CillianVinci,0.95624244
熊喵黑曜,0.95624244
Clike-J,0.95624244
Co_BH,0.95624244
Code.Villkiss,0.95624244
Columbinax,0.95624244
ComPory,0.95624244
Cookie百分百,0.95624244
Ch-AY,0.95624244
Creve_,0.95624244
Crow404,0.95624244
Crystalli1203,0.95624244
Cuber_二十七,0.95624244
CyberAgent2077,0.95624244
CynthiaLx_,0.95624244
CynthiaYang2002,0.95624244
DAWMNICK,0.95624244
DOIT汐,0.95624244
CheNjIaY_1017,0.95624244
CerberToast,0.95624244
Ass0ciation,0.95624244
Bili-LC,0.95624244
AyA川尚内库,0.95624244
Az丶汐寒,0.95624244
BIGbedbed,0.95624244
BOPI,0.95624244
BYune,0.95624244
B_s11-o,0.95624244
Baibaobao666,0.95624244
BaoNing233,0.95624244
Bejng_self,0.95624244
Bili_196424940,0.95624244
Caspain-,0.95624244
Briswich,0.95624244
B站老鸽,0.95624244
CG_清辞鱼茶,0.95624244
CHENTONYCAI,0.95624244
CRIB_,0.95624244
Cameliy,0.95624244
Carlaliiii,0.95624244
Casesing,0.95624244
Caseywine,0.95624244
DREAM-未来梦,0.95624244
DarienYz,0.95624244
Diana逾儿,0.95624244
Genesis-1st,0.95624244
FreecssX一一,0.95624244
Frjranger,0.95624244
FxxxxxxxkOff,0.95624244
G15AY,0.95624244
GFTV国际兽圈电视_福迪,0.95624244
GNazunaG,0.95624244
GTI特战干员银翼,0.95624244
喜欢搞抽象所以单身,0.95624244
Games接近-虾,0.95624244
GhostiCraft,0.95624244
Dinstein-,0.95624244
Ghost印TheShadows,0.95624244
Gobolka,0.95624244
Green_Grassland,0.95624244
Grey_Chariot,0.95624244
H-H-H_x,0.95624244
HHH_氢元素,0.95624244
HRヾ风铃草,0.95624244
HS_寒霜,0.95624244
Hello_Bunny,0.95624244
Fluix,0.95624244
Floraaaa-,0.95624244
FlippedFlora,0.95624244
Februaryfish27,0.95624244
Do_ro,0.95624244
Dolores-Sun,0.95624244
Dosmxjsbnn,0.95624244
Dr-心骛,0.95624244
淡い日,0.95624244
Dswitch,0.95624244
DumbAI人工智障,0.95624244
ELF兔兔,0.95624244
EXIT李,0.95624244
Earendelux,0.95624244
Elyite,0.95624244
Emberblade,0.95624244
Empreans,0.95624244
Eternal-god-1,0.95624244
Eyepiece-Cat,0.95624244
FODEN_11,0.95624244
F_Fzx,0.95624244
FaNStam,0.95624244
FaZEのTw1stZz本人,0.95624244
Athoy,0.95624244
Asonlee,0.95624244
HenryTheory,0.95624244
00568547,0.95624244
-氧气萌主,0.95624244
-江雪-,0.95624244
-白白白白子,0.95624244
-精氨酸布洛芬-,0.95624244
-薇薇ANN-,0.95624244
-薜定谔的猫猫,0.95624244
-辛辰-,0.95624244
-这是个昵称,0.95624244
-酸奶不吃鱼__,0.95624244
00特工喵,0.95624244
-柒城-,0.95624244
0117tt,0.95624244
0li-stay,0.95624244
11号猫头鹰,0.95624244
12345678火,0.95624244
1234伪人心,0.95624244
124687546646,0.95624244
12S7_,0.95624244
1900_ht,0.95624244
1a2b257,0.95624244
Fiskkkk,0.95624244
-枫兰兰-,0.95624244
Ar_SXR,0.95624244
-北徊-,0.95624244
恭喜又发财,0.95624244
---JO-JO----,0.95624244
超级快乐的肥仔,0.95624244
--丞哥blessme--,0.95624244
--子羽--,0.95624244
我吃好了-妈咪,0.95624244
-IxiciSoA,0.95624244
-_-小绿-_-,0.95624244
-joyfun,0.95624244
-可乐鸟-,0.95624244
饿火柴,0.95624244
-咩吔-,0.95624244
-咲羽-,0.95624244
-屰-,0.95624244
-悲爱-,0.95624244
-托腮,0.95624244
呱唧咕噜噜噜,0.95624244
-无微-,0.95624244
一只小虚末,0.95624244
不会取名啊啊额,0.95624244
1逗号3-丁二烯,0.95624244
20啷当赖赖唧唧,0.95624244
2333uuu,0.95624244
AlienNess,0.95624244
A_haw,0.95624244
A_junjunjun,0.95624244
只有吃饭的时候不困,0.95624244
Acce2085,0.95624244
AdinTS,0.95624244
Afroc0vTh,0.95624244
Agriperaon,0.95624244
Aleph_096,0.95624244
看到几十块垫脚石,0.95624244
Alsen_,0.95624244
23500147,0.95624244
AmericaCEO,0.95624244
Amo_coobee,0.95624244
AnXingH,0.95624244
Anemoia__,0.95624244
AntiTankGun,0.95624244
Apollocoo,0.95624244
AppleSeed_nZk,0.95624244
ApriLLLbiubiu,0.95624244
Aquila_鹰与夜刃,0.95624244
AV变BV啦,0.95624244
ATP扔掉了Pi,0.95624244
ALM_Loy,0.95624244
AKseem,0.95624244
28花火,0.95624244
32207,0.95624244
333-shan,0.95624244
bili_61227152083,0.95624244
380556188,0.95624244
40Cent,0.95624244
455876,0.95624244
4D-Hunter,0.95624244
4dw7,0.95624244
52kg斯科特,0.95624244
662号女战士,0.95624244
7712377123,0.95624244
956马导,0.95624244
9i镜流流,0.95624244
9丶Yue,0.95624244
AAA广陵沉淀王,0.95624244
AAA虹夏大天使,0.95624244
AAA香菜批发刘经理,0.95624244
AA土老帽批发商,0.95624244
Helloroom,0.95624244
Higgs_Boson,0.95624244
YoRHa_4S,0.95624244
Re0607,0.95624244
Q烦A烦Q,0.95624244
R-HR,0.95624244
R_Z_OWO,0.95624244
Rainko_,0.95624244
Rain的粪球,0.95624244
Raisushawaー,0.95624244
Raquellll,0.95624244
Ray_xxl,0.95624244
Rb_M4XVerstappen,0.95624244
Rei_澪,0.95624244
Qin_at,0.95624244
Reigen桑,0.95624244
Re世界第一可爱,0.95624244
RichBen_Lian,0.95624244
小柯啊小柯,0.95624244
Rio_ccc,0.95624244
Royal-Crown,0.95624244
Ruaast,0.95624244
Ruaitnes,0.95624244
Rybakiki,0.95624244
Qvoider,0.95624244
Qimel,0.95624244
NightFallD,0.95624244
lulufi,0.95624244
Night_Of_Light,0.95624244
Ninelie47,0.95624244
Nogamenolife电玩か,0.95624244
NoneUwU,0.95624244
NotTheLord,0.95624244
Nukepayload2,0.95624244
OOK嘛,0.95624244
ORANGE-OC-,0.95624244
Ofeocc,0.95624244
OhYeongyi,0.95624244
Qian_0114,0.95624244
Ohyeeeeeeeeeeeee,0.95624244
OrlonX,0.95624244
P7GAB,0.95624244
Panena,0.95624244
Paranoid_Liu,0.95624244
Persistancemm,0.95624244
Petal_leo,0.95624244
Priestess25,0.95624244
QShaonian,0.95624244
S-Y商音,0.95624244
SL-Ace,0.95624244
SODA酱NANA酱,0.95624244
Vergilius_IlI,0.95624244
Tilance,0.95624244
Tocy陈,0.95624244
Tritium79,0.95624244
Tsukumoinori,0.95624244
Turbo_0v0,0.95624244
TylorSkywalker,0.95624244
Uranoo,0.95624244
Uurainn,0.95624244
VelproF1129,0.95624244
VictorJerry,0.95624244
爱_我所爱,0.95624244
Vitality的马希洛本人,0.95624244
Vivien00a,0.95624244
W_飛,0.95624244
WeChat13,0.95624244
Wiz1024,0.95624244
W乐嘉,0.95624244
XueZCL,0.95624244
YZQGJJ21,0.95624244
YamiiroAlice,0.95624244
Thinkauc,0.95624244
Tendermistake蓝桉,0.95624244
肉酱安格斯厚牛堡,0.95624244
TatleCat,0.95624244
SaChii_,0.95624244
Sakiの追う思,0.95624244
没有脸的无名氏,0.95624244
Septeen玖,0.95624244
Sherry香Sweet,0.95624244
SilkenChords,0.95624244
SiroYoru,0.95624244
Skelent_793,0.95624244
SlimeNull,0.95624244
SnowOye,0.95624244
Solomon的小饼干,0.95624244
Sora嗦辣,0.95624244
Ss周防尊,0.95624244
StardewVa11ey,0.95624244
Starry_C,0.95624244
Sure_ger,0.95624244
Sy0472,0.95624244
S佐藤和真Q,0.95624244
TCY-Vilert,0.95624244
Night_Fox,0.95624244
NickLopez,0.95624244
Hildrun_,0.95624244
Kingishu,0.95624244
Jocelyntien,0.95624244
Joey_MAKE,0.95624244
Johnson9z,0.95624244
KAKyoin_cherry,0.95624244
KatsumiDaido,0.95624244
Kelzina_95,0.95624244
Khalil-999,0.95624244
Kiley_zh,0.95624244
Kimix饭团,0.95624244
KleinMoriarty1,0.95624244
来点蓝莓慕斯,0.95624244
KtyQAQ,0.95624244
L-Ascorbic-acid,0.95624244
L-emotion,0.95624244
LOVE瑞吉儿,0.95624244
LO昕芋VE,0.95624244
LPtc,0.95624244
才不是狸猫ii,0.95624244
LTY_LSM,0.95624244
LV5节能炮,0.95624244
Jaoye,0.95624244
JUMLICKY,0.95624244
Neo3Day,0.95624244
INDUSTRY_BABY,0.95624244
HoneyPzz,0.95624244
HuOkee,0.95624244
HybirdQwQ,0.95624244
HyperHare,0.95624244
Hyperuns,0.95624244
Hypothet,0.95624244
H浩-幻想,0.95624244
I-桃夭-I,0.95624244
IIIMiracleJ,0.95624244
IO单OI,0.95624244
JMZSH,0.95624244
Ignis_焰,0.95624244
ImgnDrgn,0.95624244
Into_The_Void,0.95624244
必中天选的猫猫头,0.95624244
J4wew,0.95624244
JENNYCAtty,0.95624244
JH4ever,0.95624244
JHouse_,0.95624244
懒散贤者,0.95624244
LWJ_0803,0.95624244
LX落霞77,0.95624244
LYDoppeler,0.95624244
Moonquakes33_,0.95624244
MUSE_2,0.95624244
Material3600,0.95624244
Megdn,0.95624244
Mercury怜,0.95624244
Michael__Zh,0.95624244
MikiSayakaSL,0.95624244
MiniOrangeNB,0.95624244
MisakaZXC,0.95624244
Monica_渔,0.95624244
Mou-z,0.95624244
小怜悯心,0.95624244
My-Honest,0.95624244
MyLuckySeven7,0.95624244
NARUTO水门,0.95624244
NF13_,0.95624244
NGU-F,0.95624244
NaOH42,0.95624244
NamelessAshen,0.95624244
Neil桀骜,0.95624244
宁古塔穷留子,0.95624244
MOCHAKING,0.95624244
MK牧瀨红莉栖,0.95624244
少女爱拉屎,0.95624244
MEz2Luv,0.95624244
Lacrimee,0.95624244
Langba2014,0.95624244
Lelele拐,0.95624244
Lem大帝,0.95624244
Leonnav,0.95624244
Ler1Shy,0.95624244
Leslie----Cheung,0.95624244
Lezzer,0.95624244
LighterP,0.95624244
Line_64956,0.95624244
LittleRose,0.95624244
Logic-hero,0.95624244
Lu_QF,0.95624244
Luna-No-Tic,0.95624244
Luoyuu_,0.95624244
M1LKBOTTLE,0.95624244
MADAMADA-DANE,0.95624244
MCcarrot,0.95624244
labby妤小小,0.95624244
乖日鲸,0.95624244
Claramente,0.95624244
九世净琉璃,0.95624244
好名字都被抢光了.,0.95624244
奈总qwq,0.95624244
奕诺_Y,0.95624244
奖状收集楼,0.95624244
奥数洛里,0.95624244
女san,0.95624244
奶不思,0.95624244
奶油I可可,0.95624244
好久没追番了,0.95624244
好像什么都不知道哦,0.95624244
好大一个碗,0.95624244
头发不稀,0.95624244
好大一只咕咕,0.95624244
回到未来的方老师,0.95624244
好耍啊好耍,0.95624244
好风可借力,0.95624244
如月疑云_,0.95624244
妄言猫猫,0.95624244
妇国大将军,0.95624244
妖精cpl,0.95624244
妖蛊笑,0.95624244
奇谋砍张角,0.95624244
风花满月,0.95624244
姓羽隹,0.95624244
天律玄,0.95624244
大猫67,0.95624244
大白菜de桶,0.95624244
大睡啊啊啊,0.95624244
大禹治水www,0.95624244
大脸MRA,0.95624244
大萝卜是大宝贝,0.95624244
天上江铃-demonic,0.95624244
天仙狂醉yun,0.95624244
天天扫雪,0.95624244
天泽圣司雯,0.95624244
失落的泰迪熊,0.95624244
天狼座星云,0.95624244
天罪星旺仔er,0.95624244
天野阳阳菜,0.95624244
無名1234,0.95624244
天青水绣1236,0.95624244
太凡乾元,0.95624244
太缁,0.95624244
太陽の息子,0.95624244
太饿了找吃的,0.95624244
姓呼吖,0.95624244
姜与僵,0.95624244
寒羽尘夕,0.95624244
戏格子,0.95624244
宅在家的子期,0.95624244
宅在阿瓦隆里的亚瑟,0.95624244
宇宙机械姬,0.95624244
宇智波带taoo,0.95624244
宇玟秋水,0.95624244
守护的骑士,0.95624244
守月人the_moon,0.95624244
守望心灵的月光,0.95624244
安家妹子,0.95624244
安沫澪,0.95624244
学英语的医学生,0.95624244
安静的距离,0.95624244
宋雨琦快来宁波救我,0.95624244
猫_君,0.95624244
宏宝丶,0.95624244
实在想不出名字了--,0.95624244
寂寞工科男,0.95624244
密码又忘了哎,0.95624244
富小蔻,0.95624244
寒武極,0.95624244
学门技术养家糊口,0.95624244
学习的星灿,0.95624244
姜姜江姜江,0.95624244
孙悟驡,0.95624244
姜萍数学竞赛,0.95624244
威卡wicca,0.95624244
威鸡雰,0.95624244
婉芊幺,0.95624244
子不斩,0.95624244
子易233,0.95624244
阿狸狸哦,0.95624244
子涵露露,0.95624244
孔--明,0.95624244
孙鹏飞7840,0.95624244
孤獨離子,0.95624244
杀手蝴蝶梦1919,0.95624244
孜然酱不是酱,0.95624244
孟川K,0.95624244
孤优孤优,0.95624244
孤屿zyz,0.95624244
孤独的品鉴师,0.95624244
孤独的风一,0.95624244
肯定还会的,0.95624244
孤狼酥酥,0.95624244
大爱南大,0.95624244
大润发杀人男孩,0.95624244
大曦哥,0.95624244
国王家の猫,0.95624244
嚞御,0.95624244
四川省省草,0.95624244
四月一日莙寻,0.95624244
四照x,0.95624244
四页景_,0.95624244
回神兮,0.95624244
困乎己时,0.95624244
国家一级饱腹动物,0.95624244
国服第一难带啊,0.95624244
图伯斯通,0.95624244
嘢_小子,0.95624244
土鸡德华ovo,0.95624244
在哪里起飞,0.95624244
在底特律吃馅饼的企鹅,0.95624244
在杭州做律师的王律师,0.95624244
在椰子树下一觉到天亮,0.95624244
达斯米奇B站专用账号,0.95624244
在逃猫猫棍ovo,0.95624244
地球online管理者,0.95624244
噜炉卤鹭,0.95624244
嘿嘿会早睡嘛,0.95624244
嘎嘎鸭布丁,0.95624244
大师球逮溶食兽,0.95624244
喜欢刘康有品,0.95624244
啊米诺斯米娜桑,0.95624244
啧啧啧zzz12346,0.95624244
阿本_QAQ,0.95624244
啧啧啧鼠鼠都去哪了,0.95624244
啾秋啾啾,0.95624244
善财懒同学,0.95624244
喑枳,0.95624244
梨米朵,0.95624244
喔你呢,0.95624244
--如既往的帅气,0.95624244
嗜窝诗屋人,0.95624244
喜欢吐泡的鱼,0.95624244
喜欢坐直升机丶,0.95624244
喜欢川渝宝龙,0.95624244
喜欢阿瓦隆的大手么,0.95624244
喵之安雨然,0.95624244
喵了个咪呵呵,0.95624244
喵勒个去,0.95624244
-Vvanny-,0.95624244
嗜个仁啊,0.95624244
地球脚印1号,0.95624244
地瓜炸弹球,0.95624244
地陷の石,0.95624244
夜肆然,0.95624244
夏夏夏夏夏夏次一定,0.95624244
有人在这儿吗,0.95624244
夏沫繁星,0.95624244
夕日の波客,0.95624244
多拉A梦-boom,0.95624244
多鱼的余ovo,0.95624244
夜梦鹳雀楼GBZB316,0.95624244
夜灵沐_Sierra,0.95624244
夜玦GReally,0.95624244
夜阑星凡,0.95624244
坂古朋友圈,0.95624244
夜風幼刀刀,0.95624244
夜默星繁,0.95624244
大会员asd,0.95624244
大力地,0.95624244
大叔炫007,0.95624244
大名鼎鼎历飞雨,0.95624244
大圣嘻嘻嘻,0.95624244
大地嘤嘤嘤,0.95624244
大坝神区,0.95624244
夏与树丶,0.95624244
复读复读机的复读机,0.95624244
夂㸚祓濯,0.95624244
壹碗汤,0.95624244
坠风煎鸡蛋,0.95624244
坤的味道吃了就知道,0.95624244
坨马坨,0.95624244
垦芽泊子,0.95624244
城郊牧笛落野村,0.95624244
城郭书生,0.95624244
培青孑,0.95624244
堂主胡桃胡桃,0.95624244
78頋語91,0.95624244
堇紫苍蓝,0.95624244
堍茶,0.95624244
塑料口袋,0.95624244
墨兔MOTU,0.95624244
墨哈秋哟,0.95624244
墨爻的世巡宠宠我,0.95624244
墨竹银余,0.95624244
墨苏冷,0.95624244
我爱看擦边男妈妈,0.95624244
壹万ewan,0.95624244
寒玥Ovo,0.95624244
对绫波丽一见钟情,0.95624244
啊就这样好了k,0.95624244
张某赐哟,0.95624244
废话世界里的糖果屋,0.95624244
生煎鹹魚,0.95624244
开房卖神油,0.95624244
弃D投P,0.95624244
弋白二琼,0.95624244
弋阳川,0.95624244
张书凝,0.95624244
张八儿,0.95624244
张厚页本尊,0.95624244
张飞偷袈裟,0.95624244
哈哈名字不存在的,0.95624244
弥-aisd,0.95624244
弯曲的湖,0.95624244
弱水东流,0.95624244
張云宏,0.95624244
張号己汪销,0.95624244
張长青,0.95624244
强说他,0.95624244
归_辰,0.95624244
彡YYL,0.95624244
星落_falling,0.95624244
庐江老陆,0.95624244
彩虹人o_o,0.95624244
干净如画,0.95624244
帅气の小飞,0.95624244
开拓猫猫,0.95624244
带土是喰种,0.95624244
萌新的无奈,0.95624244
带秤去旅行,0.95624244
带篮子本人,0.95624244
常云晚,0.95624244
常嫣军,0.95624244
常数要较小,0.95624244
干啥子啊这是,0.95624244
广白百,0.95624244
平凡の世界和你,0.95624244
平壤没有墙,0.95624244
平平凡凡丶levi,0.95624244
平面直角坐标系Owo,0.95624244
并非真五字,0.95624244
幺幺灵2008,0.95624244
幻夢未来の音,0.95624244
幻梦花园_,0.95624244
幽默春风,0.95624244
彡叮当彡,0.95624244
彩虹喵之剑,0.95624244
寻七w,0.95624244
怪人阿刚,0.95624244
忘了本大王,0.95624244
快乐小猪儿_J,0.95624244
怀里明月怀外雪,0.95624244
怂了苟吧,0.95624244
怎么講,0.95624244
思念变成枫_,0.95624244
唐小十九,0.95624244
思想掌控,0.95624244
思考人生的小溪,0.95624244
总是走在漫长的路上丶,0.95624244
忒忒忒啊忒,0.95624244
总有一天会还魂_zone,0.95624244
After-Alive,0.95624244
恆礫,0.95624244
恐人勿扰,0.95624244
恒の征服者,0.95624244
恒山野人,0.95624244
恨愁用歌声代替,0.95624244
九十一个名字,0.95624244
恩MIXX,0.95624244
志鹏叔叔丶,0.95624244
忆蓑衣,0.95624244
彩虹海彡知音,0.95624244
微微一跳,0.95624244
影子与鸽,0.95624244
很大的风g,0.95624244
徐同学Ql,0.95624244
得分点-,0.95624244
御坂12791号,0.95624244
御坂5831号,0.95624244
御坂妹妹发电厂,0.95624244
御尘zzz,0.95624244
御时空明,0.95624244
微笑小狐狸,0.95624244
忆研年少,0.95624244
微醺さん,0.95624244
微醺的冷鲜肉,0.95624244
心一k,0.95624244
心之所向暂,0.95624244
心乐兮,0.95624244
心灵牧羊人0123,0.95624244
忆尘自信也谦虚,0.95624244
忆比蓝,0.95624244
忆江南丨,0.95624244
帅摔的萝卜,0.95624244
帅帅的尧哥,0.95624244
布鲁伊传教士,0.95624244
小桉有点宅-,0.95624244
小惠很白,0.95624244
小新酱的蜡笔,0.95624244
小明听见了,0.95624244
小智真的很机智,0.95624244
小李布鸽-,0.95624244
火伊尔,0.95624244
小松日向,0.95624244
小林囝,0.95624244
小柒弃色,0.95624244
willy_ben_chen,0.95624244
小怪兽king修勾,0.95624244
紫外线大帝,0.95624244
小汪君の,0.95624244
小温wendy,0.95624244
小潜讨厌早起,0.95624244
小灯扶老灯眼睛要尿尿,0.95624244
小狼背个包包,0.95624244
小璐不乱撞biu,0.95624244
小疯未疯,0.95624244
小盐风化,0.95624244
小恶魔海星星,0.95624244
小徐在背单词,0.95624244
布拉迪耶先生,0.95624244
谁在和甜妹谈恋爱啊,0.95624244
寻找-答案,0.95624244
寻找加一,0.95624244
九重星有街,0.95624244
寻章Explorer,0.95624244
封镡,0.95624244
将半,0.95624244
專業不對口,0.95624244
尋勝1893,0.95624244
小QBZ,0.95624244
小一的频道,0.95624244
小小万业,0.95624244
小东哥是也,0.95624244
小凝商业分析,0.95624244
小刺猬扎你哦,0.95624244
小十八_Mirana,0.95624244
小吴6119,0.95624244
小咩菜,0.95624244
小天LOVETEN,0.95624244
小太阳在对岸,0.95624244
小学同鸡炖,0.95624244
小穗满满,0.95624244
小羊奶盖丶,0.95624244
小肆aaaaa,0.95624244
岛田哈士,0.95624244
山上有术,0.95624244
山与海棠花,0.95624244
山柳awa,0.95624244
山海_居士,0.95624244
山海中重逢,0.95624244
山田杏奈さんです,0.95624244
山羊-GT,0.95624244
岐律,0.95624244
岛兑,0.95624244
岩叔不二,0.95624244
小豺v,0.95624244
岳韶,0.95624244
鉝ver猫rium,0.95624244
峥峥与鱼,0.95624244
峨眉山猴王_,0.95624244
工藤-沙耶香,0.95624244
差不多的橘子,0.95624244
高维思维兽,0.95624244
巴吧波弈,0.95624244
布布OcO,0.95624244
屠夫鱼,0.95624244
尽佘欢,0.95624244
尼布罗茨,0.95624244
尼古拉斯赵四22,0.95624244
宇拉Yura,0.95624244
小青鹿啊,0.95624244
小韩啸,0.95624244
小马谷momona,0.95624244
小魔王9901,0.95624244
小鲍的阿黄,0.95624244
昊叠油,0.95624244
小鲨鱼的糖块,0.95624244
小麦克可汗,0.95624244
少吃点吧又胖了,0.95624244
少年の初梦,0.95624244
鱼猫摄影,0.95624244
尔蜜7,0.95624244
尤里安的凯旋,0.95624244
就是qiengpa,0.95624244
就是老人,0.95624244
就爱吃脆桃儿,0.95624244
就要沾豆爽,0.95624244
尼古拉斯卡喵,0.95624244
啊您姜,0.95624244
常树人,0.95624244
啊你说的对哈哈哈哈,0.95624244
全部拿下233,0.95624244
克里欧Kun,0.95624244
克隆狐_Neil,0.95624244
免硬币设置一次吼,0.95624244
兓霂,0.95624244
兔子便当里凤梨怪兽,0.95624244
入处壮年拄拐棍,0.95624244
全世界最帅的老坛,0.95624244
全知全能幻想,0.95624244
全站唯一真刘浩存男友,0.95624244
八奈見杏菜_official,0.95624244
光粒子的能量,0.95624244
八月留焱,0.95624244
六国居士,0.95624244
六花不想小鸟游,0.95624244
兰渔,0.95624244
共和国在下雨_HE,0.95624244
关东煮好想吃,0.95624244
关天烽,0.95624244
内啡肽含片,0.95624244
再来也许要天上团聚l,0.95624244
克里斯_猫,0.95624244
光与影shine,0.95624244
冒崄雷探长,0.95624244
信任度贤者,0.95624244
你膝盖中箭,0.95624244
你踏码,0.95624244
你身边和他一样帅的人,0.95624244
佩奇是我的呀,0.95624244
佰帝,0.95624244
依氼,0.95624244
俄罗斯大战方块,0.95624244
俊俊金毛,0.95624244
俟惕,0.95624244
修改硬币需消耗六昵称,0.95624244
先随便起个名111,0.95624244
假的dewierH,0.95624244
假装是万寿菊,0.95624244
偏头痛妖精,0.95624244
傲来Official,0.95624244
像素漫步,0.95624244
兀与_,0.95624244
元创者,0.95624244
元战OPLA,0.95624244
元旦是只猫呀,0.95624244
再见吧朋友焖,0.95624244
冒险滴二哥,0.95624244
你的头发掉了-,0.95624244
刷牙的临夏七度,0.95624244
刄妾,0.95624244
刘艺博ol,0.95624244
初夏桜晴啦,0.95624244
删繁就简-知足常乐,0.95624244
别加芹菜啊,0.95624244
别时茫茫江妗月,0.95624244
别欺负乌冬面呀,0.95624244
别碰我狗牙yy,0.95624244
到底该叫哪个呢,0.95624244
刺客先生就好这口,0.95624244
刀梦氵原,0.95624244
剁椒鱼头椒炒肉,0.95624244
前任大班长,0.95624244
前方咯咯,0.95624244
剥个瓜子i,0.95624244
剥落的海,0.95624244
加油吧阿柴,0.95624244
加洛壹,0.95624244
加藤惠的猫-,0.95624244
励志当萌新的黄桃,0.95624244
刁之不会剪辑,0.95624244
函谷关上单,0.95624244
金刚小蚂蚁,0.95624244
冷铭雪,0.95624244
冬坡_,0.95624244
冬天要做大鱼2,0.95624244
沉锦烟,0.95624244
冰冻麻薯youmu,0.95624244
冰柠海獭,0.95624244
冰鱼ちゃん,0.95624244
冲浪小透明,0.95624244
冷吃_兔,0.95624244
冷火蜻蜓,0.95624244
冻梨大人-,0.95624244
凹凸不平的小毛毛雨,0.95624244
凉ie,0.95624244
凉小肥啵炜,0.95624244
凌晚lw,0.95624244
凌晨aks,0.95624244
凛夏w,0.95624244
凡凡凡凡凡鸟,0.95624244
凤九序章,0.95624244
凤梨酥贴,0.95624244
凯撒的副官,0.95624244
你的水开了,0.95624244
蒙面侠的小鱼干,0.95624244
雨就再下,0.95624244
人才北子,0.95624244
亚撒西的迷途,0.95624244
亟淮,0.95624244
亦南rrrran,0.95624244
亦是否,0.95624244
亦音-,0.95624244
京有点冷,0.95624244
京都一生推-,0.95624244
人参公机,0.95624244
人女口其名,0.95624244
屑六角星awa,0.95624244
卷毛鸦雀窝,0.95624244
人机kris,0.95624244
人生岂能被轨道左右,0.95624244
人畜无害皮皮酱,0.95624244
人间普通小tom,0.95624244
人间风雨7776,0.95624244
仁川松岛流浪女,0.95624244
仁間失革,0.95624244
今天又又又浪了,0.95624244
今天问题解决了吗,0.95624244
亖三两二一,0.95624244
五条煌,0.95624244
从我这边_到你那边,0.95624244
书桌余光,0.95624244
啊今我来思1,0.95624244
九号天罗,0.95624244
九十九课,0.95624244
九头怪喵,0.95624244
九打七,0.95624244
九敏狐,0.95624244
也無風雨也無晴,0.95624244
也许我就是大魔王吧,0.95624244
书剑风流,0.95624244
书话短说,0.95624244
炼冰术士海森堡_,0.95624244
乱一晨Twilight,0.95624244
了不起的木狮虎,0.95624244
予独爰莲,0.95624244
事该了,0.95624244
二大爷我查,0.95624244
二点半不上火,0.95624244
云中仙鹿Max,0.95624244
云妹儿丶,0.95624244
云歌呀云歌,0.95624244
从我床上下来,0.95624244
从此见山不是山,0.95624244
你抓不住的风与影,0.95624244
佚名16,0.95624244
但又如何,0.95624244
低血糖还在追我,0.95624244
住在乌龟壳,0.95624244
住在珈百璃家的狂三,0.95624244
佑川予安,0.95624244
何兰亭,0.95624244
何小豹,0.95624244
余林初雨,0.95624244
余紫南半鬼,0.95624244
你_好好_活着_吧,0.95624244
伴九久--,0.95624244
你们这些大胖子,0.95624244
你好呀9-9,0.95624244
你好我很困我先睡会,0.95624244
MrC4,0.95624244
天道树艹,0.95624244
你当飞往你的山啊,0.95624244
你怎麼连话都说不清楚,0.95624244
-月净悠-,0.95624244
你所热爱的就是___,0.95624244
伴定疯,0.95624244
伯尼熊的烤香肠,0.95624244
代数与数学分析典例,0.95624244
仿人類行為錄_,0.95624244
以一四悟一十,0.95624244
秋络妍大王请早睡,0.95624244
以勿,0.95624244
以泰和菠萝,0.95624244
以爱为名的某N小姐,0.95624244
仲十五,0.95624244
仲夏-月,0.95624244
仲夏之靥,0.95624244
任颜鹤,0.95624244
仿生萝卜_,0.95624244
伪秋菲,0.95624244
伊依炎炎,0.95624244
伊克斯迪克秀,0.95624244
伊洛幻想,0.95624244
伍猫司,0.95624244
优不拉平,0.95624244
会飞的猪24,0.95624244
伟大的更更桑,0.95624244
遨风管,0.95624244
传奇火火-Fireset-,0.95624244
1彬,0.95624244
八云家的被窝,0.95624244
勤奋好学の呆猫桑,0.95624244
君身雪中乃知寒,0.95624244
同一天的时候,0.95624244
同学丁,0.95624244
名字是试试,0.95624244
名陳,0.95624244
向你问好_我的朋友,0.95624244
向安,0.95624244
向最美好的前程,0.95624244
吓得我都笑出来了,0.95624244
吔蕉啦捞头,0.95624244
君の坷拉,0.95624244
吧唧一口奶,0.95624244
吃饲料的南越人,0.95624244
含着奶嘴的心理大师,0.95624244
含着泪de微笑,0.95624244
听Jay吹海风1,0.95624244
听见落花声,0.95624244
吴西迪西哟呼,0.95624244
吸金猛卖,0.95624244
吹号手-,0.95624244
吾乃秦始杨,0.95624244
吾星如河,0.95624244
吾猫叛逆伤透吾心,0.95624244
合肥凌动,0.95624244
吃饭睡觉的豆豆,0.95624244
可有可无吧,0.95624244
叶桑酱,0.95624244
可爱的嘟嘟嘟嘟,0.95624244
可盐可甜萝莉啰嗦,0.95624244
可莉的咸鱼,0.95624244
可达莉鸭,0.95624244
史呆芬爱吃水蜜桃,0.95624244
叶刃艾路雷朵,0.95624244
叶子yerr,0.95624244
叶子旋转飞,0.95624244
叶影不好吃,0.95624244
叶斯格鲁,0.95624244
叶籽孜yu,0.95624244
吃那么多的吧,0.95624244
司尹舒,0.95624244
司空冰痕,0.95624244
司空见不惯你,0.95624244
司马江南还我绘梨衣,0.95624244
叻砚舟,0.95624244
叽里呱啦咩哈哈,0.95624244
吃柠檬哟g,0.95624244
吃橘子的小学宅,0.95624244
kii_sanyaOvO,0.95624244
吃蟹的电视,0.95624244
呀羊跑了,0.95624244
呆呆的睿智,0.95624244
呆毛小六,0.95624244
哲哲乘风破浪,0.95624244
哈喽之鸥,0.95624244
哈士七_,0.95624244
哈怪怪怪怪哈,0.95624244
哈秋szhhh,0.95624244
哈鸡寻,0.95624244
哒咚咚哒咚咚哒,0.95624244
哔啊叽,0.95624244
哟哟切柯南,0.95624244
哟雨哟雨,0.95624244
哦哦哦哦耶斯-,0.95624244
哲学苍穹,0.95624244
呢绒喂丝大林,0.95624244
唉丶小卿,0.95624244
永曜苍穹,0.95624244
请把我当成一棵树叭,0.95624244
唐惜然,0.95624244
唐筱鹿,0.95624244
唔嘫worable,0.95624244
唯其故耳,0.95624244
唯恣意不改,0.95624244
商秋暮雨,0.95624244
啊-健,0.95624244
哈丽郭特,0.95624244
哈-是老Ju,0.95624244
哇咔咔扒拉,0.95624244
哇_逗13,0.95624244
周三连,0.95624244
周周鹿,0.95624244
周旋久矣,0.95624244
周易有云,0.95624244
湫驀,0.95624244
呱小酱,0.95624244
呵闩,0.95624244
命运联想,0.95624244
命鹧,0.95624244
化泓道人,0.95624244
咕Duang,0.95624244
咕咕eee,0.95624244
咕噜咕噜仄儿,0.95624244
咕路碳是这个碳,0.95624244
咖喱ヽ,0.95624244
咦丶我的存在感呢,0.95624244
咩咩铁锤酱,0.95624244
咳咳棒,0.95624244
咸鱼之王王王,0.95624244
咸鱼四十四号,0.95624244
哆子玉,0.95624244
可爱的像小兔子,0.95624244
咃の泠漠伱の嗳,0.95624244
可可可可92,0.95624244
南筏滚滚,0.95624244
南倾尽萧,0.95624244
南宁老友粉丶,0.95624244
南宫幸光,0.95624244
南宫羽丶,0.95624244
南小鸟68,0.95624244
南屏绿波,0.95624244
南条痕,0.95624244
南河み,0.95624244
南紀岛,0.95624244
卯猫桑,0.95624244
南那なな,0.95624244
南颜笙么,0.95624244
南风white,0.95624244
卡了鱼刺的橘猫,0.95624244
卡卡溪鸭,0.95624244
卡瑞昂,0.95624244
卡贝奇果,0.95624244
螺号闻,0.95624244
南_乡,0.95624244
单相思的菜鸟睡梦回,0.95624244
单核细胞生物电工,0.95624244
单挑专业户,0.95624244
北方の风云客,0.95624244
北境铁头人,0.95624244
匪之FZ,0.95624244
十一栗-,0.95624244
十一次元刀酱,0.95624244
十七号骑士,0.95624244
十七摩斯,0.95624244
十二月火,0.95624244
十亿口奶酪,0.95624244
十八人匕十,0.95624244
十岁抽到了可莉,0.95624244
十方郁,0.95624244
千喜鹤_sun,0.95624244
千戈--,0.95624244
千早小唐音,0.95624244
千简云辞,0.95624244
半夏spirit,0.95624244
卧同希濡沫,0.95624244
半明半昧半摇曳,0.95624244
友善的鸡翅,0.95624244
口可口可口达emmm,0.95624244
只因ikunの恋爱循环,0.95624244
取名贞德好难,0.95624244
只因不是知,0.95624244
发送我所至爱,0.95624244
反正我觉得挺好的,0.95624244
双保险摇滚,0.95624244
只希望归来,0.95624244
友之天下,0.95624244
又一个无趣的人,0.95624244
去工厂然后回不来了,0.95624244
只死猪仔,0.95624244
原始火批,0.95624244
原于_u7t1,0.95624244
只爱小昔涟,0.95624244
古都市掌管拼点的神,0.95624244
叫我周粥同学啊,0.95624244
叮叮车dddd,0.95624244
卿儿爸,0.95624244
卿卿草草原X,0.95624244
卿良骨,0.95624244
可乐啤酒配咖啡,0.95624244
可以就是可以不,0.95624244
卿の本佳人,0.95624244
可口可乐与泡椒凤爪,0.95624244
可乐_-可乐-_,0.95624244
阿渣dry,0.95624244
叫我Ccy就好啦,0.95624244
可le油条,0.95624244
道长哥哥呀,0.9562424
栗子橙Liz,0.9562424
鲸吟梦,0.9562424
-桃木,0.9562424
1aaaaaaaaaaannnn,0.9562424
666不爱盐,0.9562424
ABthat,0.9562424
Re叶天帝一刀233,0.9562424
阿杳没有犄角,0.9562424
爱白嫖的五香蛋,0.9562424
叫你小东西你敢答应吗,0.9562424
蒹葭浮生,0.95623213
菜包子-caz,0.95623213
重金属鱼,0.9562008
请阻止车门关闭,0.9561961
夏时何时,0.9561819
重塑命运的亡故我无,0.9561146
伊茗mm,0.9561146
因果律的弦,0.9561146
宇宙換紅豆,0.9561146
汽水和相机,0.9561146
氦氖氩氪氙氡01,0.9561146
JackLu57,0.9561146
炫彩大脏螂,0.955841
钢琴墩,0.9553715
我只是闲得无聊想改名,0.955371
H恩度W,0.955371
GSA崩,0.955371
源堡里的刀克塔,0.955371
aiiiipants眠王,0.95532525
brand0n,0.35280508
giveitago,0.3527483
PunPuncher,0.35230654
steak21,0.35192767
boomheadshot7,0.35164133
Animedingo,0.35162413
sidianmsjones,0.35160753
vpxtreme,0.3513939
teryxc,0.3512053
Fibonacci35813,0.35096672
elephantpoop,0.35094586
Knuk,0.35078835
FizzCrack,0.35074535
Parodoxez,0.35073948
M374llic4,0.35069397
AllMightyGuy,0.35063577
series_of_derps,0.35057604
THE_BANANA_PALADIN,0.35049453
SaggyBallsHD,0.35047624
lordnahte42,0.35045645
PriitySiick,0.35032338
Krusiv,0.3503201
averad,0.35031816
Kyraden,0.3502759
Aberu,0.35025233
dragonsky,0.35022178
Dial-A-Lan,0.3501938
zscuro,0.35018855
newtothelyte,0.35010108
pandanomic,0.35002726
trivialretort,0.34993303
AnotherSmegHead,0.34991044
Burgerkrieg,0.34987545
cronos844,0.34983522
0311,0.34982318
leoberto,0.3498065
Defrostmode,0.3497913
NoahsArcade84,0.34978515
PokerFace247,0.34978428
Splatterh0use,0.3497786
hotstickywaffle,0.34977546
JamesOfTheYear,0.34974772
Riddla26,0.34972742
Nethervex,0.34964636
ABemusedHorse,0.3495918
baddonny,0.34956446
Lostinyourears,0.34954986
austin_d,0.34954128
NotJordy,0.34952512
Xemeriba,0.34951642
xPlatypusVenom,0.3494496
DrRodneyMckay,0.34942022
daprice82,0.34939122
Killjoy4eva,0.3492846
A_Blind_Pilot,0.34925133
celocanth13,0.34920475
CallMeJase,0.34918928
bobojojo12,0.3491808
danyukhin,0.3491665
Tzpike05,0.3491505
RedManDancing,0.34914935
SlimeHudson,0.34914827
captainstan,0.3491055
thatoneguy249,0.34910476
Twenty8k,0.3491044
iLiekBoxes,0.3490963
Locusthorde300,0.34909552
badmood247,0.34909388
willo_sea,0.34907246
ThatSodomite,0.34904096
SubzeroMK,0.34902602
PrimaxAUS,0.34900847
Kuonji,0.3489944
freewibblebon,0.3489902
THLycanthrope,0.34897006
lanismycousin,0.34895074
deejaymikeyg,0.34894127
markevens,0.34892017
how_would_kobe_react,0.34891838
CptCoatrack,0.3489164
TheCrazedMadman,0.3489036
ChemEBrew,0.34889448
e7ric,0.3488835
Guilty_Spark_117,0.34885123
Hrodrik,0.34884202
jackgopack4,0.3488303
lupianwolf,0.34882453
MFBATZ,0.34881708
FadedFromWhite,0.3488109
Yokuo,0.3487825
aazav,0.3487823
FUCK_YEAH_DUDE,0.3487626
kendall12321232,0.3487316
Ieuan1996,0.3487193
A_Water_Fountain,0.3487128
MaBay,0.3487123
woizard,0.34870893
arup02,0.3486629
Dr_Oops,0.3486499
redonculous,0.34864667
frozen-creek,0.34861168
iamjakeparty,0.3485946
derkman96,0.34859228
damontoo,0.3485843
unknown_name,0.3485712
evoken1,0.34854656
The_Lolbster,0.34853894
InTheBay,0.34852746
AppleBlossom63,0.34852654
jettj12,0.34852538
kris_lace,0.34851542
Gaston44,0.34851497
samuraialien,0.3485134
InsightfulLemon,0.34848142
St1cks,0.3484801
Hax_,0.34847307
RockyCoon,0.34846416
vivvav,0.34845915
charles_kafka,0.34845826
johnbarnshack,0.3484574
jshrlzwrld02,0.34844193
joi1369,0.3484359
yomomma56,0.34842494
rootbeerfetish,0.34840587
napster2k6,0.34840456
Freshenstein,0.34839097
CStaplesLewis,0.3483834
chevybow,0.348372
karhall,0.34837076
el_monstruo,0.3483508
bemmu,0.34834936
openxmind,0.34833938
markender,0.34833673
DeviousRetard,0.3483153
IRunIntoThings,0.3483123
Picklwarrior,0.34828714
jiblet84,0.34828612
saintdominic,0.34826353
Xanthon,0.34825683
Sir_George,0.3482473
themightypierre,0.34824663
ArchangelPT,0.34823298
picardo85,0.3482298
SybariticLegerity,0.34822372
HINDBRAIN,0.3482172
geobomb,0.34819952
ryan9991,0.34818652
UniverseAtLarge,0.34818172
bluetidepro,0.34817904
fiveandcounting,0.3481704
jojimboy,0.348165
elperu27,0.348164
Romulet,0.34816226
viksra,0.34816152
Andypwns,0.34816003
TankorSmash,0.34813437
MJsdanglebaby,0.34812224
ItsAFuckingCrocodile,0.3481122
Dragonfire138,0.34810886
smurge,0.34810752
SaxSalute,0.3481063
Carnae_Assada,0.34810567
Etonet,0.34810224
samdman,0.34810188
athennna,0.34809577
DrossGnostic,0.34808075
serupento,0.348077
Aspel,0.34807563
scuczu,0.34807038
Chuckgofer,0.34807023
l33tSpeak,0.34806284
dracoirs,0.34806284
TheRagingHerp,0.3480572
Anitor,0.34805667
AloeRP,0.34805512
Pabrunthhu,0.34805498
gammatide,0.3480536
Shizo211,0.3480505
Zelotic,0.34804094
r2002,0.3480383
luxpsycho,0.34803653
jturkish,0.348036
echeese,0.3480341
1leggeddog,0.3480183
JakeSteam,0.34800887
boommmmm,0.3480032
xenmate,0.34799686
TrevorSarazin,0.34799123
vteckickedin,0.3479845
fuzzyferret,0.3479748
piepei,0.3479659
mellowmonk,0.3479588
p0x0rz,0.34795737
sobermonkey,0.34795564
monotoonz,0.347947
xebo,0.34794638
smartalec98,0.34794435
SamuraiJakkass86,0.3479368
Minifig81,0.34793583
NilCealum,0.3479243
warlockami,0.3479155
Abeneezer,0.34791464
SPAZZEH,0.34790498
Lucavious,0.34789798
Iheartdragonsmore,0.34789342
WholeWideWorld,0.3478919
Chastain86,0.34788793
b33k3rz,0.347887
cleantoe,0.34787938
jinnyjuice,0.34787908
MadroxKran,0.34787792
iisdmitch,0.347872
mohiben,0.34786853
townshend445,0.347868
Theropissed,0.34785944
ezaviar,0.34785783
andrey_shipilov,0.34785378
Chompski1213,0.34785149
nerfezoriuq,0.3478466
comix_corp,0.34784532
KerrickLong,0.34784517
King_of_the_Lemmings,0.34783095
Cardsfan1539,0.3478306
Armonster,0.34782907
onetruemod,0.3478212
Brendancs0,0.34781972
broostenq,0.34781462
cycophuk,0.3478143
sigilvii,0.34781116
Jamesev93,0.34780642
tehrabbitt,0.3478051
eyethinkikn0wu,0.3478038
NotSoSlenderMan,0.34779963
Ragozi,0.34779218
Emmanuell89,0.34778857
ALLCAPSON,0.34778607
frankreddit5,0.34778145
Scarytownterminator,0.34777805
DivineIntervention88,0.34777647
brenan6,0.34776795
ImurderREALITY,0.34776434
mishagale,0.34776357
sexi_squidward,0.34776253
Duke_of_Chutny,0.34775493
Nesyaj0,0.34775114
ragogumi,0.34775072
SolidKGB,0.34773403
illeatyourheart,0.34773096
jeffAA,0.34772328
DarthContinent,0.3477189
HonoraryMancunian,0.3477124
Myte342,0.34771198
avicide,0.34771058
elessarjd,0.34769908
CoolGuySean,0.347699
IanRankin,0.34769866
FusionX,0.3476984
KUmitch,0.34768876
jrizos,0.34768742
Wilhelm_III,0.34767586
thejellydude,0.3476724
pedro19,0.34767103
real-dreamer,0.3476649
deadsoldier,0.34766385
Goochiman,0.3476634
jb2386,0.34765786
plasker6,0.3476569
Ovedya2011,0.34765676
livejamie,0.34765562
CyborgDragon,0.34765494
daniell61,0.3476523
ZeMeest,0.34765205
niobe127,0.34765062
timsandtoms,0.347647
kpingvin,0.34764534
alllie,0.3476449
Cookiemobsta,0.34763542
Kongo204,0.34763473
cammyfawkes,0.34763405
eorld,0.347634
travkram,0.34763122
9000sins,0.34761468
sjmarotta,0.3476122
Novasry,0.34760267
mordocai058,0.3475985
QWERTY36,0.3475956
rakust,0.34759453
Dekanuva,0.34759355
sdc_sketchez,0.3475898
elmntguy12,0.3475895
iSunMonkey,0.34758228
noodlesfordaddy,0.34758145
juxtaposer43,0.34757707
tmotom,0.34757686
PR3CiSiON,0.3475755
BrazilianRider,0.3475745
racutt,0.34757426
Iamien,0.34757262
hexag1,0.34757152
old_snake,0.3475705
ReallyForeverAlone,0.34756684
shortguy014,0.34755954
attosama,0.34755906
ma6ic,0.34755644
psych00range,0.34755245
thefaith1029,0.34754953
MarioneTTe-Doll,0.34754282
GoldenMoe,0.34753728
Sirbinkai,0.34753612
BashfulArtichoke,0.34753355
Likes_Information,0.34753144
rriz7,0.34751666
Selcouthit,0.34751186
Wizuhd,0.34750962
Mattxy8,0.34750894
HDATZ,0.34750825
C_sharp_minor,0.34750536
bleekicker,0.34750113
foxh8er,0.34749952
monk3yboy305,0.3474973
DuncanDonutz,0.3474926
crocomut,0.3474894
PabstyLoudmouth,0.3474866
General__Specific,0.34748554
Atari1337,0.34748542
Draedgal,0.3474806
HorizonShadow,0.34747896
scartol,0.34747878
klassik891,0.34747544
reidhasguitar,0.3474732
serenity10,0.34746528
NeroJoe,0.3474598
rv77ax,0.34745702
185139,0.3474518
colkurtz7,0.34743962
LegendaryJay,0.34743878
dash101,0.34743673
garv323,0.34742177
saldejums,0.34742054
The_Reverend,0.34741762
Alimoose,0.34741753
Dengar,0.34741583
coolhandluke45,0.34741318
10GuyIsDrunk,0.34741226
Doomed,0.34741104
dropstop,0.34740603
Extraltodeus,0.34740546
quinn_drummer,0.34740525
CrypticFalcon,0.34740466
anticommon,0.3473987
downtothegwound,0.3473982
VZW_Matt,0.3473966
thetafferboy,0.3473901
heavymetalpancakes,0.34738997
fishy007,0.3473894
Pizza_The_Hutt,0.34738767
ColonelMolerat,0.3473851
touyajp,0.34738463
aknutty,0.34737813
tresser,0.34737453
JoeDaEskimo,0.3473721
virginpresident,0.34737036
Slayner,0.3473693
mszegedy,0.34736726
nme_,0.3473635
senorjohhny,0.3473617
trauma_kmart,0.34735936
RainieDay,0.34735835
GreenDirector,0.34735686
Cruxius,0.34735423
funnyfaceking,0.34735382
djonn,0.3473522
LagunaGTO,0.34735033
backpackwayne,0.34734696
brianfizzle,0.34734577
0011110000110011,0.34734413
jack456123,0.34733546
commentsurfer,0.347335
rspix000,0.34733263
fawker,0.34732938
enfdude,0.34732896
empw,0.34732887
pryme,0.34732562
KosherNazi,0.3473226
mylifeisanocean,0.34731433
ddxxdd,0.34730908
bcr8tiveYT,0.3473062
Zaino14,0.3473019
Ravage123,0.34730008
elemenohpee,0.34729582
greenleaf187,0.3472952
Warlizard,0.34729213
Grimmbles,0.34729078
LazarusRises,0.3472907
Salsadips,0.34729052
Areat,0.34728613
sfs40,0.34728408
happy_otter,0.34728372
Frankfusion,0.34728348
thinkpadius,0.3472828
SearchNerd,0.34728053
americanpegasus,0.34728017
ThePipes123,0.34728006
baylithe,0.34727994
Linksawake,0.34727705
Rubb3rDucky,0.34727407
dossier,0.34727207
yeebok,0.34727198
jambox888,0.34727037
Cyc68,0.34726796
breticles,0.34726653
SSII,0.3472665
nutshells,0.34725827
Vorchun,0.3472561
Danster21,0.34725586
mgrier123,0.3472545
thatwaffleskid,0.34725437
makenzie71,0.34725162
jake10house,0.34724903
jordanbeff,0.34724826
ShamefulIAm,0.34724545
gryphonlord,0.3472454
CSRain,0.34724116
BlackNut,0.34723526
pavel_lishin,0.34723264
Miroudias,0.34722996
mynamespaghetti,0.34722778
bastiVS,0.34722513
taario,0.34722468
lomoeffect,0.3472229
DarthWeezie,0.34722117
haddock420,0.34721875
ruskeeblue,0.3472187
compto35,0.3472144
Bennyhick,0.34721038
BDCanuck,0.34720993
Man_with_the_Fedora,0.34720814
Ancel3,0.3472073
partisparti,0.3472037
fishsandwich,0.34720126
qp0n,0.34719822
jordypants,0.3471967
harry20larry,0.34719548
captainbawls,0.3471941
Tattered,0.34719318
JakeBurnsRed,0.34719235
LerithXanatos,0.34719104
Bacon_Man123,0.34719014
Retro21,0.34718475
Asmor,0.34718242
TylerDurdenJunior,0.34718126
Doomburrito,0.34718066
Treviso,0.34717685
desi_fubu,0.3471665
mehatch,0.34716487
EliteHunting,0.34716395
JustAnotherRedditor1,0.3471634
jam3zz,0.3471618
TheSheepdog,0.34714988
kevvvn,0.34714824
dragonboltz,0.34714755
Dr_Sandvich,0.34714732
TomMorrow2,0.3471449
Moncole,0.34714046
Tegyukfel,0.34713617
CantSeeShit,0.34713572
newpua_bie,0.3471346
t3rneado,0.34713286
captainxenu,0.3471326
InternetTourGuide,0.34713134
twitch1982,0.3471293
Alec693,0.34712252
ed1380,0.34712163
iTrollYhu,0.34711853
Dragonic2020,0.34711853
Naly_D,0.34711835
ozone63,0.34711757
Simbrian,0.3471172
agnesb,0.34711567
dudester567,0.34711286
NegimaSonic,0.34711108
douglasman100,0.34710848
sje46,0.34710816
Brandonspikes,0.34710366
spoofex,0.34710267
WinterCharm,0.34710044
JHoward777,0.34709924
noseonarug17,0.34709913
ggskater,0.347096
i_is_surf,0.34709403
Vergil25,0.34709102
Kynaeus,0.3470895
JayTbo,0.34708622
brett6781,0.3470821
AgeMarkus,0.3470806
InhailedYeti,0.34708017
MrVonBuren,0.34707978
bojank33,0.34707606
crookedhead,0.34707284
microtrash,0.34706777
daniellemx,0.34706315
bananinhao,0.3470628
tnick771,0.34705147
mowing,0.3470481
sutr90,0.34704804
itsclearimhappy,0.34704676
JustCallMeJoker,0.34704643
DarthMurdok,0.3470447
cjbrigol,0.34704238
zombiegirl2010,0.34704182
TheMagicLlama,0.34704122
dumnezero,0.3470408
hippiechan,0.34704065
berrics94,0.34704
Reddhedd13,0.34703904
FrailRain,0.34703752
pandawooper,0.34703717
brilliantmojo,0.34703672
jdgrafton,0.34703144
PerplexD,0.34703013
gnuworldorder,0.3470283
GrixM,0.3470282
Thefriendlyfaceplant,0.3470279
slayeromen,0.34702647
jlopez24,0.34702295
Dakar-A,0.347022
nps,0.34702027
AnnArchist,0.3470148
davaca,0.34701285
mdawgig,0.34701276
BlameTheHippies,0.34701052
Haz3rd,0.34700888
pyrowolf8,0.34700692
rothwick,0.3470055
AnalogDan,0.34700462
Pickle_Jr,0.34700385
mrdude817,0.34700322
secaedelcielo,0.34700322
tapanojum,0.34700203
ontherok,0.34700072
gueriLLaPunK,0.3470005
PyroSpark,0.3470001
Condhor,0.34699923
ArchmageJesus,0.34699747
SetYourGoals,0.3469965
RedSquaree,0.34699467
XiKiilzziX,0.34699428
tyrroi,0.34699422
Jobeanie123,0.34699348
IAmNotJoshua,0.34699225
SimplisticX2,0.34699103
Qingy,0.3469904
nathanmcc1,0.34698898
neocow,0.34698397
shadow8449,0.34697932
saywhatisobvious,0.34697762
BeingDS,0.34697378
DomStud,0.3469737
jimmahdean,0.34697327
lolpancakeslol,0.34697193
pinumbernumber,0.34697083
elmfuzzy,0.3469684
malakistiri,0.3469652
brownmagician,0.34695867
15amathis,0.3469573
bittercupojoe,0.34695652
Hoyarugby,0.34695652
DFGdanger,0.34695476
Ketrel,0.3469546
Myrandall,0.34695095
skibble,0.34694603
brumbrum21,0.34694555
muellzy,0.34694538
GreggoryBasore,0.34694228
SlyyyTendencies,0.34693906
Atled,0.34693822
Gengar11,0.34693727
Psychic_Monkey,0.34693617
quaxon,0.3469349
dukishlygreat,0.3469332
SaxyTimeReloaded,0.3469297
fozzarz,0.3469274
CobaltSmith,0.34692734
Albuyeh,0.34692717
dlogan3344,0.34692582
Milhouse_is_a_meme,0.34692472
lessobvious,0.34692144
MrLeekspin,0.34692052
andrew650,0.3469202
scharfca,0.3469198
explodingbarrels,0.3469198
timothy53,0.34691897
kevler9oh,0.3469169
bleedgreen96,0.34691542
Zirenth,0.34691268
MrRykler,0.34690705
ikarios,0.34690595
HurricaneFan13,0.34689745
Lostinwords,0.34689513
shitwhore,0.34689236
megustcizer,0.34689164
DoctorHeadshot,0.3468892
bigsol81,0.3468878
TehEmperorOfLulz,0.34688672
debrad1207,0.34688511
RzK,0.3468815
mjbat7,0.34687528
strutmcphearson,0.34687266
RufusMcCoot,0.346869
indochris609,0.34686813
SikhGamer,0.34686452
LHoT10820,0.34686399
Zarqu0n,0.34686372
AmericanDerp,0.34686214
TheDarkishKnight,0.34686074
CrowKaneII,0.34685943
KeruxDikaios,0.34685513
caligula213,0.34685338
badillin,0.34684923
JustAnAvgJoe,0.34684917
Chewie316,0.34684616
Xeonit,0.3468436
garbageeater,0.34684354
ejchristian86,0.3468425
chumprock,0.34684202
Bpbegha,0.34684184
SIThereAndThere,0.34683847
Ipskies,0.34683758
Procrasturbator11235,0.34683624
PuroMichoacan,0.34683588
TacticalSandwich,0.34683535
deafblindmute,0.34683436
dum41,0.34683385
Pots_And_Pans,0.34683338
boringzebra,0.3468326
nomanoid,0.3468322
loganemar,0.34682944
Meriis,0.3468289
just-jake,0.34682858
brosen87,0.3468274
acusticthoughts,0.34682518
verbify,0.34682277
Cashrunner,0.34682202
C_IsForCookie,0.34682065
BanksKnowsBest,0.3468205
TheWaterTemple,0.34681958
VoRicebowl,0.34681907
INGWR,0.3468189
bobcat,0.34681773
BadgerGecko,0.34681734
xSPYXEx,0.3468159
DaItalianFish,0.34681588
theonlyalterego,0.3468152
appropriate-username,0.34681177
BionicSammich,0.34680963
live4hisglory,0.3468096
gizmola,0.34680906
rb7_brady,0.34680858
jman077,0.34680858
wisyf,0.34680617
Sidetracking,0.34680563
RockasaurusRex,0.34680483
Ashanmaril,0.34680152
pretzelzetzel,0.34680107
Randyh524,0.34680104
GamerKingFaiz,0.3468007
TyPiper93,0.3468003
Kingelmobap,0.34679732
Bert306,0.34679317
GoogaNautGod,0.34679142
Wailordfan,0.34678945
CasioQuartz,0.34678692
teuast,0.3467841
JohnMLTX,0.34678325
DoTheEvolution,0.34678254
solateor,0.34678227
Anangrychip,0.34678185
Cohtoh,0.34678137
Lupinefiasco,0.34677938
electropulses,0.34677905
cyrilio,0.3467782
imaybemeesh,0.34677732
hornwalker,0.3467771
TooSmugToFail,0.3467763
shaggorama,0.34677553
BelmontZiimon,0.3467754
Geckos,0.3467749
englad,0.34677488
ikilledyourcat,0.3467748
YourFavoriteHippo,0.34677345
survum,0.34677234
CyanogenHacker,0.34676948
toucher,0.34676814
JangSaverem,0.34676468
nshaz,0.34676287
dbcspace,0.34676075
paintedsaint,0.34675562
likeBruceSpringsteen,0.34675464
SMUT_ADDICT,0.3467543
JustTVsFredSavage,0.34675407
jsalazar3,0.34675375
SCHROEDINGERS_UTERUS,0.3467533
Trickish,0.346753
Elchidote,0.34675267
demidyad,0.34675235
infernal_llamas,0.34674612
doug3465,0.34674597
Shilo59,0.34674284
Plumerian,0.34674215
PingPing88,0.34674126
Laurentius_the_pyro,0.34673986
RepostFrom4chan,0.3467396
B-Jamz,0.34673873
Always_Leaves_You_Ha,0.3467346
spdorsey,0.34673044
paranoidbillionaire,0.34672976
IAMA_SWEET,0.34672943
Mustaka,0.34672785
CaptainRandus,0.34672785
Snak_The_Ripper,0.34672466
scottocs,0.34672397
PeacePig,0.34672314
sectorfour,0.34672257
critcal_kurt,0.3467221
godlesspaladin,0.34672162
Growing4Freedom,0.34672052
apgbadboy,0.34671655
Inane_Asylum,0.34671578
Cutzero,0.34671512
sfitsea,0.346714
exophrine,0.34671304
Proud_Denzel,0.34671292
Miketheguy,0.34671274
Vegerot,0.34671205
TTSDA,0.34671167
carmichael561,0.34671026
empyreanmax,0.34670958
Llim,0.3467086
CleanBill,0.34670803
jordan3434,0.34670573
CantankerousMind,0.34670553
Arachnatron,0.3467004
mattyg5,0.3466996
zalemam,0.34669918
OvidPerl,0.34669906
kidzior,0.34669757
ChaosMotor,0.3466959
cderry,0.3466958
Indy_Pendant,0.34669554
Cern_Stormrunner,0.34669313
r3dh3rring,0.34669265
Clockwork757,0.34668875
skepticaljesus,0.3466859
blacjack,0.3466835
Modestjake,0.34667915
promonk,0.346677
tripled153,0.3466754
chancegold,0.34667447
dabisnit,0.34667286
Superego366,0.34667158
devitodevito,0.34666833
TareXmd,0.34666812
summerofevidence,0.34666756
sulaymanf,0.3466658
nosenuggets54,0.34665808
that1guywithredhair,0.34665802
VaccusMonastica,0.34665713
Zappastuski,0.34665704
synapticimpact,0.34665412
malufor,0.3466538
maynardftw,0.34665248
Hurinfan,0.34665227
chromer123,0.34665132
cullen9,0.34664944
Rhaps0dy,0.34664702
pokemaster_winter,0.34664556
Acidyo,0.34664497
Codidly5,0.34664455
Conash,0.34664428
michaelwc,0.34664413
pzycho,0.34663877
nmyi,0.3466363
1pnoe,0.34663567
DougDante,0.3466351
jmf145,0.34663448
ancientworldnow,0.34663373
Philipp,0.34663332
thenotoriousbtb,0.34663188
EvalJow,0.3466314
LordAnubis10,0.34663117
pup2551,0.34663075
scamperly,0.3466297
xlarukux,0.3466275
sage_of_majic,0.34662423
clawz_nd_webz,0.34662363
Jedi-Mocro,0.34662172
Mewoko,0.34661996
BeBenNova,0.3466191
Toliver182,0.3466188
tiradium,0.346617
SpaceOdysseus,0.34661698
rdelamora1,0.3466162
RSismylife,0.34661546
mike413,0.34661472
RenegadeSpade,0.34661472
SSChicken,0.34661382
Sgtstudmufin,0.346613
Jmgill12,0.3466128
slothzen,0.3466122
-RobotDeathSquad-,0.34661058
TheFifthCan,0.34660867
SpookyAssGhost,0.3466078
doctor_rocketship,0.3466056
Twitch89,0.34660423
brigodon,0.34660423
Yawehg,0.34660414
TheShittyBeatles,0.34660396
battierpeeler,0.34659487
thethiefstheme,0.34659326
ofsinope,0.34659266
_HeXagon_,0.34659222
abusmakk,0.3465909
spekter299,0.34658843
Sportsfanno1,0.34658834
BoonTobias,0.34658778
1tepa1,0.34658754
bknutner,0.3465853
GoldenGonzo,0.34658524
duggtodeath,0.34658495
Trojanbp,0.34658363
gigglestick,0.34658346
EugeneMJC,0.34658262
Phydeaux,0.3465819
ipiranga,0.34658074
rbevans,0.34658056
Occupier_9000,0.3465796
brashet,0.34657952
JeffMcBiscuit,0.3465786
TylerL320,0.34657818
Charwinger21,0.3465758
JALsnipe,0.3465738
NonstandardDeviation,0.34657297
seriouschiz,0.3465695
Kwasbeb,0.34656867
Spamsational,0.34656838
Dreckerr,0.34656683
leafeator,0.34656614
Retawekaj,0.34656417
kekembas17,0.3465611
TickleTh1sElmo,0.34656096
leonprimrose,0.34656057
Kromey,0.3465602
CanadianWhovian,0.3465581
Escobeezy,0.34655526
flippinkittin,0.3465545
woooooahnellie,0.34655204
SambobmaS,0.34655184
misnamed,0.34655184
Topper2676,0.34655094
aidanf123,0.34655002
wazzym,0.34654993
Matti_Matti_Matti,0.34654737
SimonPlusOliver,0.3465468
Ax3boy,0.34654608
unusualbob,0.34654585
yellowtag,0.34654573
ArabRedditor,0.3465445
TheBioself,0.34654436
CyruscM,0.34654185
Killhouse,0.34654143
jbrake,0.34654066
Smaktat,0.34654018
a11city,0.3465381
happywaffle,0.34653482
makaveli151,0.34653234
noroom,0.3465315
007T,0.3465314
HawkFood,0.34653026
ThePantsThief,0.3465284
Brutalitarian,0.34652808
Falkner09,0.34652787
jostler57,0.34652784
SnakeyesX,0.3465277
Emayarkay,0.34652472
izmatron,0.34652424
TwoPlanksPrevail,0.3465237
IByrdl,0.34652346
R3miel7,0.3465233
Mattho,0.34652117
ptgkbgte,0.34652022
CGWLP,0.34652004
Coenn,0.34651965
Gimme_The_Loot,0.3465176
geoffyou,0.34651726
ChingShih,0.3465172
whatthefuckguys,0.3465163
Jazzy_Josh,0.3465152
hachi6,0.34651482
blaspheminCapn,0.34651443
evolvish,0.34651405
iamriot,0.34651387
The_Messiah,0.34651372
MidwestDrummer,0.34651357
L2attler,0.34651306
tazcel,0.34651014
happytrees,0.34650937
username5550123,0.34650788
femaiden,0.34650755
OccupyMyBallSack,0.34650737
emarkd,0.34650594
BritishEnglishPolice,0.34650576
F1A,0.34650433
Toriankel,0.34650353
SkippyWagner,0.34650335
88rarely,0.34650186
Devchonachko,0.3464991
SgtMaj_Obvious,0.34649467
Frankeh,0.3464937
trshtehdsh,0.34649155
DarkStrobeLight,0.34649062
kosif,0.34649038
OHAITHARU,0.34648764
flippityfloppityfloo,0.3464872
Hotwir3,0.34648624
Reavus,0.34648418
metrogdor22,0.346483
iamnotfacetious,0.3464799
dumanyac,0.34647864
razzark666,0.34647787
TheSpiffySpaceman,0.3464774
NominalCaboose,0.3464762
JaseAndrews,0.34647518
robotshoelaces,0.34647137
MNGaming,0.34647092
rastacola,0.34647077
renome,0.34646833
IronOxide42,0.34646773
coreyf,0.34646747
adrenaline786,0.34646624
mrpanafonic,0.34646583
modman2,0.3464655
docodine,0.34646317
RossD123,0.34646276
Omar_Indeed,0.3464627
dude_from_pdx,0.34646103
Urschleim_in_Silicon,0.3464607
watchesyousleep,0.34645957
WyattFlem,0.34645495
gt14199,0.3464536
Extract,0.34645048
orko1995,0.34644362
footballfan123,0.3464432
RedditINator70,0.34644243
PinkPajamaPenguin,0.34644145
bigDean636,0.3464407
PlNG,0.3464405
Stellar_Duck,0.34643838
mezzizle,0.34643677
otakuman,0.3464355
AmiroZ,0.34643537
jvacek996,0.34643528
finkton,0.3464351
emr1028,0.3464351
PapaPetro,0.34643197
KOWguy,0.34643167
killerado,0.34643108
GoodLeftUndone,0.3464309
numandina,0.34642938
sorcon,0.34642914
hadhad69,0.3464285
somethingaboutfire,0.3464281
MSaadJilani,0.34642702
dan_blather,0.34642673
Vinsanity9,0.34642532
kookoo831,0.34642446
NunsOnFire,0.3464238
mindspread,0.34642363
Diamano,0.34642336
bobofatt,0.34642312
moldyxorange,0.3464214
gloomios,0.34642127
MrLadyfingers,0.34642068
PrincessPi,0.34642053
Le_Reptile,0.3464202
armedNINJA,0.34641978
asperatology,0.34641916
nomau,0.34641796
yeahHedid,0.34641728
ThraShErDDoS,0.3464171
Madous,0.3464164
Plowbeast,0.34641582
averagemonkey,0.34641477
ReverendVerse,0.34641454
JMaboard,0.34641445
SonicWafflez,0.3464136
GeminiVI,0.34641314
Ahanaf,0.34641203
yashchand,0.34641197
Cshock84,0.34641126
inquirewue,0.3464082
Keeks_marone,0.346408
heres_one_for_ya,0.34640783
anotherDocObVious,0.34640774
reddit_like_its_hot,0.3464074
j0be,0.34640718
Danarky,0.34640655
pajam,0.34640524
PSIStarstormOmega,0.34640518
prematurepost,0.34640455
HanktheDog,0.3464026
murfi,0.34640095
AndrewPresnal,0.34640056
j1002s,0.34640017
googolplexbyte,0.3463996
Tdeckard2000,0.34639588
kites47,0.34639558
ne0lithic,0.3463946
haakondafo,0.34639406
SenorFluffy,0.34639406
Bank_Gothic,0.3463933
FuzzBuket,0.34639308
snowgimp,0.34639192
the_moonface,0.34639034
HeyItsJay,0.34639004
Sarke1,0.34638903
SeriouslyLaughing,0.34638843
Sir_Llama,0.34638575
Noreaga,0.3463855
cottonheadedninnymug,0.34638536
speezo_mchenry,0.3463853
Perk456,0.34638464
nyarr,0.34638432
Caligineus,0.3463838
AdamSC1,0.3463829
JoshAndArielle,0.34638184
done8989,0.34637985
smacksaw,0.34637758
Simcom,0.34637728
Sommiel,0.34637663
jdylopa,0.34637615
vinspiration,0.34637615
TheSimonToUrGarfunkl,0.34637588
AFDIT,0.34637523
TheOneTrueCripple,0.3463751
jlew24asu,0.34637216
technoskittles,0.34637168
everyother,0.34637094
Pooh_Bear,0.3463699
AndySocks,0.3463668
110110,0.34636638
Coaltrain2371,0.346366
soapinmouth,0.34636432
Dudwithacake,0.3463636
Papa-Lazarou,0.34635854
gthing,0.3463585
VolumeZero,0.34635788
EpicCookieMan,0.34635767
Billobatch,0.346355
cloudedsky,0.34635466
Cordicuss,0.34635144
flaim,0.3463512
kosanovskiy,0.34635058
Yashoki,0.34634966
GODDAMNFOOL,0.34634948
thegillenator,0.34634915
Ederek_Cole,0.34634683
jon2kx,0.34634683
orangeslash,0.34634647
Rawtashk,0.34634456
fernandoandretn,0.34634244
DanjerBob,0.34634203
a_posh_trophy,0.34633902
ForScale,0.34633893
lilstumpz,0.34633756
PokemasterTT,0.34633687
tritter211,0.34633666
You_coward,0.34633568
Portgas,0.34633428
Muscles_McGeee,0.3463342
IlCattivo91,0.3463341
kimboslice11,0.34633252
aaoun,0.34633058
xanton,0.3463299
KingGeb21,0.3463293
bugzrrad,0.3463288
tianan,0.34632802
ohnoitsrambo,0.3463257
Peacockblue11,0.34632537
WatersofNazareth,0.34632486
zigzagzig,0.34632364
krazyfreak123,0.3463232
enad58,0.34632188
sp4ce,0.34632123
BlackBrown123,0.34632084
iaman00b,0.34631902
AibohPhobiA,0.34631866
Remdawg,0.34631816
LelahMunster,0.3463175
twitchMAC17,0.346316
Slippyy,0.34631547
nmpraveen,0.3463152
deadlyenmity,0.3463147
kmccormi,0.34631255
not_again123,0.34631214
Maxrdt,0.34631214
Deathbybunnies,0.34631023
CodenameCaboose,0.34630924
SleepySheepy,0.3463086
onscreenlol,0.3463086
santaschesthairs,0.34630734
aMANescape,0.3463068
macaroni_veteran,0.34630653
tha_dood,0.34630653
7D4Y_WEEKENDS,0.34630588
tsenaku,0.34630218
TheGreenShepherd,0.34629712
da1inchpunch,0.3462966
milleniummanp7,0.34629613
rdudejr,0.34629554
Dunskap,0.34628984
Googunk,0.34628975
bowhunter6274,0.34628958
JakeSteele,0.34628913
factor591,0.34628794
Mr_A,0.34628743
trafc,0.34628657
N8CCRG,0.3462858
Timmybee,0.3462857
bleachmartini,0.34628528
jarstult,0.34628522
Thunder_Thighs,0.34628487
footcreamfin,0.34628475
tamifromcali,0.34628475
iambecomedeath7,0.34628433
YHofSuburbia,0.3462829
grandfatherbrooks,0.3462825
kernowgringo,0.34628046
mpg1846,0.34628013
yellownumberfive,0.34627894
bastocrat,0.3462774
AuPhoenix,0.3462771
hamburglin,0.34627515
TheEmbernova,0.34627408
Raual,0.34627408
R3p3rTh3l3n,0.34627408
makesureimjewish,0.34627283
PinkMonkeySlippers,0.3462728
modomario,0.34627044
dieselgeek,0.3462688
avboden,0.34626833
pkmnBlue,0.34626812
Operatics,0.34626368
Twice_Knightley,0.3462627
cusoman,0.34626245
FenrirIII,0.34626165
Grimsonite,0.3462603
latenightnerd,0.34625944
PdoesnotequalNP,0.3462592
Canopus_2,0.3462584
bundleogrundle,0.3462579
Wisdom_from_the_Ages,0.3462578
deuteros,0.34625772
rockeh,0.34625757
GeniusIComeAnon,0.34625694
CressCrowbits,0.34625593
beauseph,0.34625474
sprremix,0.34625447
silentstorm2008,0.3462542
Vindexus,0.34625405
Expert_on_all_topics,0.34625378
gentlemandinosaur,0.3462537
cooncave,0.3462521
TheForceiswithus,0.34625015
kylelee,0.3462489
Swiss_Cheese9797,0.34624848
GrandmasterSexay,0.34624758
something224,0.34624553
Clint_Swift,0.34624237
Rickolas,0.34624046
spacelemon,0.34624046
LiiDo,0.34624004
SOwED,0.3462385
f00d4tehg0dz,0.3462377
colacadstink,0.34623736
Samamaniac,0.3462373
pigferret,0.34623602
skeeto,0.34623358
tyrannosaurus_fred,0.34623277
roflbox,0.3462308
uJellie,0.3462301
ephphatha,0.34622815
caross,0.34622762
HadManySons,0.34622753
thebrownkid,0.34622604
sakasama_bridge,0.34622413
David_Crockett,0.34622374
Rejexted,0.34622365
Makinporing,0.34622273
polezo,0.34622273
buck7131,0.3462208
dwaxe,0.34622073
llnk,0.34622008
amadea56,0.3462191
CopEatingDonut,0.34621876
aerobat97,0.34621873
amosko,0.34621817
kukukele,0.34621736
Maxscape7,0.3462162
ShaolinShade,0.3462159
admiraljohn,0.34621543
FarSide792,0.34621477
margaryna,0.3462143
jermslice,0.34621367
RPMiSO,0.34620985
aboothemonkey,0.3462093
curbstickle,0.34620845
slapFIVE,0.34620744
ustbro,0.34620705
doctorsound,0.34620526
knobiknows,0.34620434
spez,0.3462035
windoverxx,0.34620327
phazshifter11,0.34620327
wrigsam,0.34620294
theghostofme,0.34620264
Guest101010,0.3462021
SamMee514,0.34620175
bbouerfgae,0.3462017
meeeow,0.34620044
pengo,0.34619975
CHEEZYSPAM,0.346199
pecet,0.34619617
phunkystuff,0.34619612
TheSwedeIrishman,0.34619448
caustictoast,0.34619424
skinkbaa,0.34619305
ChickenPotPi,0.3461925
don_majik_juan,0.346192
jwchen,0.34619027
Spastic_colon,0.34618986
Omnifire,0.3461878
ReesesForBreakfast,0.3461856
essidus,0.34618106
troublesomeness,0.34618098
cheetahlip,0.34617865
TheFullMonty1394,0.34617758
ripster55,0.34617642
lolodotkoli,0.34617352
rickthecabbie,0.3461735
YourWelcomeOrMine,0.34617335
vernazza,0.3461708
Orangutan,0.34617066
Sightful,0.34616983
freeogy,0.3461686
supersonic3974,0.34616822
rasmus9311,0.34616688
Sweddy,0.34616375
acidroach420,0.34616178
AtTheLeftThere,0.3461614
Unicornholio,0.34616044
Searchlights,0.3461592
RhettS,0.34615824
waterandshade,0.34615764
tizorres,0.3461562
DearSergio,0.3461561
1ceyou,0.34615484
mwada1,0.3461544
turbie,0.34615266
TheSimpleArtist,0.3461525
ImNotAnAlien,0.34615076
staiano,0.34615034
Dark_Saint,0.34615022
Lesmothian,0.34615
mackk,0.3461492
sacredserenity,0.34614894
yakpimp,0.346148
Spineless_John,0.3461476
SplodeyDope,0.34614736
mightymdc,0.34614593
Glonn,0.3461453
corey561,0.3461444
hannahjoy33,0.3461438
Sasquatch99,0.3461433
CoolVito,0.34614325
grey_sky,0.34614316
ion-tom,0.34614062
FortuitousAdroit,0.34613946
Tiberius666,0.3461381
Pezking343,0.3461367
GFandango,0.34613633
Edibleface,0.3461354
sirberus,0.34613514
randoh12,0.34613514
stormclaw11,0.3461349
Aiken_Drumn,0.34613433
amj00,0.34613425
moby323,0.34613335
zubie_wanders,0.34613186
Finnishalzheimerskid,0.34613186
mspk7305,0.3461304
ANAL_PLUNDERING,0.34612966
Hesherkiin,0.34612888
cefarix,0.34612846
IncidentOn57thStreet,0.346128
BroccoBaba,0.3461268
KyleKingCDN,0.3461262
matt01ss,0.34612584
Vincent_Karma,0.3461244
Beave1,0.34612435
jyapman,0.34612402
jettrooper33,0.3461232
typtyphus,0.3461231
MrGoodGlow,0.34612265
mph1204,0.34612244
TransPM,0.3461208
Joelsaurus,0.34612072
TheGreatCthulhu,0.3461197
nodnodwinkwink,0.34611872
email_with_gloves_on,0.34611702
wallawalla22,0.3461166
aJarofDirt,0.3461158
hax2damax,0.34611514
CheesyChips,0.34611508
sterling_mallory,0.34611452
studcase,0.3461136
Stewie977,0.34611344
obsessive_cook,0.3461118
sandhouse,0.3461113
theKalash,0.3461113
Warhawk_1,0.3461098
Patrick_the_Saint,0.34610868
DodiGharib,0.34610674
wolf2600,0.34610593
sid9102,0.34610552
auriumius,0.34610456
loopscadoop,0.34610447
project_twenty5oh1,0.34610242
t3hcoolness,0.3460998
RDR911,0.3460996
gnashville,0.34609923
Mates_with_Bears,0.34609866
Mitcheypoo,0.34609616
EmceCocks,0.34609607
pwnyoudedinface,0.34609574
aznprd,0.34609488
JonLuca,0.34609383
lookitsdan,0.34609374
mrkees,0.3460929
TheSuperSax,0.34609273
Mxrgan,0.3460924
DaedalusMinion,0.3460924
MentalToast,0.3460923
THeShinyHObbiest,0.3460911
david-me,0.34609044
sararules2,0.34608996
slumslum,0.3460896
namsilat,0.3460892
bahaki,0.3460875
He11razor,0.34608617
GuidoZ,0.34608558
Whoa_Bundy,0.34608498
Platinum1211,0.3460836
Spungey,0.34608334
ITEM_NINE_EXISTS,0.34608284
Pabl0Esc0bar,0.3460827
DocJawbone,0.3460813
theruins,0.34607932
cavitycreep,0.3460789
mandal0re,0.34607884
Onlyhereforthelaughs,0.3460779
Goldd,0.34607783
politicaldan,0.34607705
shmadorable,0.34607667
Rlight,0.34607458
brody10123,0.34607434
ronconcoca,0.34607294
foehammer111,0.34607244
TangoZippo,0.34606805
MrFlagg,0.3460677
Syfilms64,0.34606585
RedSeven4,0.34606442
Jimbobmij,0.34606412
Sidekicknicholas,0.3460632
rougetoxicity,0.34606293
Phritz777,0.34606072
playa_mar_cielo,0.34605774
Scorch8482,0.3460566
Kolumbz,0.34605598
spencerawr,0.34605595
MonsterIt,0.34605452
broccolibush42,0.34605443
antifolkhero,0.3460542
scarface910,0.34605187
SpaceAzn_Zen,0.34605116
charlemang,0.34605095
vutall,0.3460509
Seamannator,0.34604785
XavierMendel,0.34604567
BravoTeam127,0.3460454
voyetra8,0.3460429
7UPvote,0.34604234
godisanatheist69,0.34603968
RhapsodyQ,0.34603962
ferio252,0.34603932
I_did_not_rape_her,0.34603828
lethalweapon100,0.34603715
Electri,0.34603688
TEmpTom,0.34603676
weaselbeef,0.34603667
murdurturtle,0.34603563
xereeto,0.34603548
BoredomCalls,0.3460354
Naruhodo,0.34603524
monopixel,0.34603333
MrFantasticGDB,0.34603333
nayson9,0.34603328
mybrosteve,0.34603295
brandonisgreen,0.34603295
darkpwnage,0.34603295
Capatown,0.34603268
weggles,0.34603184
SilverAce88,0.34602997
Emperor_NOPEolean,0.34602907
TWI2T3D,0.34602815
WoopAhhh,0.34602803
Mr_Philosopher,0.34602654
FuriousLamb3,0.3460254
MisterGone5,0.34602532
sk3pt1c,0.34602496
mamba_79,0.34602478
Z4KJ0N3S,0.34602472
o2daface,0.34602198
mcbordes,0.34602195
Dropbear81,0.34602195
dashdanw,0.34602177
danwin,0.34602112
PolarBurs,0.34602028
xXSJADOo,0.34601885
Asassin4TW,0.34601858
lulzcakes,0.34601805
chronic2001,0.3460175
DangerousDetlef,0.34601718
YouArentReasonable,0.3460171
BioGenx2b,0.34601623
musical_hog,0.34601328
manikfox,0.34601256
talzer,0.34601256
ktool,0.3460124
drock4vu,0.34601203
TitanicMan,0.34601113
klipse,0.3460105
ThorBreakBeatGod,0.34601024
ridik_ulass,0.34600988
PhiladelphiaIrish,0.34600744
gangrenous_ghoul,0.34600687
Mybrainmelts,0.34600648
Caraes_Naur,0.34600577
kcell,0.34600577
DisregardMyPants,0.34600508
RobertF23,0.3460029
yhelothere,0.34600282
potato1,0.3460024
HighwireAct,0.346001
MHoffy,0.34600085
Wolvenfire86,0.34599778
BlindStark,0.3459977
Mictlantecuhtli,0.3459968
949paintball,0.3459961
labago,0.34599516
timotab,0.34599477
Fadic4,0.34599355
Prcrstntr,0.34599102
atthegreenbed,0.34599078
Sutekhy,0.34599018
porh,0.34599
xavierfox42,0.34598705
weeyummy1,0.345987
hyperbad,0.34598693
Big_Theta,0.3459864
Jdban,0.34598625
waffle569,0.3459862
verygoodyear,0.34598565
IAMHab,0.34598425
PenName,0.3459822
mpavlofsky,0.34598184
Master_mind_,0.34598055
rmill3r,0.3459805
keineliebe,0.3459795
Jamy18,0.34597823
Elesium,0.34597674
DiabolicallyRandom,0.34597567
JOEY2X,0.3459756
alaskanloops,0.34597474
Valtieri,0.3459742
alan2500,0.34597376
DZ302,0.34597343
RedHerringxx,0.34597206
gologologolo,0.34597164
downhillmojo,0.34597155
DarkSideofOZ,0.34597087
allpro1337,0.34597
IAmAnAnonymousCoward,0.34596932
abig7nakedx,0.34596682
StrawberrieDream,0.34596676
Gfresh404,0.34596628
moontanned,0.34596622
Ownsin,0.34596342
Jaksongitr,0.34596285
RamsesThePigeon,0.34596217
wakeupsheep,0.34596175
shanoxilt,0.34596124
PotatoMusicBinge,0.34596112
brocccoli,0.34596092
RotatorX,0.34596023
kulrajwashere,0.34595993
LaugeGregers,0.34595877
Spam4119,0.34595817
i_post_gibberish,0.34595725
patrik667,0.34595713
filo4000,0.34595513
CarlLady,0.34595498
blisstonia,0.34595495
TheFugget,0.34595487
timex40,0.34595472
Gonza200,0.34595457
Flatline334,0.3459545
joetheschmoe4000,0.3459544
CGRampage,0.34595415
strallweat,0.34595323
Zephine,0.34595078
LoneWolfComando,0.34594908
poobicus,0.3459472
dagbrown,0.34594688
catch22milo,0.34594682
XxMiKeNjD17xX,0.34594643
stealthcreeper,0.34594616
Ruddiver,0.34594607
plazman30,0.3459454
BreakfastBurrito,0.34594354
professorpan,0.34594214
sn44,0.3459412
lttljimmy,0.345941
CARDTRICKSTER,0.34593886
Sariel007,0.34593862
grapesandmilk,0.3459384
MercurialMadnessMan,0.34593758
Literati,0.34593612
Grapeboy,0.3459361
texacer,0.34593534
speedyleedy,0.34593534
Decapod73,0.34593377
patriotaxe,0.34593222
imnotlegolas,0.34593195
mi1kman_dave,0.3459315
ohohb,0.3459305
harris0n11,0.34592855
sabotourAssociate,0.34592775
vaginitischlamydia,0.34592733
TestZero,0.34592706
stonesfcr,0.3459261
adwarakanath,0.34592542
Micosilver,0.34592503
Corpsman223,0.34592494
omni_wisdumb,0.34592444
BiggityBates,0.34592387
13_0_0_0_0,0.34592262
bro_b1_kenobi,0.34592247
sodypop,0.34592208
dave32891,0.34592095
juror-number-8,0.34592074
canard_glasgow,0.34591985
Yupitsnuge,0.34591925
nonex,0.3459188
spirit_spine,0.34591803
mygrapefruit,0.3459177
gangstabunniez,0.3459172
theskabus,0.3459172
astappaerts,0.34591633
nonubiq,0.3459161
burgplayer,0.3459148
DJ_Spock,0.34591454
DubTeeDub,0.34591383
TheCl0ne,0.3459136
laristocrate,0.345913
the_dayman,0.34591216
Petrarch1603,0.34591168
ahairycat-astrophe,0.34591126
mw3haha,0.3459102
grantmoore3d,0.34590998
VeinyPickle,0.34590998
EdgarAlanPwnd,0.34590852
jurble,0.34590623
Timisaghost,0.3459059
Purecheetodust,0.34590393
rizz360,0.34590384
SCARfaceRUSH,0.3459036
krispykrackers,0.34590188
cfschris,0.34590128
Roflmoo,0.34590054
phillyfanjd,0.34589916
erviniumd,0.34589872
Shanesan,0.34589726
Teckel22,0.34589508
MythOfLight,0.34589392
chico12307,0.3458932
sapiophile,0.34589309
rustyarrowhead,0.3458926
Otters4455,0.3458922
Acenus,0.34589133
HITMAN616,0.34589022
LittleTillyFooFoo,0.3458899
TheCakeDayLie,0.34588972
stapleherdick,0.34588876
Frashizzle,0.3458887
lettuceman44,0.34588805
orangepill,0.3458871
gonzoblair,0.34588602
unsurebutwilling,0.34588546
fuzzyblackyeti,0.3458853
nomcow,0.34588522
halogrand,0.3458846
NeonFights,0.3458842
ExtraPlus,0.345884
kriswone,0.3458833
Sampo,0.34588212
SadDragon00,0.34587836
122ninjas,0.34587753
mi-16evil,0.34587666
DashFerLev,0.3458764
ZeosPantera,0.34587383
jamers89000,0.34586996
LoyalTillTheEnd,0.3458678
kepleronlyknows,0.3458673
ZackZak30,0.34586668
scythesabre,0.3458666
webdevbrian,0.3458663
ImminentFate,0.34586626
had0ukenn,0.34586394
bigshmoo,0.34586376
jakerman999,0.34586343
somedude456,0.34586287
InternetLoveMachine,0.3458617
db82,0.34586152
kuttanpilla,0.34585932
Executioner1337,0.34585798
freetonik,0.34585774
bitshoptyler,0.3458576
SuckingDiesel,0.34585723
The_Doctor_00,0.34585688
cpt_bluebear,0.34585673
Software_Engineer,0.34585658
cbarrett1989,0.34585622
AtomikRadio,0.34585616
namer98,0.34585485
Chairboy,0.34585425
Azor2500,0.34585395
happycrabeatsthefish,0.3458526
Reed18,0.34585258
itmightbeaseizure,0.3458496
Cryptic-Panther,0.34584925
Cerberus73,0.34584865
tt_frog,0.345848
Ytoabn,0.34584755
hexprocess,0.3458472
CaptainGrandpa,0.34584683
mrlr,0.3458447
touchable,0.34584382
paintingunicorn,0.34584382
shzadh,0.34584308
x420Y0L0SWAG666,0.34584257
IsNotANovelty,0.34584215
firstdibbz,0.34584042
dan3659,0.34584033
zigzag32,0.34583983
Nomlin,0.34583965
yti555,0.3458391
taughtmonk,0.34583884
nasdaf,0.3458386
roger_,0.34583834
BeerIsMyFriend,0.34583828
ralph122030,0.3458382
srubt242,0.34583756
atheist_verd,0.3458373
provoko,0.3458373
kflipz,0.3458367
Clarketk,0.34583533
Zeratas,0.34583473
Coriron,0.3458343
BeefPieSoup,0.34583414
GallifreyanRavenclaw,0.3458341
Tarkaan,0.3458338
Jadis4742,0.3458336
thunder216,0.3458312
Sporkinat0r,0.34583095
francis_0000a,0.34583086
bge,0.34583077
fluffyponyza,0.3458302
Lokipokie504,0.34582984
Autopilot_Psychonaut,0.34582978
Darrkman,0.3458294
Bioluminesce,0.34582934
flipzmode,0.3458287
gatsby365,0.3458282
vorin,0.34582716
burnsz11,0.34582588
AtheistAgnostic,0.3458256
rumster,0.34582484
ruff0214,0.34582302
TTTNL,0.3458209
ggpurehope,0.3458203
Oderdigg,0.34581754
Ohh_Yeah,0.3458173
badblueboy146,0.34581667
CyrisXD,0.34581652
dave_g17,0.3458152
Piemonkey,0.34581354
FAderp91,0.34581274
MisssBadgerEnt,0.34581235
Kavec,0.34581196
Sir_Dr_Dickface_IV,0.34581155
TROPiCALRUBi,0.34581128
Amandrai,0.34581122
antonia90,0.345811
KoRnyWayz,0.34581077
rdfiii,0.34581074
al3xwuzhere,0.34581068
BB2921,0.3458105
likwidtek,0.34580827
speckz,0.34580827
FelixR1991,0.34580687
jessarojas,0.3458064
benjamari214,0.34580612
sumiriously,0.3458051
frisky_business2,0.34580278
Their_Police,0.34580225
momentum77,0.34580174
nexxus-s,0.34580174
Max_W_,0.3458015
Kuro_yami,0.34580103
cybrbeast,0.345799
EpicRageGuy,0.34579888
MootBear,0.34579813
iLiketrains131,0.3457949
GreyMatter22,0.3457945
samx3i,0.34579402
aryary,0.3457923
Blackglade,0.3457922
ZachPaj,0.3457907
newton54645,0.3457907
IronA1dan,0.34578928
soupyhands,0.34578857
m0pi1,0.34578824
taliriktug,0.3457879
The_Other_Other,0.34578773
lastoftheyagahe,0.3457874
yourcitysucks,0.3457866
MarkBC,0.3457861
mcjiggerlog,0.34578598
finsup,0.34578577
thenicky0,0.34578568
Rainieri,0.34578526
Zmodem,0.34578457
EditingAndLayout,0.34578413
ShezUK,0.34578353
ArchChisUm,0.34578264
fact_hunt,0.34578255
MadScientist14159,0.34577757
DarthOtter,0.3457763
mikejohnno,0.34577605
47L45,0.34577563
JDawg2332,0.34577495
SoundManCO,0.34577364
jpsquill,0.34577355
NeverOC,0.34577313
FearMeForIAmDan,0.34577027
AnotherCrazyChick,0.34577006
gijyun,0.34576893
FishBonePendant,0.3457687
dcwj,0.34576687
cookedbread,0.34576634
iambookus,0.34576607
_Synth_,0.34576607
Andy_Glass,0.3457653
xCessivePresure,0.34576514
Falldog,0.34576502
meiotta,0.34576458
BipolarBear0,0.34576458
riokou,0.34576327
BitchesLove,0.34576175
iRuisu,0.34576154
Sanwi,0.34576094
SolKool,0.34576088
CVBrownie,0.34575987
MrMango786,0.34575853
Steel_Ninja,0.34575713
polysemous_entelechy,0.34575698
Skylerguns,0.34575546
s-mores,0.34575537
The_Bhuda_Palm,0.34575412
WoozleWuzzle,0.34575242
MagicSandwich27,0.34575137
647,0.3457509
Ottetal,0.34575054
solidwhetstone,0.3457503
dusters,0.34574756
paulthepenguin,0.34574607
B_anon,0.3457442
hirashirou,0.345744
terrorTrain,0.3457437
stylezDWhite,0.34574345
billgarmsarmy,0.34574324
stormageddon103,0.34574264
ProjectDusk,0.34574232
MikeOfThePalace,0.3457418
Chef_Kevorkian,0.3457404
N4N4KI,0.345739
spooget3,0.34573886
bakerie,0.34573868
CUB4N,0.3457373
rage-quit,0.3457373
Sabenya,0.34573722
sageDieu,0.34573638
lovetape,0.34573582
fallingtopieces,0.34573552
Lancaster1983,0.34573546
doluto,0.34573534
blore40,0.34573466
Uber_Nick,0.34573466
dieyoubastards,0.3457345
hipnosister,0.3457344
rolobrowntowntony,0.3457344
Acrio,0.3457342
armyn1,0.34573284
danielblakes,0.34573233
namenottaken94,0.34573227
Sagerian,0.34573203
badbrutus,0.3457317
julesasner-dt,0.34572673
suntzu345,0.3457266
UnholyDemigod,0.34572572
runningraleigh,0.34572557
Pressedlee,0.34572458
Mylesd13,0.3457241
LowlifePiano,0.34572327
ginja_ninja,0.3457229
LawrenceLongshot,0.3457222
eternallylearning,0.3457174
Tripudelops,0.34571669
rahrness,0.3457158
noeatnosleep,0.3457157
Mogwoggle,0.34571445
HeavensNight,0.3457142
danth,0.3457132
davetbison,0.34571266
RoyallyTenenbaumed,0.34571257
PiggyWidit,0.34571198
Dvdrummer360,0.34571177
wondertwins,0.34571153
Terox15,0.3457112
FellKnight,0.3457101
coolkid1717,0.3457087
Banko,0.34570792
Anofles,0.3457079
OPKatten,0.3457067
jehe,0.34570503
NeverrSummer,0.3457044
NotARandomNumber,0.34570193
qervem,0.345701
SethBling,0.34570011
saadakhtar,0.34569955
sirkyle,0.345699
Iloldalot,0.3456987
epilis,0.3456982
Aduckonquack97,0.34569788
atticus138,0.34569666
Juffin,0.34569648
dafootballer,0.3456956
craftadvisory,0.3456941
ShaidarHaran2,0.345694
Stenzy,0.34569395
marky6045,0.34569263
jimmithy,0.34569168
toomanynamesaretook,0.3456914
Anheroed,0.3456914
ecnepsnai,0.3456911
sivadneb,0.34569082
t3hwookie90,0.34569055
Jaxkr,0.3456899
ivegotagoldenticket,0.3456897
pikadrew,0.34568968
xAsianZombie,0.3456893
Tuco_bell,0.34568828
Zeulodin,0.34568748
Meshiest,0.34568715
redwormcharlie,0.34568715
Valdair,0.34568584
Wagosh,0.34568527
josh6499,0.34568524
iia,0.34568486
steelpan,0.3456843
ASiCat,0.34568322
martentk,0.34568286
shadyabhi,0.34568286
wArchi,0.3456819
Patrick5555,0.34568155
BrianTheLady,0.34568113
epheterson,0.3456801
zillah1985,0.34567925
NahSoR,0.345679
benfbat,0.34567812
Wolven49,0.3456775
Nekrogoblikon,0.34567702
Seikoholic,0.34567702
spatchcock,0.34567645
cheezus_lives,0.34567642
swiftpants,0.3456757
JonnyBrah,0.34567547
TopHATTwaffle,0.34567425
freshmozz,0.34567216
Proportional_Switch,0.34567216
LewisKiniski,0.34567204
CptTremendous,0.3456711
CoCo26,0.34567085
Dear_Occupant,0.34566733
mago184,0.34566432
TopScruffy,0.3456641
BillOneyPaige,0.34566346
_Woodrow_,0.3456634
IronOhki,0.34566078
kmck96,0.34565905
Zutart,0.3456586
jupiter0,0.34565786
trevdak2,0.34565777
_deffer_,0.3456573
Technolog,0.34565675
markywater,0.34565657
nikiverse,0.34565628
redditlurkernoob776,0.34565604
arsenale,0.34565544
potatosss,0.34565413
stanleythemanley44,0.3456532
abgafi_laffy,0.3456524
inmatarian,0.3456519
SirSchilly,0.3456513
jweebo,0.34565082
starrychloe,0.3456508
callmenighthawk,0.34565046
HaydenTheFox,0.3456495
CLSmith15,0.3456485
themarknessmonster,0.34564653
GodOfAtheism,0.34564647
Strader69,0.34564513
agentapelsin,0.34564456
mikeleus,0.34564242
RackballJoe,0.34564185
ubomw,0.34564143
hestonkent,0.3456411
financialbabe,0.34564045
LKS,0.3456384
andywarno,0.34563822
FauxShizzle,0.34563792
Santa_Claauz,0.34563768
grouperfish,0.34563643
TheNateMonster,0.345636
burnner_,0.34563592
algo,0.34563586
cr5315,0.34563586
LyleLanley99,0.34563538
rock217,0.3456344
polydorr,0.34563342
Agenttable077,0.34563205
dgb75,0.34563166
brewzombie,0.3456308
Pwnacus_Maximus,0.34563047
_emordnilaP,0.34562874
Khatastrophe,0.34562874
craig3010,0.34562874
Grays42,0.34562835
Boredom_rage,0.34562713
rpm1984,0.34562665
Bonya,0.3456262
Thunder-ten-tronckh,0.3456256
LowSociety,0.34562445
WideLight,0.34562263
nathanl1192,0.34562224
ProfessorCaptain,0.34562215
fattylewis,0.34561798
VulcanRyu07,0.34561613
p337,0.34561566
Taedirk,0.3456152
bunka77,0.34561473
Yanrogue,0.34561437
MichaelJahrling,0.345614
Diasparo,0.34561342
CountGrasshopper,0.3456122
BIAATTCH,0.34561068
Eraser1024,0.34561065
Sabvegas,0.3456105
vviikkrraanntt,0.34561038
Spartancarver,0.34560955
TwisterAce,0.3456093
ProbeIke,0.3456087
KizzyKid,0.3456084
lordlicorice,0.34560814
Ryan2534,0.34560716
RobotKitten,0.34560716
KillEmAll83,0.34560505
Smipims,0.34560484
th3thund3r,0.34560466
stesch,0.3456045
WhatTheFDR,0.34560353
FredWampy,0.3456022
GiveMeBackMySon,0.34559983
sourcreamjunkie,0.3455991
cosmicsans,0.34559783
Airazz,0.3455976
Sidewinder77,0.3455975
Hawk_Blue,0.34559742
madsohm,0.3455965
TombSv,0.34559587
brodesto,0.34559444
Kattzalos,0.34559393
beernerd,0.3455923
LG193,0.34559178
shniken,0.3455914
Alexanderr,0.3455914
menes40,0.345591
joka86,0.34559026
HeezyB,0.34559017
Faneste123,0.3455876
scribbling_des,0.34558553
odigo2020,0.3455844
squiggitysquashua,0.3455836
ravenpride,0.3455834
lud1120,0.34558204
One_Giant_Nostril,0.34558183
socalnonsage,0.34558123
windowbreaker9,0.34558013
Crux315,0.34557912
Ilovewhatredditdoes,0.34557894
killerwin,0.34557617
ildabears,0.34557593
Justintime233,0.34557527
bperki8,0.34557337
Spezzle,0.34557298
SevFTW,0.3455728
Pareeeee,0.34556982
BenitoBro,0.34556982
itsallgoodie,0.34556866
Soccer21x,0.34556857
PantsHasPockets,0.34556735
RevWaldo,0.34556687
Izick,0.34556597
RRuS,0.34556562
MathGrunt,0.34556556
RandomName01,0.3455634
poops_all_berries,0.34556183
Atomicbob11,0.34556016
cacophonousdrunkard,0.34555835
4alex6,0.34555772
ajsadler,0.34555656
lancerevo98,0.34555572
summatclever,0.34555548
orsini1138,0.34555468
mike23pizzo,0.34555408
b0red,0.34555385
etm124,0.3455538
Caesar071,0.34555328
dudelsac,0.34555164
fb95dd7063,0.34555033
bblemonade,0.34554997
Heelincal,0.34554982
ToThisDay,0.3455494
brazilliandanny,0.34554875
yannisv,0.34554723
woodyallin,0.34554496
ameliamirerye,0.34554434
rohirs,0.34554228
Tox77,0.3455418
ButSheLooked18,0.34554148
pencer,0.34554148
mapryan,0.34554142
rycokamoore,0.34554055
jaxspider,0.34553975
ReplyYouDidntExpect,0.34553605
8bitmorals,0.34553573
Travv,0.34553492
Browsing_From_Work,0.3455333
Semen-Thrower,0.34553328
varrogath,0.3455332
Master-Thief,0.345532
peanutmanak47,0.34553096
Biggrodd,0.34552962
jabask,0.34552836
Fun1k,0.34552813
alienth,0.34552798
haikuginger,0.34552726
stixz101,0.34552637
tuckertucker,0.34552625
guelahpapyrus,0.3455255
colinodell,0.3455244
Waddupp,0.34552205
MileHighBarfly,0.34552076
h0bb3z,0.3455191
chrisgelb,0.34551895
Reminemaril,0.34551793
TheMellowestyellow,0.3455174
Pandalism,0.34551677
Rhythmic,0.34551537
kilo73,0.34551507
SkeptiCalhippoh,0.3455142
El_Pinguino,0.34551293
xarkonnen,0.3455121
LawBobLoblaw,0.34551182
Xeon06,0.34551138
DeanOnFire,0.3455108
ImNotJesus,0.34550992
azizinator25,0.34550905
rocketman0739,0.34550887
canipaybycheck,0.34550837
Mixed-Signals,0.34550634
British_Monkey,0.34550565
dhamster,0.3455043
mrhappyoz,0.3455008
jokes_on_you,0.34549963
thesepigswillplay,0.34549892
FullSizedForks,0.3454977
facedefacer,0.3454975
TooDrunkToTalk,0.34549558
heresybob,0.345494
Ninjatertl,0.34549332
Illuminatesfolly,0.3454874
HasNoClue,0.3454864
GenghisKhanX,0.34548533
ReactionDude,0.345485
TheAmazingSkoof,0.3454849
smdaegan,0.34548408
Kakoose,0.3454839
scolbert08,0.34548372
tehreal,0.34548175
showstopping,0.34548137
GlenThen,0.3454808
QuoteOfTheHour,0.34548017
ahampster,0.3454801
kn0thing,0.34548002
HyphyBonez,0.34547898
kasutori_Jack,0.34547856
IamBOXBOY,0.345476
lemonfreedom,0.34547427
Brak15,0.345474
l3un1t,0.34547094
Cup_O_Coffey,0.34546816
amorpheus,0.34546506
greath,0.34546447
AnotherClosetAtheist,0.34546405
OVdose,0.34546387
omgitsjo,0.34546357
zosobaggins,0.34546298
arghnard,0.3454606
idma,0.34545937
hoowahoo,0.34545904
PeterPorky,0.3454589
trmaps,0.34545845
Tater_Nuts,0.34545842
Russbear,0.34545803
agapornis,0.34545803
we1shknigh7,0.34545723
vetcmb,0.34545717
karthus25,0.34545684
loopuleasa,0.34545416
BrosEquis,0.34545374
jbrooks21,0.34545362
Birch_Tree,0.34545267
sgamer,0.34544906
Kadrik,0.3454469
MonksWithSticks,0.34544632
Devistator,0.34544617
feelbetternow,0.34544593
brainburger,0.3454457
NotaMethAddict,0.3454441
hearo,0.3454426
VictoriousPR,0.3454423
doodooeyes,0.34544086
Madonkadonk,0.34543926
djspacebunny,0.34543896
Metaphoricalsimile,0.3454387
myrpou,0.3454383
scottg96,0.34543753
scattyckot,0.34543747
lozdogz,0.34543696
blaizedm,0.3454362
hoodedbob,0.34543592
SubtleMockery,0.34543547
CZbwoi,0.34543523
DrSnaipa,0.3454338
jguacmann1,0.3454335
thegodsarepleased,0.34543318
stock_character,0.34543252
dishie,0.34543222
Aschebescher,0.34543207
6stars,0.34543166
DuckDragon,0.3454316
thevideoclown,0.34543112
Kalfira,0.34543064
Perma,0.3454305
OrgasmicKoala,0.34543002
johnmedgla,0.3454296
carny666,0.3454293
strangelycutlemon,0.34542912
laaabaseball,0.34542814
greiger,0.34542766
miklaen,0.34542698
Kuklachev,0.34542653
SimonSays_,0.3454259
GoblinTechies,0.3454252
daxl70,0.34542495
Paradox,0.34542486
Doxep,0.3454244
matrixifyme,0.3454241
brownboy13,0.34542298
zarmin,0.3454219
finaleclipse,0.3454216
thedeadhipster,0.34542084
Oiiack,0.3454205
GeauxHouston22,0.34541968
cubedG,0.34541863
drucey,0.3454172
metaranha,0.34541693
richardveevers,0.3454157
spankr,0.34541506
klinquist,0.3454147
zonination,0.34541357
mintberrycrunk,0.34541285
0rigin,0.34541276
scoofy,0.34541088
unforgiven91,0.34541008
risto1116,0.3454061
ebilgenius,0.3454059
kleopatra6tilde9,0.34540582
Aegist,0.34540576
867stevo,0.34540403
drumcowski,0.34540394
Shaleensinha88,0.34540367
farquezy,0.34540334
haluter,0.34540316
no_turn_unstoned,0.34540066
skarface6,0.34539905
RedPaintedHouses,0.34539902
FrenchieSmalls,0.3453967
magicmurph,0.34539348
jwatkins29,0.34539258
PenguinCowboy,0.34539068
Integralds,0.34538934
henry10937,0.34538838
megustaPRO,0.34538728
food_bag,0.34538612
mehdbc,0.3453853
cbfw86,0.34538496
ab001atr,0.34538484
Fuzzymuzzy,0.34538263
jetsparrow,0.34537956
DumaDuma,0.345379
mobuco,0.34537882
mage_g4,0.34537756
kmad,0.34537533
AtomicDog1471,0.34537417
SebbenandSebben,0.34537375
LeanBean17,0.34537345
nexxai,0.34537074
OstriNarwhalForce,0.34536928
libertao,0.3453691
coastermonger,0.34536824
troglozyte,0.345368
Aktve,0.3453674
vanillathunder12,0.34536597
CP70,0.3453645
Thai_Hammer,0.34536427
anexanhume,0.34536228
cometparty,0.34536228
Leadboy,0.34536117
fmgugle4,0.3453611
vvarden,0.3453609
exatorp,0.34535983
SQ_Minion,0.34535965
Killgraft,0.34535939
ujemvi,0.3453579
I_LOVE_SHEEP,0.3453576
loudtyper,0.3453572
Grant638,0.34535658
DominicDom,0.345356
woflcopter,0.34535417
TheRealCalypso,0.34535384
pocodot,0.34535384
Lepertum,0.3453528
ItWillBeMine,0.3453522
sprawld,0.34535074
mattXIX,0.3453501
Brownt0wn_,0.34534967
not_a_Dr,0.3453472
preggit,0.3453472
datdaz84,0.34534612
Langly-,0.3453452
NotSayingJustSaying,0.34534436
marquis_of_chaos,0.3453434
Muter,0.34534246
UnhiDEER,0.34534216
ksaj,0.34534198
deathril,0.3453415
ablebodiedmango,0.34534076
expiredcheese,0.3453395
Gehalgod,0.3453347
eternal_wait,0.34533438
BusyPedro,0.34533256
cowboyhaze,0.34533116
Artrw,0.3453305
DSice16,0.34532908
trumpet_23,0.34532818
AjdinSamurai,0.34532624
makemisteaks,0.34532613
RoverDaddy,0.34532613
MasCapital,0.3453259
mr_pleco,0.34532586
nomemory,0.34532323
401vs401,0.34532243
nittick,0.34532183
listn2moremetal,0.34532088
Slashered,0.34531993
headasplodes,0.34531587
iamslm22,0.3453153
Skrillex4ever,0.34531435
ramma314,0.34531248
Clark-Kent,0.34531152
Commander_Ninja,0.3453109
zoot_allures,0.34531018
BkkGrl,0.34530884
Schnapplegangers,0.3453079
jonesguy14,0.34530774
edwartica,0.34530732
sergeyuf,0.34530678
FriesWithThat,0.3453067
COOKIEEE,0.3453066
OldPeopleHateMe,0.34530628
SaltyChristian,0.34530553
AhhBisto,0.3453054
swanpenguin,0.3453053
dafunkmasta,0.34530392
ProfessorMcHugeBalls,0.3453031
deeperkyo,0.34530172
d1dOnly,0.34530115
Servious,0.34530053
jdbee,0.3452994
BlorfMonger,0.34529895
cessna182er,0.3452984
Random_Fandom,0.34529668
ManWithoutModem,0.3452945
thermal_shock,0.34529448
05senses,0.3452942
inaaace,0.345294
foamed,0.3452939
staomeel,0.34529364
hseldon10,0.34529248
parles,0.34529
xoxoyoyo,0.34528932
dudewhatthehellman,0.34528735
t0lk,0.3452867
NMeiden,0.34528553
tmoney34,0.34528416
ZeroShift,0.34528175
ymmajjet,0.34528124
Arve,0.3452801
held818,0.3452787
dzamir,0.34527802
TheMorningDeuce,0.34527594
scudd,0.34527442
sircmpwn,0.34527382
jremz,0.3452718
mequals1m1w,0.34527066
I922sParkCir,0.3452704
PeteDarwin,0.34526652
johninbigd,0.34526414
cespes,0.34526378
whipnil,0.34526354
awood785,0.34526274
exitstrateG,0.34526217
esPhys,0.34526175
Reddit-Hivemind,0.345261
jeffiethepirate,0.34525958
dannylandulf,0.34525874
Casedilla,0.345258
sovietsrule,0.345253
cptcliche,0.34525195
MrDanger,0.34525153
shmup,0.34525135
lordcarnage,0.3452513
julian88888888,0.3452486
Vpolne,0.34524736
NoseFetish,0.34524703
absentmindedjwc,0.34524566
bruce656,0.3452448
Qusqus73,0.34524238
ch00f,0.3452414
meatwad75892,0.34523714
nametheoccupation,0.3452358
UseWhatName,0.34523436
spoone,0.34523264
radonchong,0.3452321
RndmHero,0.34523153
unclesam_0001,0.3452309
Genesis09,0.3452292
i_pee_in_the_sink,0.34522775
syuk,0.3452252
zamwut,0.34522402
bonkeyfonkey,0.34522355
Ultravod,0.34522337
itsrattlesnake,0.34522095
netpastor,0.34522086
kyuronite,0.34522069
purpleolive,0.34522015
Unboxermail,0.34521902
EunByuL,0.3452183
HIVEvali,0.34521806
Liquidkp,0.3452171
Mx-yz-pt-lk,0.34521666
Natural_RX,0.3452166
Kylde,0.34521633
NotYourMothersDildo,0.3452154
tnethacker,0.3452147
Live4FruitsBasket,0.345214
eskimopie26,0.34521365
Halaku,0.34521076
Nicb903,0.34520993
JustZisGuy,0.3452093
g-dragon,0.34520617
datenwolf,0.3452038
MegaHz,0.34520325
LeetModule,0.3452025
jonnyd005,0.3451999
dicaxe,0.34519973
Swede_Babe,0.34519887
seaburn,0.34519845
ispoiler,0.3451938
Tynictansol,0.3451927
price0416,0.34518948
KevlarYarmulke,0.34518883
Tauna,0.34518117
HooptyDooDooMeister,0.34517917
calantorntain,0.34517726
theCarryAll,0.34517556
Nondo,0.3451754
Bortjort,0.34517524
kulaboy94,0.3451726
huckstah,0.34517202
redhatGizmo,0.3451709
eighthgear,0.345169
hero0fwar,0.34516877
TypicalHaikuResponse,0.34516865
nickbob18,0.34516823
Marduk96,0.34516725
MrDubious,0.3451662
weeeaaa,0.34516308
Eat_Bacon_nomnomnom,0.34515855
bazzaretta,0.34515846
StarHarvest,0.34515706
MessiahX,0.34515688
needmoney90,0.34515646
Bergolies,0.34515598
LeSpatula,0.34515572
Galaxyhiker42,0.34515285
FakeChowNumNum1,0.3451505
J-DawgDBZ,0.34514984
Sam1r,0.34514907
TCBloo,0.34514686
indrora,0.34514654
kleinergruenerkaktus,0.34514648
synopser,0.34514374
TheBird47,0.34514236
sobeach,0.34514225
MoarBaconStrips,0.3451383
BaconZombie,0.34513828
Fishooked,0.3451365
xtrasneakygastro,0.34513414
dontbthatguy,0.34512907
feedthecollapse,0.3451287
qqg3,0.34512764
Kaer,0.34512317
odinist,0.3451223
Innova,0.34512216
pseudolobster,0.3451206
belandil,0.3451194
vaselinepete,0.3451174
Codyyblake1,0.34511572
tomasziam,0.34511364
Tenstone,0.34511346
Native411,0.34511343
earthDF,0.34511304
notamustache,0.34510753
HyperspaceHero,0.34510654
aliaschicnine,0.34510645
AbbyMoriah,0.3451063
treebog,0.3451062
MKorostoff,0.345105
TheBlazingPhoenix,0.34510496
HappyManatee,0.34510323
abcleanonme,0.34510088
CHollman82,0.34510073
Justmomsnewfriend,0.34510055
AmunRa666,0.34509978
allgameplaya,0.34509963
DickRhino,0.34509936
AlexBeeInBim,0.34509927
KilgoreTroutQQ,0.34509864
ryan3243,0.34509745
linkazoid,0.34509724
el_drum,0.34509587
Caseycrowe,0.34509453
creesch,0.3450924
RalphiesBoogers,0.34509116
EvanC313,0.34509048
420TreeHugger,0.34508854
Anadyne,0.34508774
Bad_Zoo_Boy,0.3450875
intortus,0.34508422
JBHUTT09,0.34508353
nomsecretly,0.34508276
bobbaphet,0.3450815
acman319,0.34508142
Throwaway_4_opinions,0.3450812
AwkwardDev,0.3450806
wistan,0.34508002
dmk2008,0.34507892
veron101,0.3450716
supercheetah,0.34506878
Maple_D,0.34506834
Cadoc,0.34506813
xtirpation,0.34505662
Ihearcolor,0.3450565
Ryan_Konky,0.34505343
MrCobaltBlue,0.34505263
Womec,0.3450518
fapfap_ahh,0.34504828
yousaidicould,0.34504628
SecularScience,0.34504429
IamtheOceanAMA,0.3450437
nomofica,0.34504285
martiniman,0.34504193
leet_hacksaw,0.34504065
hazysummersky,0.34503773
whicketywack,0.34503356
CityWithoutMen,0.345032
JoshuaLyman,0.34503153
wjfox2009,0.34503093
veribaka,0.34503
acteon29,0.34502658
Kingtorm,0.3450251
theoneringnet,0.34502074
k0mbaticus,0.34501678
Pyrao,0.34501618
needuhLee,0.34501603
willreavis,0.3450148
LFryo,0.34501314
SSJwiggy,0.34501177
swampsparrow,0.3450108
Ginganinja888,0.34500667
decode1101,0.34500542
Lumpzor,0.34500432
expert_at_SCIENCE,0.34500173
Poptorts,0.34499854
VonAether,0.34499553
pianobadger,0.3449955
jonez450,0.34499466
lejefferson,0.3449943
garmachi,0.34499303
sygede,0.3449923
ToBadForU,0.3449907
metabeing,0.34498993
Lygar,0.3449878
promek,0.34498745
SmokehTheBear,0.3449866
Adium,0.34498066
paulfromatlanta,0.34498048
RubyRod,0.34497425
iiCUBED,0.34497043
Ohsin,0.344969
Evadregand,0.3449657
sbarias20,0.34496555
shellbullet17,0.3449655
Justicles13,0.34496322
Salanderson,0.34496307
callmecatalyst,0.34496215
gerusz,0.3449605
resonatingfury,0.34495938
typical_thatguy,0.34495783
eatcrayons,0.34495765
TheDuskDragon,0.3449561
nyuncat,0.34495026
someredditorguy,0.34494948
Crazysaxycool,0.34494925
Shagga__son_of_Dolf,0.34494537
TheRiseOfMaths,0.34494382
GEN_CORNPONE,0.34494188
highintensitycanada,0.34493896
Orangemilk,0.3449365
Imanari,0.34493288
sleepynow,0.34491965
oliverhart,0.34491807
Clit_Commander,0.34491745
fuzzy_dunnlop,0.34491357
nomalas,0.34491128
Notmiefault,0.34490493
big_tuna2,0.34490484
Fergals1107,0.3449026
georedd,0.34490138
D3cker,0.34489614
Xenophon1,0.34489432
GoFlight,0.34489408
Markus_Antonius,0.3448936
Lion10,0.3448903
SW4506,0.34488356
physicscat,0.34487945
Dathadorne,0.3448791
longhairedfreakyppl,0.3448767
apatt,0.34487408
no1name,0.34487116
grimskrotum,0.3448669
PortixArsenal,0.3448667
ddesla2,0.34486637
StutMoleFeet,0.34486207
mach-2,0.34486112
CharlieBear26,0.34485537
drunkentune,0.3448536
pekayer10,0.34485337
StickleyMan,0.34485224
Ochobobo,0.34484795
throwaway555789,0.34484684
Darth_InvadeHer,0.34484288
RAGErER,0.34484163
ChemicalOle,0.34483537
CoolRunner,0.3448315
B33sting,0.34482953
kindofstephen,0.34482267
peterabbit456,0.34482008
alexkoeh,0.34480682
Bersonic,0.34480447
djweswalz,0.3447987
YNot1989,0.34479728
Usht,0.34477076
happyFelix,0.3447662
not-a-cylon,0.34476307
travcurtis,0.34476066
luag,0.3447422
byeberlin,0.3447393
garychencool,0.3447383
InternetNinjacy,0.34473673
bumblingmumbling,0.34470803
skyline_kid,0.34469482
lloganwebb,0.34468707
orthros,0.3446778
Skanh,0.34467444
gzcl,0.34465882
zeug666,0.3446505
Protuhj,0.34462994
marmz111,0.34462503
jay456,0.34460112
Pravusmentis,0.3445952
