username,GNN_Influence_Score
崔听筠,1.0
普瑞-赛斯_,0.9701005
月海_Tsugumi,0.9691172
M-V-T,0.96728957
薛定谔的狸花咕咕咕,0.9663042
降萝伏莉仙帝,0.9635634
誓约寒,0.9628474
GLALXX,0.96258706
三添不贱,0.96252203
厌蠢之人,0.9621317
水族馆的大梨子,0.9620667
克喵可爱捏,0.9616771
茹大宝宝,0.96109146
冷心市民小玉,0.9606368
大乔617,0.960572
洁之良品---David,0.96018225
糸凛凛糸凛,0.9600527
fbi9527_,0.95998746
一枚云朵轻飘飘,0.9598587
红石方块Max,0.9598576
名字是一首歌,0.9598576
栗子暴打兔子,0.9596631
Zachary照尘,0.9595981
梓故zzz,0.9595981
泡澡香香的猫,0.9594036
nofish21,0.95933867
嘉泽胤阳,0.9592778
阳华与苹果酒的诗文,0.9592752
烟雨不稀烟雨稠_,0.95927453
xym12345,0.9592739
高筱珏,0.959209
椰蓉の糯米糍,0.959209
calmdown002,0.95914423
云淡啊风轻,0.9591442
风雨之中任逍遥,0.95907927
美的空调,0.95907927
35982787195_bili,0.9590144
迷之逊,0.9590144
清池处处起涟漪,0.9590144
picturesqueboat,0.9590144
沃洛嘉-,0.9589505
_The_God_,0.9589496
稳重一点啊,0.9589496
辰溪轩道,0.958886
蓝曦Lences,0.9588848
GTA5Cyberpunk,0.95888424
首席高木厨,0.9588213
一本正经的回忆录,0.95882004
cutewp,0.95875514
-芝士不好椰-,0.95875514
狐_hao,0.95875514
森set,0.95875514
乌托村夫,0.95875514
NEm0意为无人_,0.9586904
AHPbLIS,0.9586904
观岚岚吖,0.9586904
许若潇,0.9586904
辛弃疾Simcheegy,0.9586904
逃离实体,0.9586904
芥_弥,0.95862556
在陆亨克这了,0.9586255
41朵蓝玫瑰,0.9586255
潜水的鱼n,0.9586255
My丶Dearest灬SU,0.95856625
一枚鸭梨,0.95856065
亻五我鸟,0.95856065
韩美娟Amire,0.95856065
tyzhende,0.95856065
漫游者__,0.95856065
我不是梦中人,0.95856065
颜值并不一定正义,0.95856065
栀桦惜缘,0.9584981
KEX-Monika,0.9584959
Yooofox,0.9584959
橘喵敲可爱,0.9584959
正片叠底绘画战士,0.9584959
天王星-乌拉诺斯,0.95843464
别vi我,0.958431
-LostCity-,0.958431
阑荀夕,0.958431
还没熟的鱼蛋,0.958431
活在阳光下是温暖的,0.958431
原汁儿,0.958431
一向如此真的吗,0.958431
黄益达哒,0.958431
风度桑_EA,0.958431
何不扬了它,0.95837164
望神侞㕃,0.95836633
比格Bigsk,0.95836633
Luloce,0.95836633
花硬币改名啦,0.95836633
百分之60的派蒙,0.95836633
月球队长makoto,0.95836633
凛黦,0.95836633
给端午打工,0.95836633
刃下狼血,0.95836633
EVNSR,0.95836633
Mi迷醉,0.95836633
龙君Long,0.95836633
雾都冰火,0.95836633
曦熙婉,0.95836633
-赵Mou-,0.95836633
无芳离逝,0.9583663
空城旧梦xzx,0.9583017
十六不会做饭,0.9583015
鲨鱼的左膀右臂,0.9583015
orzorz_,0.9583015
寂寂钟鱼柏满轩_,0.9583015
一个稳健的玩家,0.9583015
银彩-SilVirbe,0.9583015
分肠道辘,0.9583015
小宇游戏xy,0.9583015
L3-猛汉猎人,0.9583015
haigusang,0.9583015
独矿者-OMPn,0.9583015
常星林,0.9583015
XT鸢尾,0.9583015
中老年人签名藏彩蛋,0.9583015
店长工具人007,0.9583015
夏日丨邮局,0.9583015
锐展XD,0.9583014
Callme祎一,0.9583014
默蜂QAQ,0.9583014
淆小青鱼,0.9583014
金德翼Golden_Daley,0.9582368
希茵今天还在河里,0.9582368
kay1ey,0.9582368
AAA_千目东路跑车维修,0.9582368
活在南极的热带鱼,0.9582368
初末寻辞,0.9582368
UNICODE2025,0.9582368
QI--祺,0.9582368
无竺兰,0.9582368
焚琴煮鹅,0.9582368
努力的小博士,0.9582368
新建文档XP,0.9582368
神秘的b站用户123456,0.9582368
科比,0.9582368
名将杀,0.9582368
极速小飞鱼fly,0.9582368
Gz小阿拐,0.95823675
学校你牛逼,0.95823634
摩西菌vvvv,0.9582326
顾阿小,0.95817196
十二刀语,0.95817196
Anastasiaying,0.95817196
只要脊椎,0.95817196
三国百将牌,0.95817196
容川居士,0.95817196
q青药师p,0.95817196
来根大白菜,0.95817196
nonane2077,0.95817196
楽しいかわいい子猫,0.95817196
特工小鸡zzz,0.95817196
没干劲de蚊子,0.95817196
半东白皮,0.95817196
豌豆味老干妈,0.95817196
THX2012,0.95817196
香蕉皮の神,0.95817196
甘意ganyi,0.95817196
旗帜工作室,0.95817196
MiguelKosugi,0.95817196
我也要吃鸡翅吗,0.95817196
MoonBit月兔,0.95817196
青春耄耋梦到曼波学妹,0.95817196
凉簟残烛,0.95817196
导坏,0.95817196
面要多加香菜,0.95817196
恭请邱小姐出嫁,0.95817196
花生于竹南,0.95817196
盒饭中的果冬咚冻,0.95817196
为什么野兽没有我聪明,0.95817196
锂葵,0.95817196
白布林不_,0.95817196
馬馬雨,0.95816904
折纸无忧,0.95811576
流客不知名,0.95810723
室盐,0.95810705
中雨转大鱼,0.95810705
华彩月,0.95810705
末薯名者,0.95810705
-KU-MA-,0.95810705
孚乃有庆,0.95810705
Joy_326,0.95810705
無_三,0.95810705
开背蒜蓉虾,0.95810705
甜口豆瓣酱ovo,0.95810705
夜泠ovo,0.95810705
艹此用户不存在,0.95810705
Iris_lyric,0.95810705
斜陽LilaS,0.95810705
拉拉小飞侠,0.95810705
芊九沫,0.95810705
九月会很热,0.95810705
风三月柒,0.95810705
玫瑰鹿bbs,0.95810705
可爱的土狗哥,0.95810705
bl9f,0.95810705
请叫我夕霧老师,0.95810705
城南輕舟,0.95810705
strangeineed,0.95810705
星ToBe,0.95810705
醒醒别oyi了,0.95810705
起飞ww,0.95810705
小言La,0.95810705
不见曦月3498,0.95810705
DECO2077,0.95810705
与辞浅,0.95810705
撒野小树,0.95810705
西住学姐,0.95810705
w显眼包w,0.95810705
Fierga伏尔加,0.95810705
不死骨灰,0.95810705
旭日之舟,0.95810705
-MiAoo-,0.95810705
尘风一枚,0.95810705
昨日的曦,0.95810705
Space丶JS,0.95810705
栗子鼠1940,0.95810705
来自律队的大拇哥,0.95810705
卦挂呱,0.95810705
曾文的旋律,0.95810705
苦瓜哇_,0.95810705
彩叶の八千代,0.95810705
九ノ离,0.95810705
魔君林澈s,0.95810705
SocianZeStof,0.95810705
鬼清明,0.95810705
大保底不歪臻菌,0.95810705
皇后区的热心邻居,0.95810705
彩色的风123,0.95810705
维焉,0.95810705
五更瑠璃丶黑猫,0.95810705
伏特加爬山斗地主,0.95810705
神络局外规划社,0.95810705
鲁路修·Vi·布里塔尼亞,0.95810705
诞水弧,0.95810705
超高校级の女装大佬,0.95810705
糖盐一定要在一起,0.95810705
蓝色懒猫一只,0.95810705
苏九思-,0.95810705
Slytherin-xsh,0.95810705
豆腐腐腐腐fu,0.95810705
物喜寄悲,0.95810705
Lennon不会起名,0.95810705
泊鈞,0.95810705
Chalice_W,0.95810705
奕寯,0.95810705
堂唐塘,0.95810705
想画画的七辰,0.9581069
流萤Soar,0.9581013
是王朝吖,0.9580698
Rainman_E,0.9580452
山海重工,0.95804244
青雨清泉,0.95804244
2k时期冷冻罗非鱼,0.9580424
你安全得救了,0.9580424
一只雨欣丫,0.9580424
囷囷不困困,0.9580424
承诺能信麽,0.9580424
盒菌子,0.9580424
海围着的陆地叫岛,0.9580424
多年ye,0.9580424
第七命,0.9580424
一只野生的文科生,0.9580424
励磁石,0.9580424
胖虎酱啊,0.9580424
你大大大爸爸鸭,0.9580424
让子弹飛一会er,0.9580424
阿潇不会吹箫,0.9580424
美好Brave,0.9580424
瑾年丶亮,0.9580424
活捉一只小松许,0.9580424
是懒人不是赖人,0.9580424
北冥系咸鱼,0.9580424
忆酒1,0.9580424
沈昇x,0.9580424
渡个毛,0.9580424
一念窥光,0.9580424
不想学理科的理科生,0.9580424
一只小梵茄,0.9580424
好喜欢明日香-,0.9580424
榴莲流奶牛角Bao,0.9580424
Strips139,0.9580424
零篇川,0.9580424
瓏龍籠,0.9580424
--千椰椰--,0.9580424
深海绿gou咯,0.9580424
咸桪不想哭,0.9580424
LmHudRui,0.9580424
Inno_etc,0.9580424
瀚天2077,0.9580424
猫猫和东东,0.9580424
NeverSettle_,0.9580424
xxx欲しい,0.9580424
佐佐木卡西欧,0.9580424
10lxr,0.9580424
元素AMG___,0.9580424
余余余余泠,0.9580424
还会更差吗,0.9580424
_Sao,0.9580424
灬贝莉尔灬,0.9580424
香爵可爱毛豆,0.9580424
唐完就宋oh,0.9580424
凤凰之于飞-,0.9580424
盼思返,0.9580424
秦丙辰,0.9580424
怎么不在家,0.9580424
大山妖重明,0.9580424
imitator_,0.9580424
迈耶诚不欺我,0.9580424
死兆星之彩,0.9580424
该成为怎样的人,0.9580424
过热的史莱姆,0.9580424
毛毛的从前,0.9580424
斯胺叁,0.9580424
路过瞅你一眼的一只汪,0.9580424
给你补个蛋蛋鼠,0.9580424
希儿希尔希希希,0.9580424
墨语默言,0.9580424
啊又过了一天呢,0.9580424
Melaniesmelon,0.9580424
原野绿电位分析,0.9580424
是大熊哦,0.9580424
可以让我退退,0.9580424
彦伯英字子午,0.9580424
北岛牧师,0.9580424
我永远喜欢高人先生,0.9580424
好奇的迷彩风筝,0.9580424
两大大碗稀饭,0.9580424
天台美厨一位丌-丌,0.9580424
怣,0.9580424
网卡又重连,0.9580424
吧唧1口小漂亮,0.9580424
sunberun,0.9580424
耶路撒冷沈阳路,0.9580424
SIG_SAUER-SP2022,0.9580424
ALTLOVE,0.9580424
异常有用的垃圾桶,0.9580424
丢失的免写卷,0.9580424
罐装盒头,0.9580424
影只猫Shadow,0.9580424
卖盒饭的小哥,0.9580424
元气满满的柠柒吖,0.9580424
开朗的真爱坤,0.9580424
别吵快睡着了,0.9580424
小主想睡觉,0.9580424
银的艺术,0.9580424
Milktea椰,0.9580424
GGu3,0.9580424
YMQLL,0.9580424
改头换面aaasa,0.9580424
单挑于北宸,0.9580424
LabMem_No004,0.9580424
账號已注销2333,0.9580424
是Q同学呀,0.9580424
塰鸦,0.9580424
你守哥来也,0.9580424
纳石矢,0.9580424
-超级赛车王-,0.9580424
我是天才蛙,0.9580424
花哨政,0.9580424
李惟张yq,0.9580424
-月之语-,0.9580424
时栖Hoho,0.9580424
再往前是远方,0.9580424
katerrrlhyu,0.9580424
3角公式,0.9580424
特玛头拒绝成为番茄酱,0.9580424
3993,0.9580424
自宅警備員のペンギン,0.9580424
_white_,0.9580424
paradox2333,0.9580424
忧伤的冬瓜,0.9580424
喂羊先锋,0.9580424
你的豌豆呀呀呀,0.9580424
循湮26,0.9580424
一锤定印,0.9580424
偏激筱丶明,0.9580424
summer丶埘绱,0.9580424
走猫步的鲨鱼,0.9580424
梁永欣沃爱腻,0.9580424
猫咪子_,0.9580424
KevinSxz,0.9580424
白风QAQ,0.9580424
灰灰大王666_,0.9580424
海比天藍,0.9580424
9jllol,0.9580424
盘旋的千眼,0.9580424
是小颜捏,0.9580424
厄余eyu,0.9580424
透镜星云,0.9580424
skylouis,0.9580424
lin1270,0.9580424
灰溜溜儿,0.9580424
不二月诗,0.9580424
Lei雷明Ming,0.9580424
全不灵,0.9580424
聪明的高坚果,0.9580424
烈豹乔亚,0.95803946
半串钵钵鸡,0.9580373
听张xz,0.95803654
东方逸夜,0.9579797
静梧楌,0.9579797
阳阳最萌,0.9579776
宅家的猫先生,0.9579776
光武帝劉秀,0.9579776
杨月yang,0.9579776
10000MHz,0.9579776
伏二金,0.9579776
我尼酱,0.9579776
云柒July,0.9579776
rucej,0.9579776
穷神小克说劲啊,0.9579776
白秋鸽-_-,0.9579776
灬暗夜神灬,0.9579776
喵喵眯眯呜,0.95797753
白泽拓,0.95797753
逆天改命乌鸦陈天雄,0.95797753
朔月清风qwq,0.95797753
maggie_szh,0.95797753
imksc,0.95797753
肆意丶梓,0.95797753
喝不了冰啤酒,0.95797753
大伟囚,0.95797753
_seagulll,0.95797753
蘭陵笑笑聲,0.95797753
夜礼服假面的红蔷薇,0.95797753
luwenwuNB,0.95797753
_月明共潮生,0.95797753
鸟畜,0.95797753
andymsu,0.95797753
asd_-_,0.95797753
夏花迷蝴蝶,0.95797753
木梓渝,0.95797753
苜制茗,0.95797753
辞镜_Asuka,0.95797753
halo_nk,0.95797753
_SKH_,0.95797753
大耗司,0.95797753
我好想你呢_,0.95797753
礼亭,0.95797753
被消耗掉的6枚硬币,0.95797753
nemo_qq,0.95797753
曲奇如丝,0.95797753
被又耽误的电影公司,0.95797753
曼珠沙华の彼岸花,0.95797753
Zoe7oe,0.95797753
老手勾大爷邓肯,0.95797753
Zoenash,0.95797753
minostar,0.95797753
改一个名字要我6个币,0.95797753
鳌拜得弟弟熬夜,0.95797753
月弥阶釤,0.95797753
阿祖卡布珈德,0.95797753
月的-六便士,0.95797753
蔚海彦彦,0.95797753
hinhin的鱼尾纹,0.95797753
kong_yu_jun,0.95797753
未知1参上,0.95797753
松籽ker,0.95797753
cnzjlaoluan,0.95797753
iridescent2024,0.95797753
独孤东炎,0.95797753
喵卫阳裔,0.95797753
hatomogi,0.95797753
喵喵折app旗舰版,0.95797753
葵九歌,0.95797753
dc不重启不改名,0.95797753
熵增二踢脚,0.95797753
茶茶stella,0.95797753
lifeline你的生命线,0.95797753
茶橘reo,0.95797753
茶杯里的非鱼,0.95797753
四叶Luckyclover,0.95797753
四区的尾椎骨,0.95797753
苏筱哲,0.95797753
图tu_,0.95797753
calvinOvO,0.95797753
高松的灯,0.95797753
bili_45780123422,0.95797753
见严冬,0.95797753
某不知名二字蔬菜,0.95797753
唱唱反调呢丶,0.95797753
塔帕酱,0.95797753
啸温风,0.95797753
bili_45506813630,0.95797753
bili_45628101523,0.95797753
埃里克ww,0.95797753
晚夜溢晚,0.95797753
bili_69904352393,0.95797753
大家好滴滴,0.95797753
理塘的哲学家,0.95797753
想想晚饭吃什么_,0.95797753
biupa嘣,0.95797753
杉本铃美,0.95797753
沙沙沙尘暴,0.95797753
朱扎记,0.95797753
予七语,0.95797753
桉子诺,0.95797753
空城一の猫,0.95797753
载易杞,0.95797753
乔砸のh,0.95797753
猫儿是大橘,0.95797753
白色轮毂,0.95797753
棉花糖_MELLO,0.95797753
帆儿啦儿啊,0.95797753
哎呀我不想取名字,0.95797753
十万伏特Thunderboy,0.95797753
十一诗语,0.95797753
二次元恒星,0.95797753
二零老师,0.95797753
云梦夜鼠,0.95797753
我也要助攻,0.95797753
云织光,0.95797753
云鵃,0.95797753
猫吃鱼_鱼爱猫,0.95797753
海贝壳有海,0.95797753
赛博老登单推人,0.95797753
亡棋林,0.95797753
河马朋友,0.95797753
八部HCJPSM,0.95797753
半岛台吹吹风,0.95797753
生盐诺亚_Official,0.95797753
閃刀姬丶零衣,0.95797753
狐柳黄白灰,0.95797753
不想为取啥名字而烦恼,0.95797753
一只小INKQWQ,0.95797753
丙纯,0.95797753
不漾仙10032,0.95797753
唱骑速食,0.95797753
不狂人,0.95797753
不狂啦,0.95797753
无法查询Nber,0.95797753
沫惜亿,0.95797753
法厄同星尘,0.95797753
疏篱淡月寒鸦,0.95797753
法厄同的暮暮,0.95797753
路灯的搬运工XD,0.95797753
新时代赛博扎克伯格,0.95797753
荷华千言,0.95797753
专业吃瓜群众hhh,0.95797753
白李呀,0.95797753
两手-空空-,0.95797753
疯狂衡灵,0.95797753
吃花椒的秃酱,0.95797753
wE1xUqU,0.95797753
仁糍粑,0.95797753
不夜猫貓,0.95797753
斯巴拉西zzx,0.95797753
無聊又邊緣的普通人,0.95797753
李简请69,0.95797753
热爱和平的小董同学,0.95797753
再见徐,0.95797753
你是我左边的风景,0.95797753
烦恼休息,0.95797753
你见我钱包了吗,0.95797753
其愚不可及也,0.95797753
炒鱼,0.95797753
炎日西時,0.95797753
共鸣鸽子,0.95797753
漠上凉,0.95797753
俺们控,0.95797753
饿货33,0.95797753
漫游者Kairo,0.95797753
97有山,0.95797753
剑灬神灬,0.95797753
六喰,0.95797753
胆小鼠残梦,0.95797753
克拉UwU,0.95797753
入梦bai,0.95797753
行走的詩,0.95797753
努力的小杨322,0.95797753
冰心一弦雪,0.95797753
叶片D2,0.95797753
无忘筱筱,0.95797753
今生ww,0.95797753
寒面东风,0.95797753
薄荷巧克力小蛋糕,0.95797753
职业迷妹,0.95797753
喵kiri_颂,0.95797753
片-------爿,0.95797753
纪风笑,0.95797753
涵盖芦,0.95797753
柠檬芝士_,0.95797753
佐腾酱,0.95797753
伍水硫酸曈,0.95797753
阿冉的N次方,0.95797753
会玩闪光的麦卡利,0.95797753
传奇月球守门人,0.95797753
水野幽香,0.95797753
老实人秋水,0.95797753
章鱼烧暴L,0.95797753
惣又介,0.95797753
在有风的日子里晾衣服,0.95797753
有机生命,0.95797753
去房间整把枪w,0.95797753
葡萄尸体,0.95797753
酷蕉,0.95797753
乳酸菌冷泡茶,0.95797753
哈哈哈_会和,0.95797753
solsetur__,0.95797753
sosomoli,0.95797753
ssssyrio,0.95797753
Noway_t,0.95797753
养只香蒲猫,0.95797753
记得叶贝妮曾经爱过你,0.95797753
eldiablo0820,0.95797753
superuuunir,0.95797753
江千尋,0.95797753
talonSG-FPV,0.95797753
哆啦丶小金Jinky,0.95797753
梵意琉璃,0.95797753
荥星中,0.95797753
纸窗亮着,0.95797753
三月莓六月花,0.95797753
纷扰趋静,0.95797753
栢丶川,0.95797753
和人kazuto,0.95797753
灵骑思故我在,0.95797753
skr洋葱头,0.95797753
sir扎克斯,0.95797753
小恐龙゜,0.95797753
仪子r,0.95797753
nouchiya,0.95797753
羽語於愈,0.95797753
美羊珜,0.95797753
ormoix,0.95797753
哭的火冒三丈,0.95797753
oy源源子,0.95797753
江北残刀10,0.95797753
很神秘的昵称,0.95797753
了了把事了了,0.95797753
单影-遥呀遥,0.95797753
绽放的终点,0.95797753
否视庭,0.95797753
普通老百姓在你家,0.95797753
白胆杯子,0.95797753
罹难烬,0.95797753
罗非鱼p,0.95797753
海艺的小窝,0.95797753
缅腆猫,0.95797753
鱼鱼鱼与羊,0.95797753
梦被光刷白,0.95797753
周淺,0.95797753
这不管那不管的牢B,0.95797753
眨巴眨巴眼睛真酸涩,0.95797753
系统提示该用户已下线,0.95797753
夏亚的飞毛腿,0.95797753
希彼基,0.95797753
御秦枫,0.95797753
柊丶Heeragy,0.95797753
木斧锤,0.95797753
永远亭的宅女辉夜姬,0.95797753
叫荏苒的鸟,0.95797753
七乐该睡觉了,0.95797753
石猫四,0.95797753
汪汪北北,0.95797753
万年沿挂,0.95797753
万念一条鱼,0.95797753
三千万30000000,0.95797753
矢速Velctor,0.95797753
赫白同学,0.95797753
瞧这个,0.95797753
上帝遗弃的小山羊,0.95797753
取名字Jay难,0.95797753
上衫一卿,0.95797753
下一站缘,0.95797753
眼里只有蓝色,0.95797753
神奇--阿呦,0.95797753
ZENFE_09,0.95797753
一天叭,0.95797753
吟游诗人握持,0.95797753
任识的陌生人,0.95797753
急性发钱寒综合征,0.95797753
最初和最后,0.95797753
吾乃高林也,0.95797753
yg王辰,0.95797753
吴解语,0.95797753
蓝色的赭鳞蘑菇,0.95797753
听白TownBoats,0.95797753
郁宁无瓜,0.95797753
君之南,0.95797753
神知道怎么想,0.95797753
向点何,0.95797753
魏俞轩,0.95797753
逆梦meow,0.95797753
吃葡萄就_吐葡萄皮,0.95797753
超声刀削面,0.95797753
橘枳jessie,0.95797753
臻好真的很好,0.95797753
一只数学的狗,0.95797753
可锁水面纸-,0.95797753
濠江南,0.95797753
兔子要发疯,0.95797753
YushawnChen,0.95797753
宇宙交通领航员,0.95797753
职业躺平懒羊羊,0.95797753
ComEonL,0.95797753
帕鲁狙击手,0.95797753
Coca_Fanta,0.95797753
药粟ys,0.95797753
戟错啦,0.95797753
9FdusT,0.95797753
它它汁,0.95797753
任归玄,0.95797753
齐市安格斯雪花牛肉,0.95797753
小科笔肘妈妈,0.95797753
待解救老司机,0.95797753
巴塞罗那的皮卡都,0.95797753
昏鸦派JT,0.95797753
离开以后醒着做梦,0.95797753
马特2016,0.95797753
许晚睡,0.95797753
情迷加勒比233,0.95797753
云溪不云惜,0.95797753
病弱吐血总司酱,0.95797753
大梦成真,0.95797753
蓝染白衣,0.95797753
浣_,0.95797753
那咋了和你有什么关系,0.95797753
五代进之介,0.95797753
AadamBJ,0.95797753
安敖在摆烂,0.95797753
翻斗花园屑老板,0.95797753
日匀子,0.95797753
6干锅居,0.95797753
安静的像头驴,0.95797753
蓝莓味の小蛋糕,0.95797753
ROCKTIME2024,0.95797753
扶山,0.95797753
DA1R,0.95797753
看见小丑直接拉黑,0.95797753
泥嚎比莉,0.95797753
1零二六,0.95797753
星陨之约,0.95797753
雾嘛噜,0.95797753
圆焰不拆不逆,0.95797753
微笑掩饰了忧伤,0.95797753
星源2012,0.95797753
水色理,0.95797753
路人小涵,0.95797753
macnndcheese,0.95797753
师傅菜菜又饿了,0.95797753
P_LS,0.95797753
始皇大弟,0.95797753
OvOverlooked,0.95797753
HewsonX,0.95797753
御坂6470,0.95797753
身堅志殘的小林,0.95797753
Oasis09,0.95797753
6funny6,0.95797753
星尚故事汇,0.95797753
NotrealRorschach,0.95797753
小青蛙兮兮,0.95797753
转生成核反应堆,0.95797753
小電龍,0.95797753
RTX1660Ti,0.95797753
Messi12356,0.95797753
婪隹Benitoite,0.95797753
A今晚大老虎,0.95797753
I正版受害者I,0.95797753
小沐de音乐盒,0.95797753
卜艾卢-狄克,0.95797753
李子炖鱼,0.95797753
小唐跳,0.95797753
武装蟑螂,0.95797753
施绪无解,0.95797753
方邡埅,0.95797753
Kong素问,0.95797753
青苔的晴天,0.95797753
Kiti_Cedar,0.95797753
野粿酸酸酸,0.95797753
小小阿宅Erin,0.95797753
朱子雀,0.95797753
LaPluma987,0.95797753
第11封来信,0.95797753
小鸡内裤。,0.95797753
番茄炒蛋冰淇淋,0.95797753
新号啊啊啊哇哇哇,0.95797753
臭画画的弗拉恭,0.95797753
Quanziluuuuu_,0.95797753
新世代的Fans,0.95797753
Jayish,0.95797753
黎曼可积,0.95797753
猫猫吼可爱,0.95797753
小樱花のSakura,0.95797753
青芒微_美女蛇小青,0.95797753
JJJJJJJJJJJson,0.95797753
Iris白一,0.95797753
林霞夕阳,0.95797753
彼时的碎月,0.95797753
Alex-A哥爱溜达,0.95797753
Alay666,0.95797753
你的鱼小摆,0.95797753
嘻嘻恩优,0.95797753
我问尼在肝神磨,0.95797753
雾岛u,0.95797753
迷茫的地球人,0.95797753
纯情火辣清道夫,0.95797753
寂月星尘,0.95797753
寄人篱下的可怜鱼,0.95797753
Yuuuuuuuji,0.95797753
Celine不熬夜,0.95797753
逆子打为父,0.95797753
日夕KagLun,0.95797753
寒瞳鹤影,0.95797753
AnselSamson,0.95797753
飞影云z,0.95797753
飞天xiu毛驴,0.95797753
HCN氢氰,0.95797753
整点稍麦,0.95797753
马星瞳说,0.95797753
良尘景,0.95797753
弱弱的小汤汤,0.95797753
无痕迹影,0.95797753
时过境迁77,0.95797753
Andy-西西弗,0.95797753
邹临,0.95797753
纸春时,0.95797753
小波961016,0.95797753
181边学习1边,0.95797753
焚风___,0.95797753
断发以明志,0.95797753
-BeYourself-,0.95797753
黑喵不吃罗非鱼,0.95797753
-Liseen-,0.95797753
_兔叽果_,0.95797753
Eric是喜哥,0.95797753
JimsDesign,0.95797753
阿吉日记,0.95797753
-桃课去看大明猩-,0.95797753
橙子是魔王,0.95797753
没名字这么搞,0.95797753
看那花多美,0.95797753
疗愈师小u,0.95797753
Sky风华雪月,0.95797753
想一起吹海风,0.95797753
巨魔苗,0.95797753
Floyd_Young,0.95797753
Daylight-567,0.95797753
Day_lily,0.95797753
Glaxy_Rain,0.95797753
-精神丧失-,0.95797753
麋失鹿,0.95797753
控评有罪,0.95797753
葫蘆小C剛,0.95797753
怪奇界,0.95797753
选择子午or弧矢,0.95797753
DCZDHT,0.95797753
Twinkle霆,0.95797753
Safaloers萨法,0.95797753
音浪时光机,0.95797753
您的昵称包含低俗内容,0.95797753
是远大兄,0.95797753
顾景黎,0.95797753
-哲理的山路十八弯-,0.95797753
-天希,0.95797753
巴巴塔_w,0.95797753
岑皮啊,0.95797753
奈喜子,0.95797753
比目测丙鱼,0.95797753
-小景呀,0.95797753
失眠玖月十八蛋仔,0.95797753
猪郁桢桑,0.95797753
F_eiuu,0.95797753
中二kg,0.95797753
重逢别中二了,0.95797753
Steven5990,0.95797753
冰烧冬_,0.95797753
Sternstunde桉溟,0.95797753
抱抱薇妹,0.95797753
晴不欢,0.95797753
晓美焰の老公,0.95797753
惟江上清风山间明月,0.95797753
三三の九です,0.95797753
黑夜禁锢,0.95797753
紫月岚,0.95797753
佛系雨莹,0.95797753
小鼠同学Minimouse,0.95797753
贰寻-,0.95797753
V7KAcE,0.95797753
半机械蝴蝶k,0.95797753
是时候改昵称了_,0.95797753
愛白虎,0.95797753
Romantic丶鬼刀,0.95797753
找不到出口的人,0.95797753
鷇,0.95797753
DJingxxx,0.95797753
YesToday_阿润,0.95797753
守魂,0.95797753
慕思集团,0.95797753
姜ヅ王,0.95797753
西柚味的木璟花,0.95797753
1472615672,0.95797753
悟-wu,0.95797753
是安好先生,0.95797753
请输入文本-1145141919,0.95797753
Refrain_it,0.95797753
秋古羽,0.95797753
17th航,0.95797753
赵本山本山哈哈,0.95797753
大藤王,0.95797753
山楂-西红柿-土豆,0.95797753
爱喝冰镇绿豆汤,0.95797753
0号元素,0.95797753
FL-风凌_,0.95797753
忍月愁,0.95797753
长峰嗑技,0.95797753
DNA烘焙机,0.95797753
lili455,0.95797753
赽泺熋尒,0.95797753
要素集成体,0.95797753
非法火柴人,0.95797753
精神大夫,0.95797753
想睡大觉嘎嘎乱杀,0.95797753
S-I-C-K,0.95797753
SHIFXJ,0.95797753
052NOSORA,0.95797753
识货App,0.95797753
yh_24,0.9579747
蒹葭浮生,0.95794654
菜包子-caz,0.95794654
夏时何时,0.9579403
我觉得杨桃,0.95791286
战意电竞丶红中,0.95791286
波妞波弟,0.95791286
我要这么大脸有何用,0.95791286
洛剑卡子,0.95791286
拔剑问心95,0.95791286
拓海-ovo,0.95791286
拒绝周董三次,0.95791286
江边马子,0.95791286
池中子,0.95791286
我问问撒手,0.95791286
我负责膨胀你负责收缩,0.95791286
江韵宋瞳,0.95791286
洌風,0.95791286
战意电竞黑幻法爷,0.95791286
泥煤的昵称,0.95791286
泪桥雨落下,0.95791286
一般通过利伯塔里安,0.95791286
泼出去的儿纸嫁出去的水,0.95791286
泽然Zn,0.95791286
我鄂鄂,0.95791286
拔罐男模の甜美爱情,0.95791286
洋葱萝卜一生之敌,0.95791286
波奇酱-Bocchi,0.95791286
沙雕动画完结,0.95791286
拉-乌,0.95791286
没有胖次的牛战士,0.95791286
没走油的走油肉丶,0.95791286
没泡芙我会死的,0.95791286
才不会偷吃芒果,0.95791286
扶老太太闯红灯----,0.95791286
沉穆乌云-十六月圆,0.95791286
沐轩璇,0.95791286
才醒的,0.95791286
扑朔呀,0.95791286
没有道德的燕麦片,0.95791286
我要巫妖王药丸,0.95791286
没有美感的设计师,0.95791286
沉着冷静咪,0.95791286
打L的都是魔鬼,0.95791286
沐雨知空音,0.95791286
沙漠二狗子,0.95791286
没有好看头像,0.95791286
打酱油的丁,0.95791286
沙雕二氧化硅,0.95791286
没尝过社会的险恶,0.95791286
扫你爸爸的头,0.95791286
没完没了不改了,0.95791286
沞苜,0.95791286
没错你真的卡了,0.95791286
扌览辰,0.95791286
泡物线,0.95791286
法棍勇者手游废人,0.95791286
抵达了他忠实的B站,0.95791286
汪淼队长,0.95791286
沁颉,0.95791286
法浅寒,0.95791286
抱走枫妹,0.95791286
战神dream,0.95791286
披萨小圆子,0.95791286
战神之王帝皇,0.95791286
戚爱,0.95791286
护一只知更鸟,0.95791286
法师必须死,0.95791286
泉泉-niki,0.95791286
房里有好康的Kon-,0.95791286
夏日腥,0.95791286
把玫瑰叫成你的名字,0.95791286
大梦想家小飞,0.95791286
把王杰希拐回家,0.95791286
手头西瓜,0.95791286
SSS青,0.95791286
沃部诗人,0.95791286
沈朝溪,0.95791286
手机野人,0.95791286
所谓烟雨之类,0.95791286
我才起床_,0.95791286
我要去只有萝莉的世界,0.95791286
温良的嬷嬷123,0.95791286
是条滑光仔,0.95791286
溪南亭,0.95791286
源游梦,0.95791286
源宇宙3,0.95791286
源于朝露,0.95791286
游韧攻略,0.95791286
想想可莉怎么炸鱼,0.95791286
想改名_,0.95791286
游淑女,0.95791286
游戏机制挺怪,0.95791286
游戏F蛇,0.95791286
渲染流年似水,0.95791286
愁草瘞花銘,0.95791286
AF23986,0.95791286
感谢地心引力,0.95791286
清晨van游戏,0.95791286
慕斯喲,0.95791286
慕溶雨淅,0.95791286
温特尔森,0.95791286
温柔姐姐恩雅,0.95791286
渡重洋,0.95791286
Szaskaite,0.95791286
渔夫移山,0.95791286
清风归客725,0.95791286
皓月明空星辰大海,0.95791286
憨来书枉,0.95791286
清蒸盐鱼,0.95791286
成绩单又丢了,0.95791286
清玄叶一,0.95791286
我_要_放_假,0.95791286
想念有雪的地方,0.95791286
想吃烤肉TT,0.95791286
溪荷竹汐,0.95791286
溯光丶,0.95791286
小小冰块奶油,0.95791286
十里春风十里送,0.95791286
十一躺好,0.95791286
O猫腻了鱼,0.95791286
潘引壶的熊窝,0.95791286
潇潇努力干,0.95791286
漾漾爱吃西瓜,0.95791286
悠妍晓琳,0.95791286
您巳急哭,0.95791286
漾无航空B9742,0.95791286
您有事吗2018,0.95791286
您的云空间已满,0.95791286
漫步晴雨中,0.95791286
漠倾baaaaa,0.95791286
悲伤忧郁马铃薯,0.95791286
悲伤的畸形香蕉,0.95791286
漂弗不定,0.95791286
滿身泥濘,0.95791286
滹沱河c,0.95791286
悲傷の魚,0.95791286
滴哒滴辣,0.95791286
惜惜煜,0.95791286
满脑子可爱的Sherry,0.95791286
Badwoman-空眠,0.95791286
想依,0.95791286
满山桃桃,0.95791286
想到再来告诉你,0.95791286
满分试卷加油_学习,0.95791286
想去北极的企鹅_,0.95791286
我一定会懒得更地,0.95791286
清丫呀,0.95791286
一个洛杉矶老司机,0.95791286
洞九幺九,0.95791286
流心苏酥,0.95791286
我是52饼干的狗,0.95791286
流年衫,0.95791286
我是䨻,0.95791286
我是一颗B站用户,0.95791286
我是初小晨,0.95791286
潜水羊羊,0.95791286
我是咬央,0.95791286
活在梦里的橙汐,0.95791286
千树怜w_w,0.95791286
我是我觉得最好看的人,0.95791286
我是挽星a,0.95791286
我是果冻啊怎么了,0.95791286
活体鲤鱼王,0.95791286
洛雪璃灬,0.95791286
以诺克之风,0.95791286
我是無名小卒,0.95791286
我是瘸子别踹我腿了,0.95791286
我是神人吗-,0.95791286
我是菜鸟-想寄就剂,0.95791286
我来看鬼畜的无聊,0.95791286
洛阳之夕,0.95791286
我没有名字-_,0.95791286
我的吹笛者,0.95791286
洛洛雨笙,0.95791286
洛泪溟,0.95791286
我的板QAQ,0.95791286
我的闲暇小憩,0.95791286
我约等于人,0.95791286
我练瑜伽自己吸,0.95791286
流星宇之夜,0.95791286
流萤尺间,0.95791286
浅梣chen_,0.95791286
我星廾,0.95791286
深蓝车友红茶,0.95791286
我予满穗,0.95791286
我先占个id,0.95791286
我刚刚改了个名,0.95791286
Akuei,0.95791286
深蒼Arc,0.95791286
深海海草,0.95791286
深海利剑八一,0.95791286
深夜种花的二哥,0.95791286
涼城以南,0.95791286
蔻蔻爱美丽,0.95791286
涤尘畅饮HCLO,0.95791286
我可能是一只土豆,0.95791286
涛昇pa,0.95791286
千屿白川,0.95791286
消费者热线,0.95791286
海野雲,0.95791286
我听着呢小基米,0.95791286
海东青泽,0.95791286
浮尘寄雪,0.95791286
我喜欢煎蛋Juan,0.95791286
我在死海漂泊两千年,0.95791286
我好q1,0.95791286
浩松陈,0.95791286
一拳哥哥,0.95791286
我已不在梦也成空,0.95791286
浦田纯子,0.95791286
我很简单23,0.95791286
拥有惊世智慧的钟表头,0.95791286
江湖憨包,0.95791286
武帝指点十万军,0.95791286
江海涛的江清漓,0.95791286
果粒澄ovo,0.95791286
林子Kily,0.95791286
林尘歌深,0.95791286
林籽linz,0.95791286
林野有余粮,0.95791286
星赫逍遥,0.95791286
林雨萱-SNL,0.95791286
果goo,0.95791286
果酱喵Mia,0.95791286
枫叶Zing,0.95791286
枝菌格格,0.95791286
星海plus,0.95791286
word富勤,0.95791286
枣巳波,0.95791286
星核律者,0.95791286
星柒幺幺哒,0.95791286
星期八逃离地球,0.95791286
枕鸯丞,0.95791286
极限上行,0.95791286
星野已死,0.95791286
星降る夜の星野,0.95791286
李知恩哎呦好美,0.95791286
杜小慷_com,0.95791286
杞正海,0.95791286
来点猫毛吗,0.95791286
是小结丫,0.95791286
東門702,0.95791286
松本奈奈美,0.95791286
是太极而不是太急,0.95791286
是只羊咪,0.95791286
昭の杂货铺,0.95791286
极客湾Geekelwan,0.95791286
春秋六霸王一公,0.95791286
春生夏长空心菜,0.95791286
春江水暖鲤先知,0.95791286
春困丶夏乏,0.95791286
星月观云,0.95791286
某M先生,0.95791286
花镇骄,0.95791286
明日香未官宣男友,0.95791286
柳之之枝,0.95791286
柳如墨,0.95791286
柴七小高,0.95791286
易散,0.95791286
树懒懒得出奇,0.95791286
明明如楽,0.95791286
树霖Zeyne,0.95791286
昂joy,0.95791286
星星月亮的搬运工,0.95791286
旺汪旺碎冰冰,0.95791286
栖栖www,0.95791286
旺旺奥利给,0.95791286
时间冰雪a,0.95791286
栗悟饭和龟波功-tina,0.95791286
时的中,0.95791286
栗酱子喵,0.95791286
柳_梦璃,0.95791286
易铵盐,0.95791286
柯昶枫27,0.95791286
昔年酱阿,0.95791286
某不知名散修S,0.95791286
某个小花,0.95791286
星如雨-_,0.95791286
某人的门,0.95791286
星冬青,0.95791286
某可爱的梦酱,0.95791286
星之役,0.95791286
某科学的DeathNote,0.95791286
柑橘羅勒,0.95791286
柒喜Q1,0.95791286
柔情小涩狼,0.95791286
柚子胡椒磨成粉,0.95791286
柠檬茶先森,0.95791286
查无此猪咪网友,0.95791286
柯博文马格斯,0.95791286
李晴天win,0.95791286
是日星TodayStar,0.95791286
时光海里的重症患者,0.95791286
晚雲暮,0.95791286
普通的魔王,0.95791286
有画要说的Lindy,0.95791286
有真心會掉眼淚丶,0.95791286
晨思夜_00,0.95791286
有股媚劲,0.95791286
有那么一丶意思,0.95791286
朔望月的回眸,0.95791286
望惜夕,0.95791286
木有名纸QAQ,0.95791286
晚点听网易云,0.95791286
朝南墨,0.95791286
朝哥家小朋友在线刷题,0.95791286
期刊9,0.95791286
木同言,0.95791286
晚枫Jay,0.95791286
木心木杮,0.95791286
有上进心的一只山竹,0.95791286
普通的黄头发妹妹,0.95791286
晴乄箜,0.95791286
晴天Komorebi,0.95791286
瓶瓶的CX330航行日记,0.95791286
乌啦啦吧啦,0.95791286
Singularity-24,0.95791286
曹静淇,0.95791286
最爱妮子兔,0.95791286
暴走的EK,0.95791286
暗风游行穗,0.95791286
暖小语,0.95791286
最美不过小白时,0.95791286
月岛arl逗号,0.95791286
晴空四叶草,0.95791286
月月兔牌口香糖,0.95791286
晴天上午,0.95791286
靖安司都尉中郎将,0.95791286
月雨小号,0.95791286
木春青,0.95791286
木木夜丶,0.95791286
子非涵菲子,0.95791286
杀老师bulibuli,0.95791286
朴基熊丶//////,0.95791286
昵称没有饭香,0.95791286
昵称昵称昵称咪咪,0.95791286
昵称已被占用45823,0.95791286
机智的沙翎yu,0.95791286
是雨落樱本人,0.95791286
机智詹詹,0.95791286
是红中啊,0.95791286
木王大子,0.95791286
杂烩煎鱼,0.95791286
李不李猫啊,0.95791286
李光洙李先彬,0.95791286
是澪不是零啦,0.95791286
李君渡,0.95791286
李大犬,0.95791286
李总同学-,0.95791286
昼空之夜,0.95791286
本昵称需要消耗硬币,0.95791286
昼雨_Dayrain,0.95791286
本心影视,0.95791286
晓炙晨曦,0.95791286
木琴不是木头,0.95791286
木辛子16,0.95791286
未名DotNEF,0.95791286
未命名勇士,0.95791286
晓晓巫巫,0.95791286
未知实验体417号,0.95791286
未知银,0.95791286
未见青山的居士,0.95791286
艺天Showz,0.95791286
晏子羽,0.95791286
末始铃摇,0.95791286
末酱不是酱,0.95791286
本大爷不想取名字,0.95791286
嘎巴菜米茶热干面,0.95791286
时已过境迁,0.95791286
时光旅行者-114514,0.95791286
汝羌,0.95791286
撒野O_o,0.95791286
擎苍挽弓,0.95791286
撕辰,0.95791286
步川羽衣,0.95791286
武帝万岁,0.95791286
打车斯巴鲁,0.95791286
武林萌主14,0.95791286
歪比巴布不是歪比巴卜,0.95791286
摸鱼摸鱼-w-,0.95791286
氨百LJ-,0.95791286
残心love,0.95791286
残翼祭,0.95791286
残荷败竹,0.95791286
殪遙,0.95791286
摸鱼D,0.95791286
殺風景,0.95791286
每天长高半厘米,0.95791286
此地无休三百斤,0.95791286
正经的冷淡,0.95791286
正版白如苏,0.95791286
正是江南好风景Q,0.95791286
故李云卷云舒,0.95791286
橙子OAG,0.95791286
橡皮战服,0.95791286
欠揍の仓鼠,0.95791286
故-我,0.95791286
欠揍调音师,0.95791286
欢言乐,0.95791286
改头换面天选之人,0.95791286
改咕,0.95791286
正一丶张之维,0.95791286
正义de蓝白,0.95791286
正义的怒吼,0.95791286
改名要花六个bi,0.95791286
改个昵称真的好烦啊,0.95791286
正仝口,0.95791286
比企谷八番队,0.95791286
摞纸盒,0.95791286
橘子猫不是猫,0.95791286
据说没有bug,0.95791286
永世爱雷姆,0.95791286
搪瓷starry,0.95791286
永恒痕星,0.95791286
Jioautumn_,0.95791286
搖滾弦,0.95791286
仗助老师,0.95791286
接yrh超绝事业运,0.95791286
换方位的岱泽,0.95791286
氪两块钱的肝帝,0.95791286
捂猩上酱,0.95791286
永恒的近视眼,0.95791286
永恒轮回转寿司,0.95791286
挥手道别思君,0.95791286
拿皇与法兰西,0.95791286
汀羽在听雨,0.95791286
汉堡包emn,0.95791286
氵比冫淡,0.95791286
水默cp最无敌,0.95791286
摆烂之水,0.95791286
摇摇又滚滚,0.95791286
水g-,0.95791286
水也SkyPond,0.95791286
库库乱造,0.95791286
水华月彩,0.95791286
水星鱼suiseifish,0.95791286
水木清华-Jerry,0.95791286
摔东西的小老鼠,0.95791286
摇铃衬,0.95791286
水無月梨花,0.95791286
水爅梧桐,0.95791286
水花sunshine,0.95791286
水遁-雾隐之术,0.95791286
水里没有猫哇,0.95791286
水镜影,0.95791286
CarterstayTuned,0.95791286
橘荷白菓,0.95791286
故零十一,0.95791286
格格明天更美好,0.95791286
无为的mr,0.95791286
无朋workdead,0.95791286
无敌真寂寞9900,0.95791286
无处不在的morse,0.95791286
无名祗,0.95791286
无事小神仙Flyflyyyy,0.95791286
漫无为,0.95791286
梓米葉,0.95791286
梚绘洢夭夭,0.95791286
亿个麻袋,0.95791286
无且无与无,0.95791286
梦糖LoWH,0.95791286
旋转妙脆角,0.95791286
旅途小呆,0.95791286
梦见云逸,0.95791286
方案公布,0.95791286
新风秋月,0.95791286
无根水呀,0.95791286
梅狸猫教头,0.95791286
撑伞共此时,0.95791286
NH会长,0.95791286
时久觉,0.95791286
早点柿做,0.95791286
桂哥梦想笑了,0.95791286
桐酒てつあき,0.95791286
旧事重提y,0.95791286
日常_____,0.95791286
桑尼老师丶,0.95791286
桔子的各种日常,0.95791286
日出可是不等人的kkk,0.95791286
无语的蛤蟆,0.95791286
桔羽糖,0.95791286
loveJY飘渺,0.95791286
桔酱白斩鸡,0.95791286
海恩文森特戴尔,0.95791286
无聊就睡觉333,0.95791286
新宇不太菜,0.95791286
梦见紫棋出专辑,0.95791286
散华··礼弥,0.95791286
樂峖,0.95791286
椰子糕314,0.95791286
文箜,0.95791286
楚国有瑜,0.95791286
楼上的你好,0.95791286
乌鱼蒸虾头_,0.95791286
楽空,0.95791286
榝噠,0.95791286
文文不玩了,0.95791286
新世界与你,0.95791286
樱庭未晴,0.95791286
樱落风语,0.95791286
樹石桑,0.95791286
橘味龙猫王,0.95791286
散装达闻西,0.95791286
橘子汽水欧尼,0.95791286
散步不需要伴侣,0.95791286
文西答文西,0.95791286
棱鲤,0.95791286
森贵人,0.95791286
森森系sen,0.95791286
诸葛大捷豹,0.95791286
梦过程记录,0.95791286
梦里美好的理想,0.95791286
梦里美子,0.95791286
斯神小七,0.95791286
梨子正在输入,0.95791286
番薯祖宗,0.95791286
斯教快扣他们分,0.95791286
断线_丶,0.95791286
斑马鱼的星期六,0.95791286
棂鉴漴,0.95791286
棍母棍父一家亲,0.95791286
棒金银,0.95791286
棠梨泫,0.95791286
斑马亦未见,0.95791286
----Ezreal----,0.95791286
祝水秋叶,0.95791286
层层awa,0.95791286
这个世界贼傲娇,0.95791286
辛普_祯,0.95791286
辞旧先生-,0.95791286
辰CXN,0.95791286
辰子昂-BG4MAX,0.95791286
辰星SAMA桑,0.95791286
辰睡时刻ASMR,0.95791286
近余菌,0.95791286
还在抽传统香烟,0.95791286
还是打不出字,0.95791286
这一炮以示主权,0.95791286
这个人很能活,0.95791286
乔瑟ジョゼ,0.95791286
这个杀手是只羊,0.95791286
这是一个好good的名字,0.95791286
这是何物哇,0.95791286
这沙U子呀,0.95791286
这白很云_云白,0.95791286
这里是麒麟啦,0.95791286
进击の技术宅,0.95791286
连吃五碗米饭,0.95791286
连山黛_Eleven,0.95791286
述麓,0.95791286
辛弃疾_yyds,0.95791286
轻软的有关系,0.95791286
软糖好吃吗讨厌世界版,0.95791286
转角巷子里的猫,0.95791286
超大号的柠檬,0.95791286
超文艺技术宅,0.95791286
超无限Superstorm,0.95791286
超爱鸡丝凉面,0.95791286
超级人参哟,0.95791286
超级芒小果,0.95791286
超级馅饼大盗,0.95791286
超级鹅鹅花,0.95791286
超超超要努力吖,0.95791286
超高校级的茶理,0.95791286
越予歌,0.95791286
越供但共,0.95791286
跛浪,0.95791286
路任甲甲甲,0.95791286
路痴嘟嘟鱼,0.95791286
路西法ym,0.95791286
路飞双修的游戏佬,0.95791286
蹦齐恰卡,0.95791286
躺平-柠檬,0.95791286
躺平猫猫吖,0.95791286
转接线1226,0.95791286
迷之歌,0.95791286
九时烛,0.95791286
钛白涂,0.95791286
重拾_星光,0.95791286
郲LAI,0.95791286
酒場レーダー,0.95791286
酒茱萸醉酒,0.95791286
酥酥TAN,0.95791286
M3rcuryzz,0.95791286
酷吗酱,0.95791286
醉仙乄肝爆,0.95791286
醉里挑灯做梦,0.95791286
釅Y,0.95791286
采菊不成采了个滚木,0.95791286
孤独丶吃喝玩乐,0.95791286
日暮奔赴,0.95791286
野靍,0.95791286
bl_box,0.95791286
一只谷人-Guren,0.95791286
夜鹿的不解之谜,0.95791286
金越茬冶,0.95791286
金開閉羅巧夢,0.95791286
金鱼rrr,0.95791286
銀河鉄道の企鹅,0.95791286
銄钖呀,0.95791286
鎏謃獄,0.95791286
郭郭1012,0.95791286
飘子和阿飘不认识,0.95791286
郭zt,0.95791286
郑茶色,0.95791286
迷人的骨折眉毛,0.95791286
迷茫的寻路者,0.95791286
追忆黄昏,0.95791286
追梦少年张三,0.95791286
逆光丶追影,0.95791286
逆风的散羽,0.95791286
逍遥一朵小毒花,0.95791286
逍遥风ShiaoYao,0.95791286
進撃のJAVA,0.95791286
逸云隐鹤,0.95791286
遇事不决_君子不救,0.95791286
邀祈百千年之约,0.95791286
那就这样吧人类,0.95791286
就叫小蛐蛐,0.95791286
那是我的铜锣烧,0.95791286
那边那个星星酱,0.95791286
木对啃,0.95791286
邵九璃,0.95791286
郁郁林中树丶,0.95791286
郁闷的豌豆,0.95791286
郑小桁想升6级号,0.95791286
起个名字也太难啦,0.95791286
赵小泉儿,0.95791286
走召走召走戉走戉,0.95791286
螃螃是杯不呐呐,0.95791286
虚界锚,0.95791286
虚空番茄,0.95791286
虫枼丶,0.95791286
蚂蚁遛个弯,0.95791286
蚌埠代言人,0.95791286
蛙野仙人,0.95791286
蛤蟆先生抑郁了,0.95791286
蜜栗团,0.95791286
蜜梨啵,0.95791286
蜥蜴是内个,0.95791286
螺瓷姑,0.95791286
赛鸽不是电动车,0.95791286
行破,0.95791286
衰气的船只,0.95791286
搞机推荐官,0.95791286
被坑弟弄出悲催情怀,0.95791286
被空气绊倒,0.95791286
装修小思妹,0.95791286
栀无限,0.95791286
褡包Q,0.95791286
西伯利亚哒仓鼠,0.95791286
西条七海遠花火,0.95791286
虔洄,0.95791286
不见星空不回家,0.95791286
藕丙不是Orange,0.95791286
藍海獭,0.95791286
蓝颜_知已,0.95791286
ZEX泽曦,0.95791286
蓝鹰小旋,0.95791286
蓦然如风,0.95791286
蓬松女士,0.95791286
蔚过留痕,0.95791286
蔻德n,0.95791286
蕴漾,0.95791286
蕾姆-22,0.95791286
薄荷薄荷要开花,0.95791286
薇儿Tracy,0.95791286
深渊教教主,0.95791286
薇薇安-薇薇安,0.95791286
薛佑蛋,0.95791286
mendr,0.95791286
薛定谔与阿猫阿狗,0.95791286
御前带指甲刀侍卫,0.95791286
薛定谔的萱,0.95791286
薜饵小狐狸,0.95791286
薯条工作站,0.95791286
薯片味的彩虹,0.95791286
西瓜奶酪棒冰,0.95791286
西瓜瓜g丶,0.95791286
西红奇柿,0.95791286
说来说去是童话,0.95791286
请叫我蓝神-,0.95791286
请点击输入文字和文本,0.95791286
请督促我变成学习大咖,0.95791286
诺诺想吃掉,0.95791286
读着倒要字名123,0.95791286
月光尼龙,0.95791286
谁枫,0.95791286
谷祇,0.95791286
豆本豆豆糕_,0.95791286
卡卡贞,0.95791286
豆豆栀子,0.95791286
贝拉的晃悠悠,0.95791286
账号2389168,0.95791286
贰仇,0.95791286
贰次类人元,0.95791286
贰陆难取名,0.95791286
贺虞yuu,0.95791286
贾斯汀jjj,0.95791286
赎罪漫馆,0.95791286
赛克斯比克_Saxbik,0.95791286
赛博报丧人,0.95791286
请原地结婚__,0.95791286
说好的幸福哈,0.95791286
西西huuu,0.95791286
下北沢の大天使ちゃん,0.95791286
清朝第一机枪手,0.95791286
西郭浩然,0.95791286
要十字的名字才能过吗,0.95791286
要搬砖吗一元一块,0.95791286
覃诗00,0.95791286
觉觉觉觉觉晓,0.95791286
觉醒之石,0.95791286
角逗斯,0.95791286
解压主理人,0.95791286
言浔还在,0.95791286
言灵枫滞,0.95791286
記憶丶永葆童心,0.95791286
訫梦ing,0.95791286
誰よりきっと,0.95791286
计算叽,0.95791286
让人喜的小熊,0.95791286
让我猜猜康,0.95791286
记住这棵树,0.95791286
记得多喝水___,0.95791286
记忆的碎片96,0.95791286
诗酒XD,0.95791286
钇钠呀,0.95791286
钟二病ng,0.95791286
摸不着的叶子,0.95791286
马子孤单单,0.95791286
飞舞鲤鱼王,0.95791286
MommmXY,0.95791286
飞船脏脏,0.95791286
飞花泪痕,0.95791286
飯糰貓咯,0.95791286
饕餮小龙虾,0.95791286
饭大团团团,0.95791286
饭平安,0.95791286
饿啦就吃肉,0.95791286
香辣-牛油果_,0.95791286
马小战,0.95791286
织羽姬,0.95791286
马罕默德,0.95791286
马达怪侠,0.95791286
马首富B站拉票员,0.95791286
驰名的帅章鱼,0.95791286
骑士打,0.95791286
骰子大乱斗,0.95791286
歪儿一,0.95791286
高贵的土嗨,0.95791286
高风险玩家,0.95791286
魅族科技官方旗舰店,0.95791286
飘在太空中的风信子,0.95791286
风韵犹存的三婚宝妈,0.95791286
风起亦见我,0.95791286
风正天,0.95791286
青橙-C,0.95791286
青空の小雲,0.95791286
一颗星的夜゛,0.95791286
青絮咩咩,0.95791286
青葉蘋果,0.95791286
青鲤戏石,0.95791286
青龙岁暮,0.95791286
静静、的雪,0.95791286
面条爱喝AD钙,0.95791286
韦泠峰,0.95791286
音乐剧小白,0.95791286
顶级独角兽,0.95791286
顶级老婆厨,0.95791286
预制壬,0.95791286
颜控的王道,0.95791286
颜星糖,0.95791286
颠疯召唤石,0.95791286
风吹海空,0.95791286
魚鱼渔虞榆,0.95791286
风好大的雨QAQ,0.95791286
风托起一片树叶,0.95791286
魔术师的自画像,0.95791286
魔法Gigi,0.95791286
钢纲寄灵电影L_鋒-27,0.95791286
黑绘澪,0.95791286
麻蛋起个名字还要试半天,0.95791286
麻酱鸡架,0.95791286
麻麻木马嘛,0.95791286
黎明后的白昼,0.95791286
黑塔塔别刮啦,0.95791286
黑岩JIN,0.95791286
黑川茜就是我的爱,0.95791286
黑白支配者,0.95791286
黑白猫诶,0.95791286
黑篙,0.95791286
黑芝麻蛋黄酱,0.95791286
魔物小囧,0.95791286
黑虎18,0.95791286
黑蛋炒饭,0.95791286
黑鳶,0.95791286
鼠linta鸽鸽,0.95791286
鼹鼠会挖洞,0.95791286
鼻梁勇者,0.95791286
龍檀L,0.95791286
龍鬿鬼,0.95791286
龘齾亹齉邉鬮麤櫜,0.95791286
龙抬钰鼍,0.95791286
麻烦让我去study,0.95791286
麦小鼠日记,0.95791286
麦克的贴身高手,0.95791286
鹿柯爱米fltq,0.95791286
鱼学长啊,0.95791286
鱼尾鳍轻微晕,0.95791286
鱼森-,0.95791286
鱼渔魚鱼渔魚,0.95791286
浅忆空野,0.95791286
鱼糜Yomi,0.95791286
鱼鱼凌凌子,0.95791286
鲍灵均,0.95791286
鲨鲨鲨什么,0.95791286
鲸也会搁浅,0.95791286
鲸惊景静经,0.95791286
鳄鱼会出现,0.95791286
鳐-Yao,0.95791286
鳙鳙鱼_,0.95791286
鸭梨柿多的,0.95791286
鸽神死体,0.95791286
鹅鹅鹅T0T,0.95791286
鹤04,0.95791286
鹤媆,0.95791286
鹰头猫lll,0.95791286
鹿克夏大结巴,0.95791286
青梦古灵,0.95791286
青岚之后-,0.95791286
虾子笼子,0.95791286
阿址今天唱歌了吗,0.95791286
问问号号号号号,0.95791286
闲逛的卤蛋,0.95791286
闻人雾尘,0.95791286
阐述N的梦,0.95791286
防控眼镜,0.95791286
阳陈林,0.95791286
阿勒个基米德,0.95791286
阿南6997,0.95791286
阿吧啦吧波叭,0.95791286
阿呆是我的,0.95791286
阿堃堃堃堃堃,0.95791286
青丝暮snow,0.95791286
阿拉斯加牛蛆,0.95791286
阿政114514,0.95791286
阿斑TTT,0.95791286
阿柳不六,0.95791286
阿浑_Moon,0.95791286
路过の沢田纲吉,0.95791286
阿火丁,0.95791286
阿烟炒鸡帅,0.95791286
阿狄亚塔尔蔬果商,0.95791286
阿琪_-_,0.95791286
问酉,0.95791286
羽次郎奥特曼,0.95791286
问思_,0.95791286
闪光彰人姐,0.95791286
钱树小画家,0.95791286
铁达尼号的时候,0.95791286
铁锅逇大迗,0.95791286
铃可Link,0.95791286
铭仔来也,0.95791286
银河霓虹,0.95791286
锁弱点是gay,0.95791286
忽晚yc,0.95791286
锄禾2399,0.95791286
AdY一天,0.95791286
键盘侠是砖家吗,0.95791286
镹歧,0.95791286
长日浮世,0.95791286
长木椅下有只猫,0.95791286
azhehe_米泽,0.95791286
长河清-辽海阔,0.95791286
跬志,0.95791286
长满青苔的木头,0.95791286
长白山楂花,0.95791286
长飞不度,0.95791286
门夹过的核桃吃了脑子还好吗,0.95791286
彬彬有礼的宾宾,0.95791286
阿瓦隆啃麻瓜,0.95791286
阿秋不想打喷嚏,0.95791286
雪上奏,0.95791286
雪天的绿森林,0.95791286
雪染红装,0.95791286
风沙温存,0.95791286
雪花cbb,0.95791286
雪花冰寒,0.95791286
雪野风铃奈,0.95791286
雪霁梦疏香,0.95791286
雪颜梦妖狐,0.95791286
深渊星晨happy,0.95791286
零上低温_,0.95791286
零戚幺,0.95791286
雷伊纳Riena,0.95791286
球球的大可爱,0.95791286
雷伊队长,0.95791286
雷欧力欧力,0.95791286
雾切苗木,0.95791286
雾晚柒,0.95791286
需同步学同步,0.95791286
霖渊4926,0.95791286
青一呢,0.95791286
青与知更鸟,0.95791286
雪中寒客falling,0.95791286
雪ノ下yukino1,0.95791286
阿莱说哈皮是英语天才,0.95791286
雨辰QAQ,0.95791286
阿蝎罗,0.95791286
阿酋RC,0.95791286
阿酶米娅,0.95791286
陈小二-_-6,0.95791286
陌星沉潇,0.95791286
陌生小狗,0.95791286
限量版惠面,0.95791286
院长啪啪,0.95791286
除妖师珊瑚,0.95791286
陽树咩,0.95791286
随缘梦羽,0.95791286
随风入墨,0.95791286
隐绅状态,0.95791286
隐身窃零食,0.95791286
雨天好读书,0.95791286
雨滴iii,0.95791286
雨笙ivi,0.95791286
雨色蔓延,0.95791286
雨萤moonlight,0.95791286
雨落ノ,0.95791286
雨落长安夜l,0.95791286
蓝阳仔,0.95791286
蓝莓山药要尿尿,0.95791286
蓝色林木,0.95791286
白开水号河,0.95791286
疏影流金,0.95791286
疯子1040,0.95791286
疯狂的阿孜猫,0.95791286
針不綽,0.95791286
瘦月疲夜,0.95791286
癫猫Crazy_Cat,0.95791286
白予诗-,0.95791286
白云飘的好敷衍,0.95791286
白哔哩,0.95791286
白嫖怪2025,0.95791286
白弓米弓粥粥,0.95791286
白虎山居士,0.95791286
白泽冰bling,0.95791286
白琳bailin白,0.95791286
白白大闹小卖部,0.95791286
白白白白盖,0.95791286
白白蒙,0.95791286
白百心百灵,0.95791286
白米东,0.95791286
白羊YHCC,0.95791286
白色天空之下,0.95791286
白芷江淮竹,0.95791286
番茄CrystalVibes,0.95791286
略略略哎呀好气啊,0.95791286
略略略-547,0.95791286
画心还,0.95791286
珍珠翡翠白钰粥,0.95791286
理想是成为上帝,0.95791286
喵彑菌,0.95791286
琉璃若梦丶,0.95791286
琥珀炸鸡啊,0.95791286
琳奥森,0.95791286
琴心灬霓裳舞,0.95791286
瑪奇瑪灬,0.95791286
璃奈板板rin,0.95791286
一位注定成王的骑士,0.95791286
璎泠,0.95791286
瓏一,0.95791286
瓦尔登湖水怪,0.95791286
瓷砖电视,0.95791286
海镜尧,0.95791286
甜君大人,0.95791286
甜梦风breeze,0.95791286
生冰的冰人,0.95791286
田所浩-1919810,0.95791286
由纪Yukisnow,0.95791286
申承焱,0.95791286
白蒲水烧,0.95791286
白衣渡江丿,0.95791286
蓝色婷妮,0.95791286
祖安再逃看门老太太,0.95791286
碰壁碎冰当啷响,0.95791286
碳二氢六氧,0.95791286
碳化硅猫silicon,0.95791286
礼声闻未艾,0.95791286
社恐人永不言败,0.95791286
社椒牛柳,0.95791286
祁䌾,0.95791286
祈司喵,0.95791286
祈愿_KL_,0.95791286
祈鸢Iris,0.95791286
恶鬼小诺,0.95791286
百变的男桑,0.95791286
神仙马老六,0.95791286
神圣小黑猫,0.95791286
看到学习请叫学习去我,0.95791286
神奇小猪搞笑集,0.95791286
神奇的小H,0.95791286
神棍喵大师,0.95791286
神様かみぃさま,0.95791286
神秘的旅行者O_o,0.95791286
神秘眼镜猫头鹰,0.95791286
神秘醉步男,0.95791286
石头见到-布,0.95791286
短尾鹊,0.95791286
知秋繁星,0.95791286
知名TACOS鉴赏家,0.95791286
皆有各自的月亮,0.95791286
皮皮的油豆泡,0.95791286
盐水发生,0.95791286
盟钴上单,0.95791286
直升机器,0.95791286
相信光y,0.95791286
平凡friend,0.95791286
相嬗于无尽,0.95791286
相隔距离是次元,0.95791286
看到我名字的欧气满满,0.95791286
看起来有猫病,0.95791286
真主three,0.95791286
真理与酱油号,0.95791286
眠雾_乐,0.95791286
眷霜天,0.95791286
眼睛不太舒服,0.95791286
睎光,0.95791286
睡不醒的奶糕,0.95791286
督导提醒,0.95791286
瞎元,0.95791286
瞎学的疏忽,0.95791286
珊珊chily,0.95791286
玩偶Hongkong_Doll,0.95791286
玗藴,0.95791286
爆抽劳王,0.95791286
焦小梅琳娜,0.95791286
焦脆鲨,0.95791286
焱垚焱垚3456,0.95791286
照见未来,0.95791286
煮马鱼_别念ID求求,0.95791286
熊大shine,0.95791286
燃近,0.95791286
偏执藤壶,0.95791286
燕归环,0.95791286
燮蹀攀援,0.95791286
万能の奇奇,0.95791286
王末--末终,0.95791286
爆炸小刺根,0.95791286
爱兰德尔红豆泥,0.95791286
爱兴奋的米老鼠,0.95791286
爱冰哦,0.95791286
神刀现,0.95791286
爱吃松松面包的松松子,0.95791286
爱吃柠檬嘞,0.95791286
爱吃老王的鼻涕,0.95791286
爱吃莫迪的饼干,0.95791286
爱喝柚子茶喵,0.95791286
焠弦,0.95791286
焚心千劫,0.95791286
焖鸡兄,0.95791286
热风真香,0.95791286
林沛行,0.95791286
潮汐监狱的王,0.95791286
磊菌4T,0.95791286
潮自信,0.95791286
澄清的生石灰,0.95791286
澪雅QAQ,0.95791286
火乐菌,0.95791286
火次1,0.95791286
火锅年年不要钱,0.95791286
灰浅冈,0.95791286
灰色森灵,0.95791286
灵活的月半子77,0.95791286
灵辄辄,0.95791286
炎宇t,0.95791286
炜呀,0.95791286
炸天箫炎,0.95791286
点点の时光,0.95791286
点赞的事情怎么算白,0.95791286
烈阳男子重度依赖,0.95791286
烊烊深度睡眠中,0.95791286
烨汁冻,0.95791286
爱喝胰岛素,0.95791286
爱好是洗澡,0.95791286
爱学习的老贝贝,0.95791286
狗子小恶是也,0.95791286
狗都不当研究牲,0.95791286
狭狗,0.95791286
无敌的海蛇,0.95791286
狮心人A,0.95791286
狮王冰冰,0.95791286
狸猫_M_,0.95791286
发霉的记录,0.95791286
狼的追随者,0.95791286
狼蛛键盘垃圾做工,0.95791286
猛Do,0.95791286
猪偶偶偶,0.95791286
钢牙杨,0.95791286
猫团在画本,0.95791286
猫妖拦路打劫交出欧气,0.95791286
猫猫gy,0.95791286
猫猫叹气__,0.95791286
猫猫爱薯片,0.95791286
猫脑袋鹰,0.95791286
猫跑得比你快,0.95791286
王徵羽iiwi_,0.95791286
王木木_IHIL,0.95791286
狗狗的辅助手枪,0.95791286
狗头砖家,0.95791286
爱思考的音乐任,0.95791286
狗与弟的日常,0.95791286
爱慕砂紫,0.95791286
爱打玻璃胶,0.95791286
爱斯基摩土著人,0.95791286
爱普泰克网易拍DV8600,0.95791286
爱玩gal的ID,0.95791286
爱笑的chen同学,0.95791286
爱笑的尸体,0.95791286
爱笑的枫,0.95791286
爱路的洗切兵,0.95791286
爷永远喜欢JK触发器,0.95791286
牛汤的幻想,0.95791286
牛牛娃呀,0.95791286
牛魔王元元,0.95791286
牢吴鸭,0.95791286
牢大牢二肘法信仰玩家,0.95791286
牧牡大魔王,0.95791286
撰,0.95791286
周一好困困困,0.95791286
犯困的爱德华,0.95791286
狂岚不息,0.95791286
狂飙1号639,0.95791286
神级HC,0.95791286
神里只因,0.95791286
bili_41564694824,0.95791286
芋泥bobo奶茶10086,0.95791286
與貳煕,0.95791286
舍車shegy,0.95791286
航zyh_,0.95791286
艸花椒的喵酱,0.95791286
艾伦只爱自由,0.95791286
艾尔西荅,0.95791286
艾拉凫鱼,0.95791286
艾斯家的喵喵,0.95791286
艾瑞婵娅,0.95791286
艾育黎拔力八达,0.95791286
芋粥唱晚,0.95791286
8012大当家,0.95791286
芒果mg果,0.95791286
莫克雷德,0.95791286
芙宁娜の佩佩,0.95791286
芝麻烩TOAST,0.95791286
竹染580,0.95791286
花化四月,0.95791286
花椒味儿相柳,0.95791286
花生3号,0.95791286
花生酱喂,0.95791286
花糖有多甜,0.95791286
致敬清掘宗,0.95791286
至夏Aurora,0.95791286
54131254,0.95791286
至仁至善至高至强-,0.95791286
秋水伊人186,0.95791286
老A阿,0.95791286
老六之皇,0.95791286
老弥hyhx,0.95791286
海沐燕,0.95791286
老酸檬,0.95791286
耿直的鱼丸,0.95791286
联合利华中国,0.95791286
聪明の焕式,0.95791286
肉揪揪肉肉,0.95791286
肥脸兔子,0.95791286
背景人路人丁,0.95791286
胖乎乎的金毛,0.95791286
胖虎起飞,0.95791286
胡义库保,0.95791286
胡尔魔辉,0.95791286
脑干失想史,0.95791286
脑洞之巅,0.95791286
脸皮真疼,0.95791286
臣妾百口莫辩_,0.95791286
自由海风mushroom,0.95791286
花草橘子,0.95791286
苏既白-,0.95791286
苏润就叫苏润,0.95791286
菜鸟就是小菜鸟,0.95791286
華里河,0.95791286
萌山海,0.95791286
萌渣炸,0.95791286
萌特娇圈,0.95791286
萌球之星,0.95791286
萝卜酥哦,0.95791286
萨沙不会死,0.95791286
幻小翼,0.95791286
落喀lokka,0.95791286
落日入东海,0.95791286
落花如簇,0.95791286
落菓菓,0.95791286
董小姐是暖妹,0.95791286
董角田2778,0.95791286
葵奎是你一爹,0.95791286
蒋在野,0.95791286
蓄谋已久啊,0.95791286
蓝小兰丶,0.95791286
蓝星诗,0.95791286
Larutan-,0.95791286
蓝桉是一中的蓝,0.95791286
菠萝不吃密,0.95791286
菊然是令耶,0.95791286
苑来卉这样,0.95791286
莲花楼下留兰花,0.95791286
若樱roling,0.95791286
若逗道人,0.95791286
苯SY-冖冖子,0.95791286
苹果派321,0.95791286
范德彪秀念,0.95791286
茉茗YT,0.95791286
茉莉momo627,0.95791286
茜が散り残るを,0.95791286
茨威格死于昨日世界-,0.95791286
茶几上的杯具与餐具,0.95791286
茶餐厅在逃夜宵,0.95791286
草莓秋千-,0.95791286
荒野乱斗赵小R,0.95791286
隐形的伙计,0.95791286
药泥在这烧包,0.95791286
莆田神雕大侠,0.95791286
莎士比亚迪迦,0.95791286
莓果炒鸡大饼,0.95791286
莱茵钢化膜,0.95791286
莱韫_spring,0.95791286
莲业XZ,0.95791286
翎青盼水,0.95791286
美绫子,0.95791286
福禄桐生,0.95791286
笔电冷却攻城狮,0.95791286
窗外珠箔窗里月悬,0.95791286
窝在哪里啊,0.95791286
窝才是老大,0.95791286
白日幻想家甜长,0.95791286
窝西答辩罐头,0.95791286
立青家里没矿,0.95791286
竹林一风,0.95791286
竹筠丶,0.95791286
竹马lio,0.95791286
笑也算时间哦,0.95791286
笙樂家,0.95791286
美男子派大星,0.95791286
等待鸡年,0.95791286
筛芒,0.95791286
筠濨,0.95791286
简帙,0.95791286
箱穗,0.95791286
米凹米奥,0.95791286
米奇妙妙屋159,0.95791286
米寳寳,0.95791286
米糖ovo,0.95791286
潇逸z_,0.95791286
窗外一,0.95791286
空青法木,0.95791286
空空淡淡,0.95791286
嬴阕,0.95791286
禹昼初欣95,0.95791286
禹逍遥,0.95791286
秉烛夜游Ⅱ,0.95791286
秋日の祭,0.95791286
秋氤夏氲,0.95791286
秋沐楠,0.95791286
秋澜秋岚,0.95791286
科幻君,0.95791286
Xetag,0.95791286
暗码编号24,0.95791286
秦岭亚非不是梦天玲雅,0.95791286
秦川一叶舟,0.95791286
秩序之光合作用,0.95791286
称之奇迹,0.95791286
移舟七星,0.95791286
種花兔,0.95791286
稳得一zz,0.95791286
穆小泠0fficia1,0.95791286
空想大梦,0.95791286
空洞惑星,0.95791286
空灵-Ethereal,0.95791286
米缸边缘的思考者,0.95791286
粉红大蝠鲼,0.95791286
粉色LJJ,0.95791286
纳格夏洛克福尔摩斯,0.95791286
纸羊papersheep,0.95791286
纸飞机papl,0.95791286
funchy-y,0.95791286
终不似少年游xx,0.95791286
终究宿命一塲,0.95791286
绘一帧江山画,0.95791286
绘梦星游,0.95791286
给你变成小傻子,0.95791286
老板来碗卤蛋,0.95791286
绝顶豆腐块,0.95791286
绮梦纸缘霭,0.95791286
绯兀兀兀,0.95791286
绳索的主人,0.95791286
绿瓜三明治Command,0.95791286
绿眼珠子HuaHua,0.95791286
缄言3636,0.95791286
缥缈孤鸿_,0.95791286
罗二狗_,0.95791286
罗卜林卡,0.95791286
羊羊家的观影树屋,0.95791286
美猴王王女士,0.95791286
纷沓江道,0.95791286
纯粹牙牙,0.95791286
糖什亓,0.95791286
纯爱牛头人MAX,0.95791286
糖糖和墩墩,0.95791286
系wawa,0.95791286
XAINGg,0.95791286
系统审核通知,0.95791286
我是广东人,0.95791286
紀ー,0.95791286
T-D-Lemon丶1900,0.95791286
紅い瞳に,0.95791286
紙神かみ,0.95791286
素素0513,0.95791286
索夜雨烦,0.95791286
紫夜鎏金,0.95791286
紫禁电慢CestmoiJzANG,0.95791286
紫筱Sa,0.95791286
紫色系大风车,0.95791286
紫轩雪蝶,0.95791286
繁星有名,0.95791286
红神冰可乐,0.95791286
Dr-Loom,0.95791286
纪纪纪纪纪华,0.95791286
纯情小狗我的爱,0.95791286
悄悄亲清清,0.95791286
罐装史莱姆,0.95791286
恰逢小雪绵绵,0.95791286
jjjkakajj,0.95791286
ifuuuaa,0.95791286
一个人的晚餐ya,0.95791286
imnotlavender,0.95791286
ioiuuuuuuui,0.95791286
itisafool,0.95791286
itsdoit,0.95791286
i繁茂i,0.95791286
j-x未知,0.95791286
jelly_powder,0.95791286
kami会来拯救吗,0.95791286
hmygxhy,0.95791286
kara_谐反,0.95791286
karo_427_han,0.95791286
katrinalyl,0.95791286
kelthuzad0918,0.95791286
kk登哥,0.95791286
komorebi_soleil,0.95791286
kuronarns,0.95791286
langdilaile,0.95791286
lanhuasky,0.95791286
huhu霖,0.95791286
hitdta,0.95791286
lc_LsatCross,0.95791286
giovinetta,0.95791286
fbhsy,0.95791286
fenibook,0.95791286
ffffffff飞飞,0.95791286
fff嬴政,0.95791286
fork_ex,0.95791286
frbaj,0.95791286
fu_猫,0.95791286
fucguc,0.95791286
gilili酱,0.95791286
godzilla沈,0.95791286
hiioohmudc,0.95791286
golden-flower,0.95791286
时七识,0.95791286
gooodbuy,0.95791286
hanpy,0.95791286
happy_woody_,0.95791286
happy第一视角,0.95791286
hawei_m,0.95791286
henenxiej,0.95791286
herobrine-----,0.95791286
lavi酱,0.95791286
lilyccyy啊,0.95791286
emoattachment,0.95791286
ryyyywx,0.95791286
powerLm,0.95791286
pypypyyy,0.95791286
qwJKJK,0.95791286
qzx12345678,0.95791286
rarebirder,0.95791286
realomg,0.95791286
remix调味师,0.95791286
rooooot_,0.95791286
rtftftrs,0.95791286
s_hihai,0.95791286
pm吖,0.95791286
sanjin三禁,0.95791286
shdmudbs,0.95791286
shsndjj,0.95791286
silent1266,0.95791286
sinplelove,0.95791286
skybackknife,0.95791286
stayHum_,0.95791286
suifengv,0.95791286
thekingxie,0.95791286
pose_V,0.95791286
pigpigpigping,0.95791286
little-universe,0.95791286
mockingxy,0.95791286
littleduckskin,0.95791286
lllyyymob,0.95791286
lucklyDog-,0.95791286
lzm骗我感情,0.95791286
maxkaoa,0.95791286
mcapple1234,0.95791286
miingxi,0.95791286
miku-Origin,0.95791286
mileiniya7,0.95791286
narniaworld,0.95791286
peng鹏于晏,0.95791286
nightlightNL,0.95791286
nike-tao,0.95791286
nomad8699524,0.95791286
nxhydm,0.95791286
oO叶尘Oo,0.95791286
oceanblue_123,0.95791286
opennew58,0.95791286
padoraxx,0.95791286
祁醉一果,0.95791286
every_chae,0.95791286
edward_1226,0.95791286
乌鲁鲁不爱堵桥,0.95791286
all阿哩哩,0.95791286
_我叫蛋糕,0.95791286
_是阿龙呀,0.95791286
阿桐木只是位设计师,0.95791286
_晚枫qvq,0.95791286
_津岛__,0.95791286
_白白可乐,0.95791286
_蝰_,0.95791286
_陆小果大侠_,0.95791286
_鸮雀moss,0.95791286
august殇,0.95791286
_小圆圈圈_,0.95791286
awa张某人,0.95791286
a不会抽象b,0.95791286
baby可爱不可爱,0.95791286
badoggo,0.95791286
bahsuf,0.95791286
麻根锅锅,0.95791286
beihukasi,0.95791286
be美学信仰,0.95791286
biIi_l05I9722,0.95791286
_快乐贩卖机,0.95791286
_坠落东京塔,0.95791286
bigbaby-防弹版,0.95791286
Zoneme,0.95791286
ZGiaoYee,0.95791286
Zankan0206,0.95791286
Zara_Line,0.95791286
Zcs3985,0.95791286
Zeadee,0.95791286
Zeroes已经懒癌晚期啦,0.95791286
Zevin7,0.95791286
Zion1998,0.95791286
Zmorllt,0.95791286
Zx1on9,0.95791286
_到底哪个昵称不存在,0.95791286
Zzzzero鱼,0.95791286
Z丨-_-丨Z,0.95791286
Z小酸奶,0.95791286
_7Ep,0.95791286
_Agreas_,0.95791286
_B27947,0.95791286
_FlowWind,0.95791286
栗子橙Liz,0.95791286
__虹__,0.95791286
biaoxm,0.95791286
bili_12779866234,0.95791286
一块面包君0,0.95791286
caro回到未来,0.95791286
bili_9434570308,0.95791286
bili_大大滴,0.95791286
bili_概念还是实体,0.95791286
bili奈何,0.95791286
boyLYX,0.95791286
boyyor,0.95791286
butforld,0.95791286
b站神怭用户,0.95791286
c-ouo-c,0.95791286
cdwei0,0.95791286
bili_84654198669,0.95791286
cheems爱吃烤破退透,0.95791286
cidheb,0.95791286
coolumm,0.95791286
dawon-,0.95791286
deFdeUdeCdeK,0.95791286
dhc316,0.95791286
dontsendthissong,0.95791286
dt--wssf,0.95791286
dusk与感觉,0.95791286
bili_89254476675,0.95791286
bili_83862802450,0.95791286
bili_14952655579,0.95791286
bili_30562134552,0.95791286
bili_16659505537,0.95791286
bili_173371688,0.95791286
bili_21157517364,0.95791286
bili_2151558904,0.95791286
bili_25146983607,0.95791286
bili_26881693082,0.95791286
bili_28105539942,0.95791286
bili_29275612544,0.95791286
bili_29821165410,0.95791286
bili_3493292140398927,0.95791286
bili_7986423,0.95791286
bili_3494374220499549,0.95791286
bili_3706954589407718,0.95791286
bili_40131424806,0.95791286
bili_51260440254,0.95791286
bili_582874,0.95791286
bili_59340006201,0.95791286
bili_68557741757,0.95791286
bili_74059867530,0.95791286
阿斯图罗,0.95791286
tina12308,0.95791286
ttcup,0.95791286
tuple丶,0.95791286
不上TUB不改名,0.95791286
三水一一o,0.95791286
三石在剪辑,0.95791286
上官带糖,0.95791286
上官星婉,0.95791286
YIandUY,0.95791286
上扬_,0.95791286
下一节什么课来着,0.95791286
下渣皮,0.95791286
不Fuc分子,0.95791286
不买立减百分百,0.95791286
三十五号机器人,0.95791286
不会背道法选手,0.95791286
不做好好先生,0.95791286
不偷月_,0.95791286
不吃萝卜的CRH380B,0.95791286
不喜欢肉肉肉,0.95791286
斧王马大三,0.95791286
不大的微风,0.95791286
不好喝的粥,0.95791286
不好意思在下豹子头零冲,0.95791286
三水oooooo,0.95791286
万花瞳孔,0.95791286
不懈努力7274,0.95791286
尬白叉魚,0.95791286
一坨波奇,0.95791286
一年学会小星星,0.95791286
一幽风之飞,0.95791286
戴蓝帽子的可乐,0.95791286
一枝鸟鸟鸟,0.95791286
一氧化二氢LBX,0.95791286
一片馒头-,0.95791286
一片黄金羽,0.95791286
一瓶蓝莓汁,0.95791286
一紧张就会打哈欠,0.95791286
七界洲,0.95791286
一纸哟,0.95791286
一罐麻薯精,0.95791286
一袋坂蓝根,0.95791286
一道阿柴,0.95791286
一飞不是二飞,0.95791286
一龍一蛇,0.95791286
七刹天,0.95791286
七岁_Seven,0.95791286
七彩虹黛西,0.95791286
不想改名字了awa,0.95791286
bili_3546627830712399,0.95791286
uni_田不田田不辣,0.95791286
bili_84977963349,0.95791286
东野居士,0.95791286
丝瓜秋,0.95791286
两边水,0.95791286
丨Demiz丨,0.95791286
丨隐秘灬角落丶,0.95791286
中初男同学,0.95791286
中文房间里的哲学僵尸,0.95791286
中秋和五月,0.95791286
中级电脑,0.95791286
临在时空13141916,0.95791286
东曦哦,0.95791286
丶丶丶丶丶丶哟,0.95791286
丶卜一丶,0.95791286
丶静影,0.95791286
丸澄-,0.95791286
主动一点吧,0.95791286
丿渔舟,0.95791286
丿灬紫枫丶,0.95791286
义恒2,0.95791286
之之的花,0.95791286
东曦既驾_听聆月华,0.95791286
东山在启,0.95791286
不抽象的蔡,0.95791286
不要再玩B站了,0.95791286
不撸站神,0.95791286
某爱玩矢量的一方大爷,0.95791286
不爱玩百战水,0.95791286
不爱背书的Sireal_,0.95791286
不甚燎了,0.95791286
不知名的up猪丶,0.95791286
不羡仙10101,0.95791286
新疆老虎不卖,0.95791286
不药_,0.95791286
不要和我抢我推,0.95791286
世界的尽头是你的声音,0.95791286
寒羽良_XYZ,0.95791286
不要给我喂饭了,0.95791286
不负韶华QuQ,0.95791286
不逝叭,0.95791286
不闲的小咸,0.95791286
与寒北伐,0.95791286
专业帮人换裤子,0.95791286
且行风_,0.95791286
世崩鸟啊噶赛,0.95791286
一叶雩舟,0.95791286
一只鸭池,0.95791286
一只野生的颜文字,0.95791286
道长哥哥呀,0.95791286
极客壪,0.95791286
爱吃酒酿豆腐,0.95791286
-桃木,0.95791286
1aaaaaaaaaaannnn,0.95791286
666不爱盐,0.95791286
ABthat,0.95791286
Re叶天帝一刀233,0.95791286
叫你小东西你敢答应吗,0.95791286
爱白嫖的五香蛋,0.95791286
阿杳没有犄角,0.95791286
xuue的奇妙日常,0.95791286
鲸吟梦,0.95791286
xyxdoh,0.95791286
y7uuuuuuuuuuuuuu,0.95791286
yida4056,0.95791286
youngzie,0.95791286
Peregrine_Y,0.95791286
yunT2,0.95791286
yy嘁嘁,0.95791286
z-ioDGP,0.95791286
xxooty,0.95791286
xuhe3329,0.95791286
一只言言狒,0.95791286
whato-o,0.95791286
van万叶叶叶,0.95791286
violetVE,0.95791286
volckerOK,0.95791286
vxyh2233,0.95791286
v板烧鸡腿堡v,0.95791286
疯狂欧派大大星,0.95791286
w_ch_Y,0.95791286
waiai歪,0.95791286
weeeeeeeeeeeeek,0.95791286
whcl412,0.95791286
xiao乐崽,0.95791286
wnajic,0.95791286
woaishutiao,0.95791286
wood1208,0.95791286
worthyalong,0.95791286
woshi11111,0.95791286
wrusibxnxi,0.95791286
wudfheutu,0.95791286
wufengqiu888,0.95791286
wwxb1047,0.95791286
小庄爱岁岁,0.95791286
zhubii,0.95791286
zimuli222,0.95791286
一只不大的猫,0.95791286
一个憨憨的阳光,0.95791286
一个普通的学习账号,0.95791286
一个过路人的普通人,0.95791286
一之濑千帆,0.95791286
一仟摄氏度,0.95791286
一凡是二哈,0.95791286
一切死亡皆是自尽,0.95791286
一口二十八个伢,0.95791286
一口云团子,0.95791286
一只努力吃胖的胖鸡,0.95791286
zjzasl,0.95791286
sky_果子,0.95791286
一只小小小米吖,0.95791286
一只小郝同学,0.95791286
一只欧兹,0.95791286
模组工艺gong_yi,0.95791286
一只没用屑,0.95791286
一只爱杠的咸鱼,0.95791286
一只猫神256,0.95791286
一只蛙蛙Froggy,0.95791286
一个很恶臭的人,0.95791286
一个叫自羽的文学作者,0.95791286
一个准一个,0.95791286
一个人的吔,0.95791286
zmplqz,0.95791286
zuukaii,0.95791286
葡星人尤拉,0.95791286
zweieQ,0.95791286
zzzzzz陨,0.95791286
041444,0.95791286
z肖二千z,0.95791286
ことなみY,0.95791286
ずっと探しています,0.95791286
だんご勿忘,0.95791286
ど冲田总悟づ,0.95791286
はどう90,0.95791286
グミドリ,0.95791286
シトリス,0.95791286
ルザォGOGO,0.95791286
ー_く,0.95791286
二颦,0.95791286
㑈睿祢冯什么吋侯䂗a,0.95791286
一一一真,0.95791286
ZETA熊猫,0.95791286
Yuri_flower,0.95791286
Yogurt_Cat,0.95791286
ComPory,0.95791286
ChenJia55491,0.95791286
Chloroventus,0.95791286
CillianVinci,0.95791286
Claramente,0.95791286
熊喵黑曜,0.95791286
Clike-J,0.95791286
Co_BH,0.95791286
Code.Villkiss,0.95791286
Columbinax,0.95791286
Come_on_Charles,0.95791286
Ch-AY,0.95791286
Cookie百分百,0.95791286
Creve_,0.95791286
Crow404,0.95791286
Crystalli1203,0.95791286
Cuber_二十七,0.95791286
CyberAgent2077,0.95791286
CynthiaLx_,0.95791286
CynthiaYang2002,0.95791286
DAWMNICK,0.95791286
CheNjIaY_1017,0.95791286
CerberToast,0.95791286
DREAM-未来梦,0.95791286
Bili-LC,0.95791286
AyA川尚内库,0.95791286
Az丶汐寒,0.95791286
BIGbedbed,0.95791286
BOPI,0.95791286
BYune,0.95791286
B_s11-o,0.95791286
Baibaobao666,0.95791286
BaoNing233,0.95791286
Bejng_self,0.95791286
Bili_196424940,0.95791286
Caspain-,0.95791286
Briswich,0.95791286
B站老鸽,0.95791286
CG_清辞鱼茶,0.95791286
CHENTONYCAI,0.95791286
CRIB_,0.95791286
Cameliy,0.95791286
Carlaliiii,0.95791286
Casesing,0.95791286
Caseywine,0.95791286
DOIT汐,0.95791286
DarienYz,0.95791286
HenryTheory,0.95791286
Genesis-1st,0.95791286
FreecssX一一,0.95791286
Frjranger,0.95791286
FxxxxxxxkOff,0.95791286
G15AY,0.95791286
GFTV国际兽圈电视_福迪,0.95791286
GNazunaG,0.95791286
GTI特战干员银翼,0.95791286
喜欢搞抽象所以单身,0.95791286
Games接近-虾,0.95791286
GhostiCraft,0.95791286
Floraaaa-,0.95791286
Ghost印TheShadows,0.95791286
Gobolka,0.95791286
Green_Grassland,0.95791286
Grey_Chariot,0.95791286
H-H-H_x,0.95791286
HHH_氢元素,0.95791286
HRヾ风铃草,0.95791286
HS_寒霜,0.95791286
Hello_Bunny,0.95791286
Fluix,0.95791286
FlippedFlora,0.95791286
Diana逾儿,0.95791286
EXIT李,0.95791286
Dinstein-,0.95791286
Do_ro,0.95791286
Dolores-Sun,0.95791286
Dosmxjsbnn,0.95791286
Dr-心骛,0.95791286
淡い日,0.95791286
Dswitch,0.95791286
DumbAI人工智障,0.95791286
ELF兔兔,0.95791286
Earendelux,0.95791286
Februaryfish27,0.95791286
Elyite,0.95791286
Emberblade,0.95791286
Empreans,0.95791286
Eternal-god-1,0.95791286
Eyepiece-Cat,0.95791286
FODEN_11,0.95791286
F_Fzx,0.95791286
FaNStam,0.95791286
FaZEのTw1stZz本人,0.95791286
Athoy,0.95791286
Ass0ciation,0.95791286
Asonlee,0.95791286
00568547,0.95791286
-氧气萌主,0.95791286
-江雪-,0.95791286
-白白白白子,0.95791286
-精氨酸布洛芬-,0.95791286
-薇薇ANN-,0.95791286
-薜定谔的猫猫,0.95791286
-辛辰-,0.95791286
-这是个昵称,0.95791286
-酸奶不吃鱼__,0.95791286
00特工喵,0.95791286
-柒城-,0.95791286
0117tt,0.95791286
0li-stay,0.95791286
11号猫头鹰,0.95791286
12345678火,0.95791286
1234伪人心,0.95791286
124687546646,0.95791286
12S7_,0.95791286
1900_ht,0.95791286
1a2b257,0.95791286
Fiskkkk,0.95791286
-枫兰兰-,0.95791286
Ar_SXR,0.95791286
-北徊-,0.95791286
恭迎小滢殿下,0.95791286
---JO-JO----,0.95791286
超级快乐的肥仔,0.95791286
--丞哥blessme--,0.95791286
--子羽--,0.95791286
我吃好了-妈咪,0.95791286
-IxiciSoA,0.95791286
-_-小绿-_-,0.95791286
-joyfun,0.95791286
-可乐鸟-,0.95791286
饿火柴,0.95791286
-咩吔-,0.95791286
-咲羽-,0.95791286
-屰-,0.95791286
-悲爱-,0.95791286
-托腮,0.95791286
呱唧咕噜噜噜,0.95791286
-无微-,0.95791286
一只小虚末,0.95791286
不会取名啊啊额,0.95791286
1逗号3-丁二烯,0.95791286
20啷当赖赖唧唧,0.95791286
2333uuu,0.95791286
AlienNess,0.95791286
A_haw,0.95791286
A_junjunjun,0.95791286
只有吃饭的时候不困,0.95791286
Acce2085,0.95791286
AdinTS,0.95791286
Afroc0vTh,0.95791286
Agriperaon,0.95791286
Aleph_096,0.95791286
看到几十块垫脚石,0.95791286
Alsen_,0.95791286
23500147,0.95791286
AmericaCEO,0.95791286
Amo_coobee,0.95791286
AnXingH,0.95791286
Anemoia__,0.95791286
AntiTankGun,0.95791286
Apollocoo,0.95791286
AppleSeed_nZk,0.95791286
ApriLLLbiubiu,0.95791286
Aquila_鹰与夜刃,0.95791286
AV变BV啦,0.95791286
ATP扔掉了Pi,0.95791286
ALM_Loy,0.95791286
AKseem,0.95791286
28花火,0.95791286
32207,0.95791286
333-shan,0.95791286
bili_61227152083,0.95791286
380556188,0.95791286
40Cent,0.95791286
455876,0.95791286
4D-Hunter,0.95791286
4dw7,0.95791286
52kg斯科特,0.95791286
662号女战士,0.95791286
7712377123,0.95791286
956马导,0.95791286
9i镜流流,0.95791286
9丶Yue,0.95791286
AAA广陵沉淀王,0.95791286
AAA虹夏大天使,0.95791286
AAA香菜批发刘经理,0.95791286
AA土老帽批发商,0.95791286
Helloroom,0.95791286
Higgs_Boson,0.95791286
锅咯锅咯驾,0.95791286
Re0607,0.95791286
Q烦A烦Q,0.95791286
R-HR,0.95791286
R_Z_OWO,0.95791286
Rainko_,0.95791286
Rain的粪球,0.95791286
Raisushawaー,0.95791286
Raquellll,0.95791286
Ray_xxl,0.95791286
Rb_M4XVerstappen,0.95791286
Rei_澪,0.95791286
Qin_at,0.95791286
Reigen桑,0.95791286
Re世界第一可爱,0.95791286
RichBen_Lian,0.95791286
小柯啊小柯,0.95791286
Rio_ccc,0.95791286
Royal-Crown,0.95791286
Ruaast,0.95791286
Ruaitnes,0.95791286
Rybakiki,0.95791286
Qvoider,0.95791286
Qimel,0.95791286
SL-Ace,0.95791286
lulufi,0.95791286
Night_Of_Light,0.95791286
Ninelie47,0.95791286
Nogamenolife电玩か,0.95791286
NoneUwU,0.95791286
NotTheLord,0.95791286
Nukepayload2,0.95791286
OOK嘛,0.95791286
ORANGE-OC-,0.95791286
Ofeocc,0.95791286
OhYeongyi,0.95791286
Qian_0114,0.95791286
Ohyeeeeeeeeeeeee,0.95791286
OrlonX,0.95791286
P7GAB,0.95791286
Panena,0.95791286
Paranoid_Liu,0.95791286
Persistancemm,0.95791286
Petal_leo,0.95791286
Priestess25,0.95791286
QShaonian,0.95791286
S-Y商音,0.95791286
SODA酱NANA酱,0.95791286
Hildrun_,0.95791286
VictorJerry,0.95791286
Tocy陈,0.95791286
Tritium79,0.95791286
Tsukumoinori,0.95791286
Turbo_0v0,0.95791286
TylorSkywalker,0.95791286
Uranoo,0.95791286
Uurainn,0.95791286
VelproF1129,0.95791286
Vergilius_IlI,0.95791286
Vitality的马希洛本人,0.95791286
Thinkauc,0.95791286
Vivien00a,0.95791286
W_飛,0.95791286
WeChat13,0.95791286
Wiz1024,0.95791286
W乐嘉,0.95791286
XueZCL,0.95791286
YZQGJJ21,0.95791286
YamiiroAlice,0.95791286
YoRHa_4S,0.95791286
Tilance,0.95791286
Tendermistake蓝桉,0.95791286
爱_我所爱,0.95791286
SnowOye,0.95791286
SaChii_,0.95791286
Sakiの追う思,0.95791286
没有脸的无名氏,0.95791286
Septeen玖,0.95791286
Sherry香Sweet,0.95791286
SilkenChords,0.95791286
SiroYoru,0.95791286
Skelent_793,0.95791286
SlimeNull,0.95791286
Solomon的小饼干,0.95791286
肉酱安格斯厚牛堡,0.95791286
Sora嗦辣,0.95791286
Ss周防尊,0.95791286
StardewVa11ey,0.95791286
Starry_C,0.95791286
Sure_ger,0.95791286
Sy0472,0.95791286
S佐藤和真Q,0.95791286
TCY-Vilert,0.95791286
TatleCat,0.95791286
Night_Fox,0.95791286
NightFallD,0.95791286
NickLopez,0.95791286
Kingishu,0.95791286
Jocelyntien,0.95791286
Joey_MAKE,0.95791286
Johnson9z,0.95791286
KAKyoin_cherry,0.95791286
KatsumiDaido,0.95791286
Kelzina_95,0.95791286
Khalil-999,0.95791286
Kiley_zh,0.95791286
Kimix饭团,0.95791286
KleinMoriarty1,0.95791286
来点蓝莓慕斯,0.95791286
KtyQAQ,0.95791286
L-Ascorbic-acid,0.95791286
L-emotion,0.95791286
LOVE瑞吉儿,0.95791286
LO昕芋VE,0.95791286
LPtc,0.95791286
才不是狸猫ii,0.95791286
LTY_LSM,0.95791286
LV5节能炮,0.95791286
Jaoye,0.95791286
JUMLICKY,0.95791286
Neo3Day,0.95791286
INDUSTRY_BABY,0.95791286
HoneyPzz,0.95791286
HuOkee,0.95791286
HybirdQwQ,0.95791286
HyperHare,0.95791286
Hyperuns,0.95791286
Hypothet,0.95791286
H浩-幻想,0.95791286
I-桃夭-I,0.95791286
IIIMiracleJ,0.95791286
IO单OI,0.95791286
JMZSH,0.95791286
Ignis_焰,0.95791286
ImgnDrgn,0.95791286
Into_The_Void,0.95791286
必中天选的猫猫头,0.95791286
J4wew,0.95791286
JENNYCAtty,0.95791286
JH4ever,0.95791286
JHouse_,0.95791286
懒散贤者,0.95791286
LWJ_0803,0.95791286
LX落霞77,0.95791286
LYDoppeler,0.95791286
Moonquakes33_,0.95791286
MUSE_2,0.95791286
Material3600,0.95791286
Megdn,0.95791286
Mercury怜,0.95791286
Michael__Zh,0.95791286
MikiSayakaSL,0.95791286
MiniOrangeNB,0.95791286
MisakaZXC,0.95791286
Monica_渔,0.95791286
Mou-z,0.95791286
小怜悯心,0.95791286
My-Honest,0.95791286
MyLuckySeven7,0.95791286
NARUTO水门,0.95791286
NF13_,0.95791286
NGU-F,0.95791286
NaOH42,0.95791286
NamelessAshen,0.95791286
Neil桀骜,0.95791286
宁古塔穷留子,0.95791286
MOCHAKING,0.95791286
MK牧瀨红莉栖,0.95791286
少女爱拉屎,0.95791286
MEz2Luv,0.95791286
Lacrimee,0.95791286
Langba2014,0.95791286
Lelele拐,0.95791286
Lem大帝,0.95791286
Leonnav,0.95791286
Ler1Shy,0.95791286
Leslie----Cheung,0.95791286
Lezzer,0.95791286
LighterP,0.95791286
Line_64956,0.95791286
LittleRose,0.95791286
Logic-hero,0.95791286
Lu_QF,0.95791286
Luna-No-Tic,0.95791286
Luoyuu_,0.95791286
M1LKBOTTLE,0.95791286
MADAMADA-DANE,0.95791286
MCcarrot,0.95791286
labby妤小小,0.95791286
乌托邦的日子,0.95791286
不喝百事啊呀呀,0.95791286
乌龙茶啤酒和苦咖啡,0.95791286
好大一只咕咕,0.95791286
奖状收集楼,0.95791286
奥数洛里,0.95791286
女san,0.95791286
奶不思,0.95791286
奶油I可可,0.95791286
好久没追番了,0.95791286
好像什么都不知道哦,0.95791286
好名字都被抢光了.,0.95791286
好大一个碗,0.95791286
回到未来的方老师,0.95791286
奈总qwq,0.95791286
好耍啊好耍,0.95791286
好风可借力,0.95791286
如月疑云_,0.95791286
妄言猫猫,0.95791286
妇国大将军,0.95791286
妖精cpl,0.95791286
妖蛊笑,0.95791286
姓呼吖,0.95791286
姓羽隹,0.95791286
奕诺_Y,0.95791286
奇谋砍张角,0.95791286
姜姜江姜江,0.95791286
天狼座星云,0.95791286
大睡啊啊啊,0.95791286
大禹治水www,0.95791286
大脸MRA,0.95791286
大萝卜是大宝贝,0.95791286
天上江铃-demonic,0.95791286
天仙狂醉yun,0.95791286
天天扫雪,0.95791286
天律玄,0.95791286
天泽圣司雯,0.95791286
天罪星旺仔er,0.95791286
头发不稀,0.95791286
天野阳阳菜,0.95791286
無名1234,0.95791286
天青水绣1236,0.95791286
太凡乾元,0.95791286
太缁,0.95791286
太陽の息子,0.95791286
太饿了找吃的,0.95791286
失落的泰迪熊,0.95791286
风花满月,0.95791286
姜与僵,0.95791286
姜萍数学竞赛,0.95791286
啊米诺斯米娜桑,0.95791286
安静的距离,0.95791286
宇宙机械姬,0.95791286
宇智波带taoo,0.95791286
宇玟秋水,0.95791286
守护的骑士,0.95791286
守月人the_moon,0.95791286
守望心灵的月光,0.95791286
安家妹子,0.95791286
戏格子,0.95791286
安沫澪,0.95791286
宋雨琦快来宁波救我,0.95791286
宅在家的子期,0.95791286
猫_君,0.95791286
宏宝丶,0.95791286
实在想不出名字了--,0.95791286
寂寞工科男,0.95791286
密码又忘了哎,0.95791286
富小蔻,0.95791286
寒武極,0.95791286
寒玥Ovo,0.95791286
寒羽尘夕,0.95791286
宅在阿瓦隆里的亚瑟,0.95791286
学门技术养家糊口,0.95791286
威卡wicca,0.95791286
杀手蝴蝶梦1919,0.95791286
威鸡雰,0.95791286
婉芊幺,0.95791286
子不斩,0.95791286
子易233,0.95791286
阿狸狸哦,0.95791286
子涵露露,0.95791286
孔--明,0.95791286
孙悟驡,0.95791286
孙鹏飞7840,0.95791286
孜然酱不是酱,0.95791286
学英语的医学生,0.95791286
孟川K,0.95791286
孤优孤优,0.95791286
孤屿zyz,0.95791286
孤独的品鉴师,0.95791286
孤独的风一,0.95791286
肯定还会的,0.95791286
孤狼酥酥,0.95791286
孤獨離子,0.95791286
学习的星灿,0.95791286
大白菜de桶,0.95791286
大猫67,0.95791286
大爱南大,0.95791286
土鸡德华ovo,0.95791286
四月一日莙寻,0.95791286
四照x,0.95791286
四页景_,0.95791286
回神兮,0.95791286
困乎己时,0.95791286
国家一级饱腹动物,0.95791286
国服第一难带啊,0.95791286
国王家の猫,0.95791286
图伯斯通,0.95791286
在哪里起飞,0.95791286
嚞御,0.95791286
在底特律吃馅饼的企鹅,0.95791286
在杭州做律师的王律师,0.95791286
在椰子树下一觉到天亮,0.95791286
达斯米奇B站专用账号,0.95791286
在逃猫猫棍ovo,0.95791286
地球online管理者,0.95791286
噜炉卤鹭,0.95791286
地球脚印1号,0.95791286
地瓜炸弹球,0.95791286
四川省省草,0.95791286
嘿嘿会早睡嘛,0.95791286
大润发杀人男孩,0.95791286
喜欢吐泡的鱼,0.95791286
阿本_QAQ,0.95791286
啧啧啧鼠鼠都去哪了,0.95791286
啾秋啾啾,0.95791286
善财懒同学,0.95791286
喑枳,0.95791286
梨米朵,0.95791286
喔你呢,0.95791286
喜欢刘康有品,0.95791286
--如既往的帅气,0.95791286
喜欢坐直升机丶,0.95791286
嘢_小子,0.95791286
喜欢川渝宝龙,0.95791286
喜欢阿瓦隆的大手么,0.95791286
喵之安雨然,0.95791286
喵了个咪呵呵,0.95791286
喵勒个去,0.95791286
-Vvanny-,0.95791286
嗜个仁啊,0.95791286
嗜窝诗屋人,0.95791286
嘎嘎鸭布丁,0.95791286
地陷の石,0.95791286
坂古朋友圈,0.95791286
坠风煎鸡蛋,0.95791286
夜風幼刀刀,0.95791286
夏沫繁星,0.95791286
夕日の波客,0.95791286
多拉A梦-boom,0.95791286
多鱼的余ovo,0.95791286
夜梦鹳雀楼GBZB316,0.95791286
夜灵沐_Sierra,0.95791286
夜玦GReally,0.95791286
夜肆然,0.95791286
夜阑星凡,0.95791286
夜默星繁,0.95791286
坤的味道吃了就知道,0.95791286
大会员asd,0.95791286
大力地,0.95791286
大叔炫007,0.95791286
大名鼎鼎历飞雨,0.95791286
大圣嘻嘻嘻,0.95791286
大地嘤嘤嘤,0.95791286
大坝神区,0.95791286
大师球逮溶食兽,0.95791286
大曦哥,0.95791286
有人在这儿吗,0.95791286
夏夏夏夏夏夏次一定,0.95791286
夏与树丶,0.95791286
复读复读机的复读机,0.95791286
坨马坨,0.95791286
垦芽泊子,0.95791286
城郊牧笛落野村,0.95791286
城郭书生,0.95791286
乐弦初音和天依,0.95791286
堂主胡桃胡桃,0.95791286
78頋語91,0.95791286
堇紫苍蓝,0.95791286
堍茶,0.95791286
塑料口袋,0.95791286
墨兔MOTU,0.95791286
墨哈秋哟,0.95791286
墨爻的世巡宠宠我,0.95791286
墨竹银余,0.95791286
墨苏冷,0.95791286
我爱看擦边男妈妈,0.95791286
壹万ewan,0.95791286
壹碗汤,0.95791286
夂㸚祓濯,0.95791286
对绫波丽一见钟情,0.95791286
寻七w,0.95791286
寻找-答案,0.95791286
张飞偷袈裟,0.95791286
生煎鹹魚,0.95791286
开房卖神油,0.95791286
弃D投P,0.95791286
弋白二琼,0.95791286
弋阳川,0.95791286
张书凝,0.95791286
张八儿,0.95791286
张厚页本尊,0.95791286
张某赐哟,0.95791286
弥-aisd,0.95791286
星落_falling,0.95791286
弯曲的湖,0.95791286
弱水东流,0.95791286
張云宏,0.95791286
張号己汪销,0.95791286
張长青,0.95791286
强说他,0.95791286
归_辰,0.95791286
彡YYL,0.95791286
彡叮当彡,0.95791286
废话世界里的糖果屋,0.95791286
哈哈名字不存在的,0.95791286
帅气の小飞,0.95791286
干啥子啊这是,0.95791286
带土是喰种,0.95791286
萌新的无奈,0.95791286
带秤去旅行,0.95791286
带篮子本人,0.95791286
常云晚,0.95791286
常嫣军,0.95791286
常数要较小,0.95791286
常树人,0.95791286
干净如画,0.95791286
平凡の世界和你,0.95791286
庐江老陆,0.95791286
平壤没有墙,0.95791286
平平凡凡丶levi,0.95791286
平面直角坐标系Owo,0.95791286
并非真五字,0.95791286
幺幺灵2008,0.95791286
幻夢未来の音,0.95791286
幻梦花园_,0.95791286
幽默春风,0.95791286
广白百,0.95791286
彩虹人o_o,0.95791286
彩虹喵之剑,0.95791286
彩虹海彡知音,0.95791286
怪人阿刚,0.95791286
忘了本大王,0.95791286
快乐小猪儿_J,0.95791286
怀里明月怀外雪,0.95791286
怂了苟吧,0.95791286
怎么講,0.95791286
思念变成枫_,0.95791286
唐小十九,0.95791286
思想掌控,0.95791286
思考人生的小溪,0.95791286
总是走在漫长的路上丶,0.95791286
影子与鸽,0.95791286
总有一天会还魂_zone,0.95791286
After-Alive,0.95791286
恆礫,0.95791286
恐人勿扰,0.95791286
恒の征服者,0.95791286
恒山野人,0.95791286
恨愁用歌声代替,0.95791286
恩MIXX,0.95791286
恭喜又发财,0.95791286
志鹏叔叔丶,0.95791286
忒忒忒啊忒,0.95791286
忆蓑衣,0.95791286
忆研年少,0.95791286
很大的风g,0.95791286
徐同学Ql,0.95791286
得分点-,0.95791286
御坂12791号,0.95791286
御坂5831号,0.95791286
御坂妹妹发电厂,0.95791286
御尘zzz,0.95791286
御时空明,0.95791286
微微一跳,0.95791286
微笑小狐狸,0.95791286
微醺さん,0.95791286
微醺的冷鲜肉,0.95791286
心一k,0.95791286
心之所向暂,0.95791286
心乐兮,0.95791286
心灵牧羊人0123,0.95791286
忆尘自信也谦虚,0.95791286
忆比蓝,0.95791286
忆江南丨,0.95791286
开拓猫猫,0.95791286
帅摔的萝卜,0.95791286
寻找加一,0.95791286
紫外线大帝,0.95791286
小明听见了,0.95791286
小智真的很机智,0.95791286
小李布鸽-,0.95791286
火伊尔,0.95791286
小松日向,0.95791286
小林囝,0.95791286
小柒弃色,0.95791286
小桉有点宅-,0.95791286
willy_ben_chen,0.95791286
小汪君の,0.95791286
小惠很白,0.95791286
小温wendy,0.95791286
小潜讨厌早起,0.95791286
小灯扶老灯眼睛要尿尿,0.95791286
小狼背个包包,0.95791286
小璐不乱撞biu,0.95791286
小疯未疯,0.95791286
小盐风化,0.95791286
小穗满满,0.95791286
小羊奶盖丶,0.95791286
小新酱的蜡笔,0.95791286
小恶魔海星星,0.95791286
帅帅的尧哥,0.95791286
小东哥是也,0.95791286
九重星有街,0.95791286
寻章Explorer,0.95791286
封镡,0.95791286
将半,0.95791286
專業不對口,0.95791286
尋勝1893,0.95791286
小QBZ,0.95791286
谁在和甜妹谈恋爱啊,0.95791286
小一的频道,0.95791286
小凝商业分析,0.95791286
小怪兽king修勾,0.95791286
小刺猬扎你哦,0.95791286
小十八_Mirana,0.95791286
小吴6119,0.95791286
小咩菜,0.95791286
小天LOVETEN,0.95791286
小太阳在对岸,0.95791286
小学同鸡炖,0.95791286
小小万业,0.95791286
小徐在背单词,0.95791286
小肆aaaaa,0.95791286
小豺v,0.95791286
宇拉Yura,0.95791286
岳韶,0.95791286
山柳awa,0.95791286
山海_居士,0.95791286
山海中重逢,0.95791286
山田杏奈さんです,0.95791286
山羊-GT,0.95791286
岐律,0.95791286
岛兑,0.95791286
岛田哈士,0.95791286
岩叔不二,0.95791286
鉝ver猫rium,0.95791286
小青鹿啊,0.95791286
峥峥与鱼,0.95791286
峨眉山猴王_,0.95791286
工藤-沙耶香,0.95791286
差不多的橘子,0.95791286
高维思维兽,0.95791286
巴吧波弈,0.95791286
布布OcO,0.95791286
布拉迪耶先生,0.95791286
布鲁伊传教士,0.95791286
山与海棠花,0.95791286
山上有术,0.95791286
屠夫鱼,0.95791286
尽佘欢,0.95791286
小韩啸,0.95791286
小马谷momona,0.95791286
小魔王9901,0.95791286
小鲍的阿黄,0.95791286
昊叠油,0.95791286
小鲨鱼的糖块,0.95791286
小麦克可汗,0.95791286
少吃点吧又胖了,0.95791286
少年の初梦,0.95791286
鱼猫摄影,0.95791286
尔蜜7,0.95791286
尤里安的凯旋,0.95791286
就是qiengpa,0.95791286
就是老人,0.95791286
就爱吃脆桃儿,0.95791286
就要沾豆爽,0.95791286
尼古拉斯卡喵,0.95791286
尼古拉斯赵四22,0.95791286
尼布罗茨,0.95791286
啧啧啧zzz12346,0.95791286
培青孑,0.95791286
啊您姜,0.95791286
啊就这样好了k,0.95791286
先随便起个名111,0.95791286
光与影shine,0.95791286
光粒子的能量,0.95791286
克里斯_猫,0.95791286
克里欧Kun,0.95791286
克隆狐_Neil,0.95791286
免硬币设置一次吼,0.95791286
兓霂,0.95791286
兔子便当里凤梨怪兽,0.95791286
入处壮年拄拐棍,0.95791286
全世界最帅的老坛,0.95791286
全知全能幻想,0.95791286
全站唯一真刘浩存男友,0.95791286
全部拿下233,0.95791286
八云家的被窝,0.95791286
八奈見杏菜_official,0.95791286
八月留焱,0.95791286
六国居士,0.95791286
六花不想小鸟游,0.95791286
兰渔,0.95791286
共和国在下雨_HE,0.95791286
元旦是只猫呀,0.95791286
元战OPLA,0.95791286
元创者,0.95791286
依氼,0.95791286
你抓不住的风与影,0.95791286
蒙面侠的小鱼干,0.95791286
你的头发掉了-,0.95791286
你的水开了,0.95791286
你膝盖中箭,0.95791286
你踏码,0.95791286
你身边和他一样帅的人,0.95791286
佩奇是我的呀,0.95791286
佰帝,0.95791286
俄罗斯大战方块,0.95791286
兀与_,0.95791286
俊俊金毛,0.95791286
俟惕,0.95791286
信任度贤者,0.95791286
修改硬币需消耗六昵称,0.95791286
假的dewierH,0.95791286
假装是万寿菊,0.95791286
偏头痛妖精,0.95791286
傲来Official,0.95791286
像素漫步,0.95791286
关东煮好想吃,0.95791286
内啡肽含片,0.95791286
加藤惠的猫-,0.95791286
再来也许要天上团聚l,0.95791286
凹凸不平的小毛毛雨,0.95791286
函谷关上单,0.95791286
刀梦氵原,0.95791286
刁之不会剪辑,0.95791286
刄妾,0.95791286
刘艺博ol,0.95791286
初夏桜晴啦,0.95791286
删繁就简-知足常乐,0.95791286
别加芹菜啊,0.95791286
别时茫茫江妗月,0.95791286
别欺负乌冬面呀,0.95791286
别碰我狗牙yy,0.95791286
到底该叫哪个呢,0.95791286
刷牙的临夏七度,0.95791286
刺客先生就好这口,0.95791286
剁椒鱼头椒炒肉,0.95791286
前任大班长,0.95791286
前方咯咯,0.95791286
剥个瓜子i,0.95791286
剥落的海,0.95791286
加油吧阿柴,0.95791286
凯撒的副官,0.95791286
凤梨酥贴,0.95791286
凤九序章,0.95791286
冰鱼ちゃん,0.95791286
再见吧朋友焖,0.95791286
冒崄雷探长,0.95791286
冒险滴二哥,0.95791286
金刚小蚂蚁,0.95791286
冬坡_,0.95791286
冬天要做大鱼2,0.95791286
沉锦烟,0.95791286
冰冻麻薯youmu,0.95791286
冰柠海獭,0.95791286
冲浪小透明,0.95791286
凡凡凡凡凡鸟,0.95791286
冷吃_兔,0.95791286
冷火蜻蜓,0.95791286
冷铭雪,0.95791286
冻梨大人-,0.95791286
凉ie,0.95791286
凉小肥啵炜,0.95791286
凌晚lw,0.95791286
凌晨aks,0.95791286
凛夏w,0.95791286
你所热爱的就是___,0.95791286
-月净悠-,0.95791286
你怎麼连话都说不清楚,0.95791286
你当飞往你的山啊,0.95791286
云歌呀云歌,0.95791286
炼冰术士海森堡_,0.95791286
五条煌,0.95791286
卷毛鸦雀窝,0.95791286
亖三两二一,0.95791286
亚撒西的迷途,0.95791286
亟淮,0.95791286
亦南rrrran,0.95791286
亦是否,0.95791286
亦音-,0.95791286
京有点冷,0.95791286
京都一生推-,0.95791286
人参公机,0.95791286
人女口其名,0.95791286
人才北子,0.95791286
屑六角星awa,0.95791286
人机kris,0.95791286
人生岂能被轨道左右,0.95791286
人畜无害皮皮酱,0.95791286
人间普通小tom,0.95791286
人间风雨7776,0.95791286
云妹儿丶,0.95791286
云中仙鹿Max,0.95791286
二点半不上火,0.95791286
九打七,0.95791286
乐观的Pessimist,0.95791286
乔思毅,0.95791286
乖日鲸,0.95791286
乙醇上头,0.95791286
九世净琉璃,0.95791286
九十一个名字,0.95791286
九十九课,0.95791286
九号天罗,0.95791286
九头怪喵,0.95791286
九敏狐,0.95791286
二大爷我查,0.95791286
也無風雨也無晴,0.95791286
也许我就是大魔王吧,0.95791286
书剑风流,0.95791286
书桌余光,0.95791286
书话短说,0.95791286
乱一晨Twilight,0.95791286
了不起的木狮虎,0.95791286
予独爰莲,0.95791286
事该了,0.95791286
仁川松岛流浪女,0.95791286
仁間失革,0.95791286
今天又又又浪了,0.95791286
何兰亭,0.95791286
伪秋菲,0.95791286
伯尼熊的烤香肠,0.95791286
伴九久--,0.95791286
伴定疯,0.95791286
但又如何,0.95791286
低血糖还在追我,0.95791286
住在乌龟壳,0.95791286
住在珈百璃家的狂三,0.95791286
佑川予安,0.95791286
何小豹,0.95791286
遨风管,0.95791286
余林初雨,0.95791286
余紫南半鬼,0.95791286
佚名16,0.95791286
你_好好_活着_吧,0.95791286
你们这些大胖子,0.95791286
你好呀9-9,0.95791286
你好我很困我先睡会,0.95791286
MrC4,0.95791286
天道树艹,0.95791286
传奇火火-Fireset-,0.95791286
伟大的更更桑,0.95791286
今天问题解决了吗,0.95791286
仲十五,0.95791286
从我床上下来,0.95791286
从我这边_到你那边,0.95791286
从此见山不是山,0.95791286
代数与数学分析典例,0.95791286
以一四悟一十,0.95791286
秋络妍大王请早睡,0.95791286
以勿,0.95791286
以泰和菠萝,0.95791286
以爱为名的某N小姐,0.95791286
仲夏-月,0.95791286
会飞的猪24,0.95791286
仲夏之靥,0.95791286
任颜鹤,0.95791286
仿人類行為錄_,0.95791286
仿生萝卜_,0.95791286
伊依炎炎,0.95791286
伊克斯迪克秀,0.95791286
伊洛幻想,0.95791286
伍猫司,0.95791286
优不拉平,0.95791286
加洛壹,0.95791286
关天烽,0.95791286
周三连,0.95791286
吧唧一口奶,0.95791286
名字是试试,0.95791286
名陳,0.95791286
向你问好_我的朋友,0.95791286
向安,0.95791286
向最美好的前程,0.95791286
吓得我都笑出来了,0.95791286
吔蕉啦捞头,0.95791286
君の坷拉,0.95791286
君身雪中乃知寒,0.95791286
含着奶嘴的心理大师,0.95791286
同一天的时候,0.95791286
含着泪de微笑,0.95791286
听Jay吹海风1,0.95791286
听见落花声,0.95791286
吴西迪西哟呼,0.95791286
吸金猛卖,0.95791286
吹号手-,0.95791286
吾乃秦始杨,0.95791286
吾星如河,0.95791286
吾猫叛逆伤透吾心,0.95791286
同学丁,0.95791286
合肥凌动,0.95791286
唔嘫worable,0.95791286
司空冰痕,0.95791286
史呆芬爱吃水蜜桃,0.95791286
叶刃艾路雷朵,0.95791286
叶子yerr,0.95791286
叶子旋转飞,0.95791286
叶影不好吃,0.95791286
叶斯格鲁,0.95791286
叶桑酱,0.95791286
叶籽孜yu,0.95791286
司尹舒,0.95791286
司空见不惯你,0.95791286
吃饲料的南越人,0.95791286
司马江南还我绘梨衣,0.95791286
叻砚舟,0.95791286
叽里呱啦咩哈哈,0.95791286
吃柠檬哟g,0.95791286
吃橘子的小学宅,0.95791286
kii_sanyaOvO,0.95791286
吃蟹的电视,0.95791286
吃那么多的吧,0.95791286
吃饭睡觉的豆豆,0.95791286
呀羊跑了,0.95791286
呆呆的睿智,0.95791286
呆毛小六,0.95791286
哒咚咚哒咚咚哒,0.95791286
哇_逗13,0.95791286
哇咔咔扒拉,0.95791286
哈-是老Ju,0.95791286
哈丽郭特,0.95791286
哈喽之鸥,0.95791286
哈士七_,0.95791286
哈怪怪怪怪哈,0.95791286
哈秋szhhh,0.95791286
哈鸡寻,0.95791286
哔啊叽,0.95791286
商秋暮雨,0.95791286
哟哟切柯南,0.95791286
哟雨哟雨,0.95791286
哦哦哦哦耶斯-,0.95791286
哲哲乘风破浪,0.95791286
哲学苍穹,0.95791286
唉丶小卿,0.95791286
永曜苍穹,0.95791286
请把我当成一棵树叭,0.95791286
唐惜然,0.95791286
哆子玉,0.95791286
咸鱼四十四号,0.95791286
咸鱼之王王王,0.95791286
咳咳棒,0.95791286
呢绒喂丝大林,0.95791286
唯恣意不改,0.95791286
周周鹿,0.95791286
周旋久矣,0.95791286
周易有云,0.95791286
湫驀,0.95791286
呱小酱,0.95791286
呵闩,0.95791286
命运联想,0.95791286
命鹧,0.95791286
咃の泠漠伱の嗳,0.95791286
唯其故耳,0.95791286
咕Duang,0.95791286
咕咕eee,0.95791286
咕噜咕噜仄儿,0.95791286
咕路碳是这个碳,0.95791286
咖喱ヽ,0.95791286
咦丶我的存在感呢,0.95791286
咩咩铁锤酱,0.95791286
可达莉鸭,0.95791286
可莉的咸鱼,0.95791286
卡瑞昂,0.95791286
南小鸟68,0.95791286
半明半昧半摇曳,0.95791286
单挑专业户,0.95791286
单核细胞生物电工,0.95791286
单相思的菜鸟睡梦回,0.95791286
南_乡,0.95791286
南倾尽萧,0.95791286
南宁老友粉丶,0.95791286
南宫幸光,0.95791286
南宫羽丶,0.95791286
南屏绿波,0.95791286
千简云辞,0.95791286
南条痕,0.95791286
南河み,0.95791286
南筏滚滚,0.95791286
南紀岛,0.95791286
南那なな,0.95791286
南颜笙么,0.95791286
南风white,0.95791286
卡了鱼刺的橘猫,0.95791286
卡卡溪鸭,0.95791286
半夏spirit,0.95791286
啊今我来思1,0.95791286
卡贝奇果,0.95791286
十一次元刀酱,0.95791286
励志当萌新的黄桃,0.95791286
1彬,0.95791286
雨就再下,0.95791286
勤奋好学の呆猫桑,0.95791286
化泓道人,0.95791286
北境铁头人,0.95791286
北方の风云客,0.95791286
匪之FZ,0.95791286
十一栗-,0.95791286
十七号骑士,0.95791286
千早小唐音,0.95791286
十七摩斯,0.95791286
十二月火,0.95791286
啊你说的对哈哈哈哈,0.95791286
十亿口奶酪,0.95791286
十八人匕十,0.95791286
十岁抽到了可莉,0.95791286
十方郁,0.95791286
千喜鹤_sun,0.95791286
千戈--,0.95791286
可盐可甜萝莉啰嗦,0.95791286
唐筱鹿,0.95791286
螺号闻,0.95791286
叫我周粥同学啊,0.95791286
口可口可口达emmm,0.95791286
古都市掌管拼点的神,0.95791286
只因ikunの恋爱循环,0.95791286
只因不是知,0.95791286
只希望归来,0.95791286
只死猪仔,0.95791286
啊-健,0.95791286
只爱小昔涟,0.95791286
叫我Ccy就好啦,0.95791286
叮叮车dddd,0.95791286
发送我所至爱,0.95791286
可le油条,0.95791286
可乐_-可乐-_,0.95791286
可乐啤酒配咖啡,0.95791286
可以就是可以不,0.95791286
可口可乐与泡椒凤爪,0.95791286
可可可可92,0.95791286
可有可无吧,0.95791286
可爱的像小兔子,0.95791286
可爱的嘟嘟嘟嘟,0.95791286
卧同希濡沫,0.95791286
取名贞德好难,0.95791286
反正我觉得挺好的,0.95791286
原始火批,0.95791286
友善的鸡翅,0.95791286
卯猫桑,0.95791286
卿の本佳人,0.95791286
卿儿爸,0.95791286
卿卿草草原X,0.95791286
卿良骨,0.95791286
阿渣dry,0.95791286
原于_u7t1,0.95791286
友之天下,0.95791286
又一个无趣的人,0.95791286
双保险摇滚,0.95791286
去工厂然后回不来了,0.95791286
请阻止车门关闭,0.9578881
重金属鱼,0.95788574
伊茗mm,0.9578756
因果律的弦,0.9578756
宇宙換紅豆,0.9578756
氦氖氩氪氙氡01,0.9578756
汽水和相机,0.9578756
重塑命运的亡故我无,0.9578756
JackLu57,0.9578756
炫彩大脏螂,0.9577375
H恩度W,0.9572948
我只是闲得无聊想改名,0.9572948
源堡里的刀克塔,0.9572948
GSA崩,0.9572948
aiiiipants眠王,0.9572453
钢琴墩,0.957161
buck7131,0.35334936
real-dreamer,0.3521583
elephantpoop,0.3518467
Cashrunner,0.35140115
electropulses,0.3512544
kendall12321232,0.35111812
elessarjd,0.35101184
dragonsky,0.35093004
Dragonic2020,0.35088995
Diasparo,0.35069332
baddonny,0.3506388
boomheadshot7,0.35063285
ptgkbgte,0.3506215
arghnard,0.35061884
Shizo211,0.35058945
iSunMonkey,0.3504909
FizzCrack,0.35048333
Killjoy4eva,0.3504049
Dial-A-Lan,0.35039532
Bortjort,0.35028616
pretzelzetzel,0.35026014
PR3CiSiON,0.3502162
carmichael561,0.3502066
ezaviar,0.3502008
SaxyTimeReloaded,0.35012567
BelmontZiimon,0.35011736
strutmcphearson,0.3500778
NunsOnFire,0.3500743
CyruscM,0.35006988
Twenty8k,0.35003635
freewibblebon,0.34998584
chevybow,0.34997416
TheCrazedMadman,0.34985656
geobomb,0.34983835
OHAITHARU,0.34982687
Kuonji,0.34980604
timsandtoms,0.3498038
TheSheepdog,0.34979123
thatwaffleskid,0.34970438
INGWR,0.34968373
Parodoxez,0.34966692
newtothelyte,0.3496117
Mattho,0.34960312
Warlizard,0.34960312
mehatch,0.3495665
bobojojo12,0.34951144
garv323,0.3495054
dragonboltz,0.34950522
pokemaster_winter,0.34944943
hadhad69,0.3494206
plasker6,0.34941947
sidianmsjones,0.34941912
Zelotic,0.34939003
FortuitousAdroit,0.34937698
The_Lolbster,0.3493385
Arachnatron,0.34933802
livejamie,0.34929585
iamriot,0.3492861
captainxenu,0.34928328
PokerFace247,0.34925556
cronos844,0.34923473
series_of_derps,0.34919876
Dakar-A,0.3491851
phunkystuff,0.34918493
Jimbobmij,0.34918213
jordan3434,0.34916964
IRunIntoThings,0.34915236
iamjakeparty,0.3491469
PunPuncher,0.34913176
joi1369,0.3491297
blaspheminCapn,0.34912914
N8CCRG,0.3491033
vteckickedin,0.3491023
0311,0.34910014
klassik891,0.34909776
Brendancs0,0.34907898
leoberto,0.3490775
Aspel,0.34905848
JangSaverem,0.34904367
giveitago,0.3490397
Goochiman,0.3490371
andrey_shipilov,0.34903088
Armonster,0.34903
downtothegwound,0.34902224
SlimeHudson,0.34900036
AmericanDerp,0.3489959
Duke_of_Chutny,0.34899294
nathanmcc1,0.34898895
Miroudias,0.3489808
TheRagingHerp,0.3489702
Glonn,0.34895384
Ieuan1996,0.34894857
MessiahX,0.34894666
Yokuo,0.34894535
AnotherSmegHead,0.34894377
tnick771,0.3489248
ZeosPantera,0.34892213
PyroSpark,0.34892172
JoshAndArielle,0.34892172
Cerberus73,0.3489212
woizard,0.34892085
gammatide,0.34891382
St1cks,0.34889498
SearchNerd,0.34889105
Xemeriba,0.34888455
scharfca,0.34887797
lupianwolf,0.34887156
anticommon,0.34887093
SaggyBallsHD,0.3488708
The_Reverend,0.34886932
Ovedya2011,0.3488637
AnalogDan,0.34885585
OvidPerl,0.3488462
arup02,0.34882486
danyukhin,0.34882292
Gaston44,0.34880808
rothwick,0.34880584
GeminiVI,0.3487985
Brandonspikes,0.34879577
jeffAA,0.3487954
ReallyForeverAlone,0.3487954
jdgrafton,0.34879535
jb2386,0.3487825
Emmanuell89,0.34877998
MrLadyfingers,0.3487711
GreggoryBasore,0.3487694
scartol,0.34876645
QWERTY36,0.3487597
Hax_,0.34875932
Jadis4742,0.34874538
noroom,0.34874165
asperatology,0.34873843
mrhappyoz,0.34872967
beauseph,0.34870797
Kongo204,0.34870458
DoctorHeadshot,0.3487003
Sidetracking,0.34869966
pyrowolf8,0.34869963
shitwhore,0.3486963
cybrbeast,0.3486951
dabisnit,0.348695
promonk,0.34869316
CallMeJase,0.34867308
doug3465,0.34867194
redonculous,0.3486619
googolplexbyte,0.3486463
Plumerian,0.3486379
tmotom,0.34863752
jettj12,0.34863666
MentalToast,0.34861606
LerithXanatos,0.3486152
Procrasturbator11235,0.34861514
toucher,0.34860128
clawz_nd_webz,0.34860092
Micosilver,0.34859264
athennna,0.34857875
captainstan,0.3485777
Twitch89,0.34857666
ForScale,0.3485651
iRuisu,0.34855437
JaseAndrews,0.34855083
CoCo26,0.34854966
leafeator,0.3485478
NegimaSonic,0.3485328
IAmNotJoshua,0.34852588
jojimboy,0.34852389
iLiekBoxes,0.34852326
evoken1,0.34851956
muellzy,0.34851408
stapleherdick,0.34850743
cammyfawkes,0.34850544
StarHarvest,0.34848922
pinumbernumber,0.34847236
alan2500,0.34846893
SubzeroMK,0.3484573
thefaith1029,0.34845686
chico12307,0.3484487
nps,0.3484387
dwaxe,0.3484386
TheWaterTemple,0.34843567
jman077,0.3484344
Selcouthit,0.34842926
AtomikRadio,0.34842792
haddock420,0.34841993
THE_BANANA_PALADIN,0.34841353
boringzebra,0.34841266
Sir_Llama,0.34840357
sutr90,0.3484025
Alexanderr,0.34839994
Shagga__son_of_Dolf,0.34839594
Xanthon,0.34839466
mw3haha,0.34839138
scuczu,0.34838292
Jaxkr,0.34838048
elmntguy12,0.3483765
BashfulArtichoke,0.34837148
Burgerkrieg,0.34836623
abusmakk,0.34836072
nonex,0.34835553
frozen-creek,0.34834728
Iloldalot,0.34834588
Trojanbp,0.34833694
cycophuk,0.34833306
onscreenlol,0.3483293
TyPiper93,0.34832683
ZackZak30,0.34832305
ikilledyourcat,0.3483176
PrimaxAUS,0.34831595
AnotherCrazyChick,0.3483128
Gimme_The_Loot,0.34830648
jordanbeff,0.34830377
dudester567,0.34829995
Seamannator,0.34829903
DarkStrobeLight,0.34829545
bananinhao,0.34829184
SevFTW,0.3482914
Devchonachko,0.3482902
DrRodneyMckay,0.3482865
xavierfox42,0.34828094
brand0n,0.3482799
Miketheguy,0.34827918
ThePipes123,0.34827587
Grapeboy,0.34827578
CStaplesLewis,0.34827337
markevens,0.34825343
CantSeeShit,0.3482532
old_snake,0.34824044
SSII,0.34823892
CodenameCaboose,0.3482371
the_dayman,0.34822553
spekter299,0.34822512
GiveMeBackMySon,0.34822088
erviniumd,0.34821862
provoko,0.34821567
mike23pizzo,0.34821382
DarthMurdok,0.34821334
Aegist,0.3482067
leonprimrose,0.3482012
Spam4119,0.34819514
mdawgig,0.34819165
JHoward777,0.34819058
saintdominic,0.34818485
nutshells,0.34818324
americanpegasus,0.3481828
Leadboy,0.34818006
KOWguy,0.34817654
DrossGnostic,0.34817603
gnuworldorder,0.34817603
Guest101010,0.34816918
Krusiv,0.3481668
touyajp,0.3481646
lud1120,0.34815946
ArabRedditor,0.3481565
CrowKaneII,0.3481544
monopixel,0.3481529
TEmpTom,0.3481474
bowhunter6274,0.3481397
Ashanmaril,0.34813553
Meriis,0.34813544
Likes_Information,0.34812957
General__Specific,0.34812793
scarface910,0.34812742
broccolibush42,0.34812734
AnnArchist,0.34812048
SMUT_ADDICT,0.3481192
xCessivePresure,0.34811822
watchesyousleep,0.34811774
jlopez24,0.3481168
finaleclipse,0.3481148
captainbawls,0.3481142
manikfox,0.34811202
jordypants,0.34811196
chromer123,0.34809753
Moncole,0.34809348
a_posh_trophy,0.34809265
summerofevidence,0.34808868
RossD123,0.34808618
gentlemandinosaur,0.3480846
Thai_Hammer,0.3480825
newpua_bie,0.34807852
KingGeb21,0.34807843
dossier,0.348077
pigferret,0.34807542
ImNotJesus,0.3480742
fluffyponyza,0.34807348
Hotwir3,0.34807202
Always_Leaves_You_Ha,0.34807122
anexanhume,0.34806934
Growing4Freedom,0.34806857
moontanned,0.3480675
markender,0.34806672
qervem,0.3480651
kris_lace,0.34806094
VolumeZero,0.3480557
francis_0000a,0.34805414
smacksaw,0.34805205
PrincessPi,0.34804907
Cordicuss,0.3480474
kidzior,0.3480456
sbarias20,0.3480448
otakuman,0.3480447
AllMightyGuy,0.34804374
noodlesfordaddy,0.3480348
mszegedy,0.34802625
TWI2T3D,0.34802073
lolpancakeslol,0.34801555
Draedgal,0.3480142
twitchMAC17,0.34801158
kmccormi,0.3480085
PriitySiick,0.34800693
Ancel3,0.34800512
Pabl0Esc0bar,0.34800494
lastoftheyagahe,0.34800252
vpxtreme,0.34799978
Cshock84,0.3479996
hamburglin,0.3479983
lolodotkoli,0.34799638
PlNG,0.34799546
Tuco_bell,0.34799108
Rubb3rDucky,0.34798175
185139,0.34798154
samuraialien,0.34797645
M374llic4,0.34797376
sjmarotta,0.34797376
Lostinwords,0.3479726
EliteHunting,0.34797207
senorjohhny,0.34797147
derkman96,0.34797117
Naruhodo,0.3479696
paintedsaint,0.3479642
lettuceman44,0.3479637
numandina,0.34795332
el_monstruo,0.34794554
Software_Engineer,0.34794292
Kyraden,0.34794047
DoTheEvolution,0.34793603
mrdude817,0.34793314
tiradium,0.34793264
greenleaf187,0.34793025
NotSoSlenderMan,0.3479295
WoopAhhh,0.34792602
SambobmaS,0.347924
indochris609,0.3479238
xPlatypusVenom,0.347919
cefarix,0.34791693
averad,0.3479161
karthus25,0.34791103
Notmiefault,0.34791043
GrixM,0.3479096
pandanomic,0.34790736
trauma_kmart,0.34790686
badmood247,0.3479053
Madous,0.34790275
jurble,0.347899
VaccusMonastica,0.3478988
i_post_gibberish,0.347897
shaggorama,0.34789515
warlockami,0.34789392
Keeks_marone,0.34789023
amadea56,0.34789008
resonatingfury,0.3478881
agentapelsin,0.34788322
fuzzyferret,0.34787777
willo_sea,0.34787193
MFBATZ,0.3478716
GreenDirector,0.34786898
murfi,0.34786245
tyrannosaurus_fred,0.3478619
jackgopack4,0.3478618
rdudejr,0.3478614
Vorchun,0.3478572
LelahMunster,0.34785643
commentsurfer,0.34785113
serupento,0.3478498
poobicus,0.34784865
ArchChisUm,0.3478479
microtrash,0.34784418
napster2k6,0.34784195
auriumius,0.3478395
makenzie71,0.347839
UnholyDemigod,0.34783614
The_Doctor_00,0.34783456
wArchi,0.34783444
virginpresident,0.3478342
ahairycat-astrophe,0.34783223
ridik_ulass,0.34782562
just-jake,0.3478242
nyarr,0.34782195
RedSeven4,0.34782073
SolidKGB,0.3478202
twitch1982,0.34781867
lulzcakes,0.3478181
Tattered,0.34781685
sje46,0.34781682
CyanogenHacker,0.347815
patriotaxe,0.34781396
CopEatingDonut,0.34780964
AloeRP,0.34780943
wisyf,0.3478086
IByrdl,0.34780526
DisregardMyPants,0.34780446
Escobeezy,0.3478041
e7ric,0.3478013
FadedFromWhite,0.34780115
RPMiSO,0.34779474
Areat,0.3477944
b0red,0.3477926
mowing,0.34778985
Sanwi,0.3477889
namenottaken94,0.34778816
freetonik,0.34778652
sid9102,0.34778535
Wizuhd,0.3477818
Bpbegha,0.34778157
CHEEZYSPAM,0.34778094
berrics94,0.3477785
sfs40,0.34777632
Kynaeus,0.34777582
dash101,0.34777418
Frankfusion,0.3477697
Sir_George,0.3477668
razzark666,0.3477667
pwnyoudedinface,0.3477641
SybariticLegerity,0.34776306
smurge,0.3477619
mikeleus,0.34775975
Laurentius_the_pyro,0.34775716
essidus,0.34775665
NeonFights,0.34775594
Mr_A,0.34775552
ExtraPlus,0.34775487
avboden,0.34775472
somethingaboutfire,0.3477532
itsclearimhappy,0.34775314
Occupier_9000,0.34775212
mspk7305,0.34775195
Flatline334,0.3477514
AtheistAgnostic,0.3477504
Galaxyhiker42,0.34774867
Slayner,0.34774715
malakistiri,0.3477454
Andypwns,0.34774303
stealthcreeper,0.34773716
damontoo,0.3477338
MadroxKran,0.34773365
shortguy014,0.34773296
Man_with_the_Fedora,0.34773272
Iheartdragonsmore,0.34773138
whatthefuckguys,0.3477311
niobe127,0.34772393
ohohb,0.34772298
meeeow,0.34772292
bleachmartini,0.34771636
Whoa_Bundy,0.3477124
nittick,0.34771067
sobermonkey,0.34770972
rohirs,0.34770912
lordnahte42,0.34770358
6stars,0.34770042
sararules2,0.34769997
Grimsonite,0.34769955
Animedingo,0.3476993
L2attler,0.34769884
woooooahnellie,0.34769437
baylithe,0.34769294
Proud_Denzel,0.34769097
Langly-,0.34768772
devitodevito,0.34768504
Metaphoricalsimile,0.34768233
DangerousDetlef,0.34768078
FredWampy,0.34768024
weaselbeef,0.34767446
Sweddy,0.34767148
psych00range,0.34767032
colkurtz7,0.34766942
Philipp,0.34766865
122ninjas,0.34766585
Cyc68,0.3476652
email_with_gloves_on,0.3476634
kookoo831,0.34766242
bemmu,0.34766218
DuncanDonutz,0.34766194
jostler57,0.34766135
bojank33,0.34766042
luxpsycho,0.34765914
fiveandcounting,0.34765768
PingPing88,0.34765583
cosmicsans,0.34765452
ShamefulIAm,0.34765187
trivialretort,0.34765184
iambecomedeath7,0.34765127
porh,0.3476505
Retro21,0.34764883
Smipims,0.34764832
Mewoko,0.34764823
HurricaneFan13,0.34764808
JakeBurnsRed,0.34764567
MileHighBarfly,0.34764218
Llim,0.34764192
RobotKitten,0.34764156
Ragozi,0.34764087
swiftpants,0.34764025
Ax3boy,0.34763995
GoogaNautGod,0.3476398
davetbison,0.34763947
racutt,0.34763825
haluter,0.34763762
ALLCAPSON,0.34763625
viksra,0.34763613
juxtaposer43,0.34763345
mightymdc,0.34763333
secaedelcielo,0.34763318
Elchidote,0.34763193
Extraltodeus,0.34763125
CheesyChips,0.34762782
bobcat,0.34762737
stylezDWhite,0.3476266
Mxrgan,0.34762496
mrpanafonic,0.3476248
killerado,0.3476239
IanRankin,0.34761843
BroccoBaba,0.34761724
x420Y0L0SWAG666,0.34761676
gloomios,0.3476159
monk3yboy305,0.34761143
THeShinyHObbiest,0.34760982
talzer,0.34760422
speckz,0.34760416
LordAnubis10,0.34760395
Smaktat,0.34760374
Naly_D,0.34759995
JustTVsFredSavage,0.34759995
bugzrrad,0.3475997
badillin,0.34759602
coreyf,0.3475945
Spineless_John,0.34759447
CoolGuySean,0.34759107
bro_b1_kenobi,0.34759048
f00d4tehg0dz,0.3475871
DomStud,0.34758592
astappaerts,0.34758487
SplodeyDope,0.34758246
Noreaga,0.34757897
Jamesev93,0.3475784
thatoneguy249,0.3475778
happywaffle,0.34757507
Steel_Ninja,0.3475745
Yawehg,0.3475722
lessobvious,0.34757164
DJ_Spock,0.3475712
Coaltrain2371,0.34757084
CARDTRICKSTER,0.3475706
Chastain86,0.34757003
jokes_on_you,0.34756598
l33tSpeak,0.34756288
Acidyo,0.3475615
JoeDaEskimo,0.34756058
Anitor,0.3475604
Kromey,0.34755793
mjbat7,0.34755757
Hesherkiin,0.34755626
sulaymanf,0.3475557
CptTremendous,0.34755388
hippiechan,0.3475526
gangrenous_ghoul,0.34754816
jlew24asu,0.34754682
Jobeanie123,0.34754276
needmoney90,0.34754267
a11city,0.34754103
inquirewue,0.34754065
had0ukenn,0.34753868
ryan9991,0.34753567
Oiiack,0.3475344
gatsby365,0.34753293
kosanovskiy,0.34753004
eternallylearning,0.34752718
tt_frog,0.34752437
toomanynamesaretook,0.3475233
FelixR1991,0.34752187
AdamSC1,0.3475217
omni_wisdumb,0.34752116
Cookiemobsta,0.34752107
verbify,0.34751964
thegodsarepleased,0.34751183
ReesesForBreakfast,0.34750998
Defrostmode,0.3475086
slayeromen,0.34750834
Killhouse,0.34750655
matrixifyme,0.3475062
Jdban,0.34750527
rougetoxicity,0.34750432
Atari1337,0.34750405
Warhawk_1,0.34750384
Master_mind_,0.3475033
Petrarch1603,0.3475005
DivineIntervention88,0.34749812
critcal_kurt,0.34749556
expert_at_SCIENCE,0.34749463
solidwhetstone,0.3474945
drock4vu,0.34749427
kylelee,0.34749258
Expert_on_all_topics,0.34749255
llnk,0.34749117
enad58,0.34749025
themightypierre,0.34748492
rakust,0.3474844
CrypticFalcon,0.34748408
h0bb3z,0.3474809
Capatown,0.3474801
rastacola,0.34747946
InsightfulLemon,0.34747937
abcleanonme,0.34747785
musical_hog,0.3474774
fmgugle4,0.34747493
vivvav,0.34747455
Kalfira,0.34747416
cyrilio,0.3474726
Rlight,0.34747073
jack456123,0.34746897
ameliamirerye,0.34746855
BanksKnowsBest,0.34746832
Teckel22,0.34746662
food_bag,0.3474612
tripled153,0.3474589
tsenaku,0.34745514
Azor2500,0.3474543
myrpou,0.34745246
sygede,0.34745163
eorld,0.3474492
emr1028,0.3474483
Jamy18,0.34744745
Spungey,0.3474434
HorizonShadow,0.34743974
brody10123,0.34743962
acusticthoughts,0.34743956
spencerawr,0.347435
mohiben,0.3474339
bittercupojoe,0.3474334
gueriLLaPunK,0.34743303
NoseFetish,0.3474328
moby323,0.34743148
Picklwarrior,0.347431
Vegerot,0.3474305
englad,0.34742942
mindspread,0.34742746
CaptainGrandpa,0.34742722
LawrenceLongshot,0.34742713
BeefPieSoup,0.34742412
JakeSteam,0.3474231
typtyphus,0.34742105
Zeratas,0.3474204
0011110000110011,0.34741816
p0x0rz,0.3474166
thesepigswillplay,0.34741575
MSaadJilani,0.34741506
Minifig81,0.34741035
unknown_name,0.34740907
t3hcoolness,0.34740904
zscuro,0.34740883
elmfuzzy,0.34740803
Dunskap,0.34740657
godisanatheist69,0.34740564
Edibleface,0.34739894
reddit_like_its_hot,0.3473976
Muscles_McGeee,0.34739712
sprremix,0.34739637
vanillathunder12,0.34739503
amorpheus,0.3473934
IAMA_SWEET,0.34738564
enfdude,0.3473856
blore40,0.3473831
weeyummy1,0.3473819
KeruxDikaios,0.34738064
cowboyhaze,0.34737915
waterandshade,0.3473784
BreakfastBurrito,0.34737805
hero0fwar,0.34737575
doctor_rocketship,0.34737524
samdman,0.347373
makesureimjewish,0.347373
bonkeyfonkey,0.34736773
Pizza_The_Hutt,0.34736657
slapFIVE,0.34736463
dusters,0.34736133
rootbeerfetish,0.34735978
TheBird47,0.34735957
makaveli151,0.3473594
gizmola,0.34735546
AppleBlossom63,0.3473522
johnbarnshack,0.34735203
dafootballer,0.34734893
TheNateMonster,0.34734866
Ahanaf,0.34734848
Cup_O_Coffey,0.34734693
BoonTobias,0.3473461
Randyh524,0.34734577
Retawekaj,0.3473446
tnethacker,0.34734285
TareXmd,0.34734088
craftadvisory,0.3473404
xereeto,0.34734026
GamerKingFaiz,0.34733972
zoot_allures,0.3473383
latenightnerd,0.3473379
PeterPorky,0.347336
mybrosteve,0.34733534
dontbthatguy,0.34733382
exophrine,0.34733343
CGWLP,0.34733292
gnashville,0.34733257
spirit_spine,0.34733087
Patrick_the_Saint,0.3473259
1tepa1,0.3473233
aMANescape,0.34732273
freeogy,0.34732226
iTrollYhu,0.347321
mrkees,0.3473205
yhelothere,0.34731957
Dragonfire138,0.34731838
9000sins,0.34731826
AibohPhobiA,0.34731704
VoRicebowl,0.34731373
shmup,0.3473136
TitanicMan,0.34731337
TacticalSandwich,0.34731328
CZbwoi,0.34731263
kriswone,0.3473126
PabstyLoudmouth,0.347311
You_coward,0.3473109
pajam,0.34731027
sandhouse,0.3473102
Meshiest,0.34730962
noseonarug17,0.34730858
ThorBreakBeatGod,0.34730825
Wolven49,0.3473079
Splatterh0use,0.3473047
Cruxius,0.34730446
kmck96,0.34730205
ABemusedHorse,0.34730053
demidyad,0.3472983
NilCealum,0.34729648
Guilty_Spark_117,0.3472961
rockeh,0.3472952
calantorntain,0.3472935
Romulet,0.34729114
TankorSmash,0.34729075
malufor,0.3472898
Carnae_Assada,0.3472882
LazarusRises,0.3472866
modomario,0.34728542
steelpan,0.34728494
RzK,0.3472825
NeroJoe,0.34727952
Snak_The_Ripper,0.34727883
IronA1dan,0.34727773
crookedhead,0.34727728
boommmmm,0.34727678
ImurderREALITY,0.34727627
Emayarkay,0.3472757
TheShittyBeatles,0.34727192
Psychic_Monkey,0.34727165
tapanojum,0.3472714
Qingy,0.34727132
iiCUBED,0.34727114
Acenus,0.3472698
Knuk,0.34726968
phillyfanjd,0.34726843
TheForceiswithus,0.34726694
themarknessmonster,0.34726638
bahaki,0.34726536
dum41,0.34726256
Andy_Glass,0.34726104
SamuraiJakkass86,0.34726056
cjbrigol,0.34726033
LyleLanley99,0.34726033
mishagale,0.34725922
fuzzy_dunnlop,0.34725827
pavel_lishin,0.34725717
rumster,0.34725413
Remdawg,0.34725162
garmachi,0.34725055
kimboslice11,0.34725055
iamslm22,0.34724972
da1inchpunch,0.34724963
slumslum,0.34724858
NotJordy,0.34724823
sage_of_majic,0.3472473
qp0n,0.3472468
mobuco,0.34724566
TickleTh1sElmo,0.34724492
Shilo59,0.3472446
mordocai058,0.3472433
lookitsdan,0.34724092
jessarojas,0.3472397
Orangemilk,0.3472385
the_moonface,0.34723812
chronic2001,0.3472377
corey561,0.3472365
CP70,0.34723583
hoowahoo,0.34723473
mike413,0.34723264
unsurebutwilling,0.34723014
SPAZZEH,0.34722897
LG193,0.34722888
Skrillex4ever,0.34722793
MrFlagg,0.34722745
Indy_Pendant,0.3472262
Artrw,0.34722605
NahSoR,0.34722596
UniverseAtLarge,0.34722564
ItsAFuckingCrocodile,0.34722546
brainburger,0.34722513
Pareeeee,0.34722435
frisky_business2,0.34722364
TooSmugToFail,0.3472233
brownmagician,0.34722298
JohnMLTX,0.34722206
Etonet,0.3472218
JALsnipe,0.34722158
orangepill,0.34721825
Heelincal,0.3472134
finkton,0.34721178
xebo,0.34721076
pengo,0.34720954
IronOhki,0.347207
Literati,0.34720626
Dvdrummer360,0.34720558
TomMorrow2,0.3472043
mackk,0.34720218
949paintball,0.34720156
whipnil,0.34720033
bblemonade,0.34720013
Kylde,0.34719855
gonzoblair,0.3471984
skibble,0.34719658
taughtmonk,0.3471952
frankreddit5,0.34719506
FUCK_YEAH_DUDE,0.34719142
dagbrown,0.34718814
DFGdanger,0.34718776
HINDBRAIN,0.34718704
daxl70,0.34718361
The_Messiah,0.3471827
santaschesthairs,0.34718183
Bonya,0.34718058
mi-16evil,0.34717956
HonoraryMancunian,0.34717944
Wisdom_from_the_Ages,0.34717867
stanleythemanley44,0.34717852
Hurinfan,0.34717822
AgeMarkus,0.34717783
TROPiCALRUBi,0.34717727
LiiDo,0.3471761
hestonkent,0.3471757
ruskeeblue,0.3471755
DarthContinent,0.34717453
PapaPetro,0.3471738
SolKool,0.34717295
Kingelmobap,0.3471724
Sam1r,0.34717223
Travv,0.3471714
CleanBill,0.34716967
Kakoose,0.3471693
moldyxorange,0.34716907
yomomma56,0.34716776
nerfezoriuq,0.34716627
ShaolinShade,0.34716597
RockasaurusRex,0.3471653
C_IsForCookie,0.3471642
Danster21,0.34716412
leet_hacksaw,0.34716403
lttljimmy,0.34716398
Dengar,0.3471624
cleantoe,0.34716165
47L45,0.34715933
Z4KJ0N3S,0.34715822
aznprd,0.3471577
Milhouse_is_a_meme,0.34715626
sabotourAssociate,0.34715238
Khatastrophe,0.3471507
Thunder-ten-tronckh,0.34714994
julian88888888,0.34714884
RalphiesBoogers,0.3471484
Doomed,0.34714824
DanjerBob,0.3471479
Spamsational,0.3471475
brigodon,0.34714583
rasmus9311,0.34714526
al3xwuzhere,0.3471452
nomemory,0.34714472
austin_d,0.34714374
we1shknigh7,0.3471413
jon2kx,0.3471401
tresser,0.34713978
nikiverse,0.3471374
libertao,0.347137
Emperor_NOPEolean,0.34713686
dicaxe,0.34713572
hornwalker,0.34713566
Bacon_Man123,0.34713566
Biggrodd,0.34713557
ralph122030,0.34713477
Dudwithacake,0.3471346
quaxon,0.34713235
xenmate,0.347132
BlackBrown123,0.34713078
BlindStark,0.34713045
robotshoelaces,0.3471252
doluto,0.34712496
scamperly,0.3471242
Dr_Oops,0.34712392
AuPhoenix,0.34712344
nmyi,0.34712338
TheRealCalypso,0.34712252
karhall,0.3471218
pecet,0.34712115
Integralds,0.34711835
brodesto,0.34711576
TrevorSarazin,0.34711543
Sarke1,0.34711528
summatclever,0.34711424
Valtieri,0.34711406
kernowgringo,0.34711346
nomau,0.347112
loopuleasa,0.34711173
CGRampage,0.34711173
scottocs,0.34711027
ikarios,0.34710935
TangoZippo,0.34710786
Aiken_Drumn,0.3471078
Syfilms64,0.34710768
jremz,0.34710714
b33k3rz,0.34710634
Fergals1107,0.3471061
Ravage123,0.3471057
Terox15,0.3471043
brewzombie,0.34710398
MJsdanglebaby,0.34710318
labago,0.34710276
ginja_ninja,0.34710208
flippityfloppityfloo,0.34710196
TheGreatCthulhu,0.34710142
jrizos,0.34710053
Billobatch,0.3470989
ReplyYouDidntExpect,0.34709874
Conash,0.34709802
BIAATTCH,0.3470977
fawker,0.3470976
Aberu,0.34709752
Frashizzle,0.34709716
taliriktug,0.34709674
jake10house,0.34709594
IronOxide42,0.34709525
HaydenTheFox,0.34709403
bigDean636,0.34709394
RoyallyTenenbaumed,0.3470935
benfbat,0.34709197
Fun1k,0.34709194
yakpimp,0.34709126
bcr8tiveYT,0.3470899
SubtleMockery,0.34708983
TTSDA,0.34708956
sirberus,0.34708887
downhillmojo,0.3470863
_emordnilaP,0.347084
feelbetternow,0.34708393
serenity10,0.34708318
FrenchieSmalls,0.3470817
stormclaw11,0.34708145
dbcspace,0.34708104
-RobotDeathSquad-,0.34708044
bruce656,0.34707975
CptCoatrack,0.34707636
windoverxx,0.34707612
rv77ax,0.34707522
nyuncat,0.3470728
potato1,0.34707257
InhailedYeti,0.34707183
Bert306,0.3470696
SkippyWagner,0.34706828
Amandrai,0.3470682
soapinmouth,0.34706724
FrailRain,0.3470653
PhiladelphiaIrish,0.3470645
Halaku,0.34706283
Mates_with_Bears,0.34706277
QuoteOfTheHour,0.34706202
647,0.347061
datdaz84,0.34706083
politicaldan,0.3470582
momentum77,0.34705687
wazzym,0.34705594
1leggeddog,0.3470552
ArchangelPT,0.34705323
tyrroi,0.34705284
weggles,0.3470509
likwidtek,0.34705043
cooncave,0.3470488
aerobat97,0.34704718
atthegreenbed,0.34704652
broostenq,0.34704497
mcjiggerlog,0.347043
Unicornholio,0.34704182
yeebok,0.34704113
YouArentReasonable,0.34704065
deadsoldier,0.34704024
docodine,0.34704024
nshaz,0.34703925
SenorFluffy,0.347038
420TreeHugger,0.34703773
ChaosMotor,0.34703654
unclesam_0001,0.34703594
aaoun,0.3470353
intortus,0.34703487
TylerDurdenJunior,0.34703422
verygoodyear,0.34703344
JakeSteele,0.34703317
Reddit-Hivemind,0.34703246
ChemEBrew,0.3470313
mpavlofsky,0.34702864
DodiGharib,0.34702396
Cardsfan1539,0.3470236
townshend445,0.34702352
MadScientist14159,0.34702316
starrychloe,0.3470222
paulfromatlanta,0.34702194
ShezUK,0.3470218
Xeon06,0.34702164
dumanyac,0.34702122
IncidentOn57thStreet,0.34702072
haakondafo,0.3470206
imnotlegolas,0.34701878
GoldenGonzo,0.34701854
DiabolicallyRandom,0.3470174
YourWelcomeOrMine,0.3470154
BadgerGecko,0.347015
Xeonit,0.3470144
Cutzero,0.34701315
TheCakeDayLie,0.3470131
compto35,0.3470117
CressCrowbits,0.34701136
Throwaway_4_opinions,0.34701103
hotstickywaffle,0.3470094
Paradox,0.34700787
Mixed-Signals,0.34700665
j1002s,0.34700632
don_majik_juan,0.3470058
Gengar11,0.3470052
HITMAN616,0.34700492
joka86,0.34700418
orsini1138,0.34700376
blaizedm,0.34700295
Perk456,0.34700218
anotherDocObVious,0.34700134
Sightful,0.3470006
nametheoccupation,0.3469998
elperu27,0.34699947
Locusthorde300,0.34699896
shadow8449,0.3469986
Ohh_Yeah,0.34699243
reidhasguitar,0.34699157
Pickle_Jr,0.34699136
lordlicorice,0.34699133
TheMorningDeuce,0.34699112
Executioner1337,0.34699032
physicscat,0.3469901
Native411,0.3469888
speedyleedy,0.34698808
unforgiven91,0.34698752
Fibonacci35813,0.3469874
caligula213,0.34698734
GODDAMNFOOL,0.34698728
SpaceOdysseus,0.34698552
trevdak2,0.3469848
kyuronite,0.34698182
xSPYXEx,0.34698093
7D4Y_WEEKENDS,0.34697795
everyother,0.34697735
Caseycrowe,0.3469758
SlyyyTendencies,0.34697545
Omar_Indeed,0.346972
Their_Police,0.34697056
Tiberius666,0.34697023
brilliantmojo,0.34696954
geoffyou,0.346969
ddxxdd,0.34696853
Rejexted,0.34696835
KerrickLong,0.34696743
pandawooper,0.34696567
Brak15,0.34696528
happytrees,0.34696287
tehreal,0.34696272
Mybrainmelts,0.34696248
Reavus,0.34696206
aidanf123,0.34696156
polezo,0.34696132
godlesspaladin,0.34695867
nme_,0.34695703
dukishlygreat,0.34695676
LegendaryJay,0.34695652
SonicWafflez,0.34695518
BoredomCalls,0.34695318
Brutalitarian,0.34695303
harris0n11,0.34695205
Hrodrik,0.34695053
NonstandardDeviation,0.3469495
jakerman999,0.3469487
pup2551,0.34694752
samx3i,0.34694672
gologologolo,0.34694427
TestZero,0.34694389
zombiegirl2010,0.3469425
vutall,0.34694245
ontherok,0.34694165
kilo73,0.34694138
MasCapital,0.34694088
imaybemeesh,0.3469408
J-DawgDBZ,0.34693912
lilstumpz,0.34693906
spdorsey,0.34693897
sexi_squidward,0.3469385
taario,0.34693563
A_Water_Fountain,0.34693518
BaconZombie,0.3469345
PSIStarstormOmega,0.34693295
caustictoast,0.3469321
TheOneTrueCripple,0.34693038
kflipz,0.34692764
sp4ce,0.34692693
DubTeeDub,0.34692568
HighwireAct,0.34692502
SSChicken,0.34692472
NoahsArcade84,0.34692287
jmf145,0.34692162
andrew650,0.34692153
Tynictansol,0.3469213
MrLeekspin,0.34691972
coolhandluke45,0.34691954
Vincent_Karma,0.3469181
mezzizle,0.34691787
kepleronlyknows,0.34691724
MrRykler,0.34691697
spacelemon,0.34691682
krispykrackers,0.34691495
RSismylife,0.3469138
Skylerguns,0.34691042
Juffin,0.34691018
DougDante,0.34690845
timothy53,0.3469077
g-dragon,0.34690666
YNot1989,0.34690514
TwisterAce,0.3469049
waffle569,0.3469045
Madonkadonk,0.3469037
Sagerian,0.3469031
tazcel,0.34690276
radonchong,0.34690207
aryary,0.34690198
WinterCharm,0.3469019
Chairboy,0.34689906
ragogumi,0.3468988
Samamaniac,0.34689862
skepticaljesus,0.34689862
pencer,0.3468983
Linksawake,0.34689802
Sportsfanno1,0.3468972
jupiter0,0.34689686
mph1204,0.34689522
Sir_Dr_Dickface_IV,0.34689435
TwoPlanksPrevail,0.3468921
Tzpike05,0.346892
CoolRunner,0.34689152
andywarno,0.3468893
rahrness,0.34688887
seriouschiz,0.34688637
darkpwnage,0.34688637
Sidekicknicholas,0.34688535
happycrabeatsthefish,0.34688407
MNGaming,0.34688225
Thunder_Thighs,0.34688202
infernal_llamas,0.34688178
Pots_And_Pans,0.3468815
Grant638,0.34688124
RockyCoon,0.3468812
flaim,0.34688038
Ytoabn,0.34688026
rolobrowntowntony,0.34687954
Phydeaux,0.34687778
jshrlzwrld02,0.34687504
thejellydude,0.3468742
tehrabbitt,0.34687412
A_Blind_Pilot,0.34687343
Bioluminesce,0.3468721
agnesb,0.34687182
wondertwins,0.34687173
abgafi_laffy,0.34687155
MisssBadgerEnt,0.34687138
Zaino14,0.346871
TTTNL,0.34687072
RenegadeSpade,0.3468689
Rhythmic,0.3468682
Rainieri,0.3468679
Iamien,0.34686607
r2002,0.34686595
teuast,0.34686565
FuzzBuket,0.3468653
ButSheLooked18,0.34686527
mequals1m1w,0.3468652
Ketrel,0.3468646
Jmgill12,0.34686357
fuzzyblackyeti,0.3468627
jimmahdean,0.34686142
thevideoclown,0.34686083
teryxc,0.3468607
t3hwookie90,0.34685916
BillOneyPaige,0.3468591
timex40,0.3468589
FriesWithThat,0.3468588
DearSergio,0.34685594
BrazilianRider,0.34685338
N4N4KI,0.34685227
ShaidarHaran2,0.34685224
Pressedlee,0.34685215
orko1995,0.34685197
theKalash,0.34685093
Sommiel,0.34684908
strallweat,0.3468485
BenitoBro,0.3468484
Swiss_Cheese9797,0.3468484
kevvvn,0.34684834
appropriate-username,0.3468483
nomanoid,0.34684807
desi_fubu,0.3468471
iLiketrains131,0.34684494
TheEmbernova,0.3468447
Anangrychip,0.34684363
gryphonlord,0.34684244
jam3zz,0.34684205
ildabears,0.34684202
SaltyChristian,0.34683883
LHoT10820,0.34683865
SimplisticX2,0.34683856
aazav,0.3468347
lemonfreedom,0.3468347
Myrandall,0.34683442
ThraShErDDoS,0.34683385
Valdair,0.3468326
daprice82,0.34683245
Alimoose,0.34682876
ITEM_NINE_EXISTS,0.34682873
dan3659,0.34682867
BeBenNova,0.34682688
Brownt0wn_,0.3468256
RndmHero,0.3468248
azizinator25,0.34682456
HawkFood,0.3468235
bunka77,0.34682328
CLSmith15,0.34682268
MrDanger,0.34682256
zigzagzig,0.3468218
maynardftw,0.34682173
Pooh_Bear,0.34681988
Tegyukfel,0.3468194
trafc,0.34681898
cloudedsky,0.3468188
RDR911,0.34681866
Yanrogue,0.34681815
username5550123,0.3468178
thunder216,0.3468177
snowgimp,0.34681532
SuckingDiesel,0.34681368
BeerIsMyFriend,0.3468136
Timisaghost,0.3468129
wolf2600,0.3468117
HeezyB,0.34681073
MrGoodGlow,0.3468094
Nondo,0.3468092
Rickolas,0.34680134
mach-2,0.34679696
bundleogrundle,0.34679687
CSRain,0.34679633
GuidoZ,0.3467956
CobaltSmith,0.3467954
jabask,0.34679434
atheist_verd,0.34679395
adwarakanath,0.34679377
daniellemx,0.34679335
Makinporing,0.34679213
wakeupsheep,0.34679028
deejaymikeyg,0.34678972
kites47,0.34678918
sageDieu,0.34678662
footcreamfin,0.34678534
XiKiilzziX,0.34678477
jturkish,0.34678367
mynamespaghetti,0.34678236
Imanari,0.34678236
Mattxy8,0.34678143
ZeroShift,0.34678015
ktool,0.34677902
OstriNarwhalForce,0.34677878
Thefriendlyfaceplant,0.3467779
MootBear,0.34677663
PokemasterTT,0.346775
nomcow,0.34677416
Cryptic-Panther,0.34677377
TheDarkishKnight,0.34677354
Vpolne,0.34677225
KizzyKid,0.34677193
sk3pt1c,0.3467697
Mylesd13,0.34676957
DocJawbone,0.34676895
macaroni_veteran,0.34676868
rbevans,0.34676746
Mustaka,0.34676513
C_sharp_minor,0.3467651
Anheroed,0.3467643
_HeXagon_,0.3467641
lomoeffect,0.34676185
carny666,0.34676135
ustbro,0.34676114
Atled,0.34676102
Eraser1024,0.34676033
Papa-Lazarou,0.34676027
FenrirIII,0.34676027
speezo_mchenry,0.34675992
TopScruffy,0.3467599
brosen87,0.3467598
heavymetalpancakes,0.34675768
Jaksongitr,0.34675747
ivegotagoldenticket,0.34675717
tuckertucker,0.34675655
AndySocks,0.34675637
Proportional_Switch,0.3467558
runningraleigh,0.34675425
RufusMcCoot,0.34675318
professorpan,0.34675255
Toliver182,0.3467521
TheSpiffySpaceman,0.34675032
xarkonnen,0.34674928
kpingvin,0.3467489
bastiVS,0.34674844
CoolVito,0.34674844
acman319,0.34674686
CantankerousMind,0.3467466
FullSizedForks,0.34674463
Bennyhick,0.34674445
SCARfaceRUSH,0.34674367
zarmin,0.34674308
apatt,0.34674242
Trickish,0.3467421
THLycanthrope,0.34674034
ablebodiedmango,0.34673986
hexprocess,0.34673855
skeeto,0.3467382
dhamster,0.34673637
FAderp91,0.3467362
Reminemaril,0.3467345
itsrattlesnake,0.34673333
HyperspaceHero,0.34673268
Charwinger21,0.34673244
lordcarnage,0.34673175
xtrasneakygastro,0.34673175
15amathis,0.34673166
bumblingmumbling,0.34673133
jwchen,0.34673077
showstopping,0.34673068
monotoonz,0.34673065
sakasama_bridge,0.34673044
mehdbc,0.34672967
supersonic3974,0.34672838
live4hisglory,0.34672534
zubie_wanders,0.34672225
Vergil25,0.3467216
Abeneezer,0.34672043
highintensitycanada,0.34671968
rocketman0739,0.34671864
jarstult,0.34671712
SaxSalute,0.3467166
stesch,0.34671637
fishy007,0.34671575
vvarden,0.34671527
Spezzle,0.34671494
Electri,0.3467137
Adium,0.3467134
Justicles13,0.34671208
Tox77,0.34671083
amosko,0.3467106
Alec693,0.3467104
celocanth13,0.3467077
esPhys,0.34670654
charles_kafka,0.3467063
ProbeIke,0.34670323
mpg1846,0.3467016
georedd,0.34670117
IAmAnAnonymousCoward,0.34669805
filo4000,0.34669796
Ilovewhatredditdoes,0.34669787
sleepynow,0.3466968
TombSv,0.3466954
ymmajjet,0.34669498
david-me,0.34669417
MarkBC,0.34669095
krazyfreak123,0.34668958
Sariel007,0.34668955
bluetidepro,0.34668854
grimskrotum,0.34668794
nosenuggets54,0.3466875
dan_blather,0.34668642
coolkid1717,0.3466851
hexag1,0.34668505
yashchand,0.3466847
eighthgear,0.34668425
RedManDancing,0.34668416
t3rneado,0.34668082
BusyPedro,0.34668037
CarlLady,0.34667978
zonination,0.34667757
Hawk_Blue,0.34667715
zamwut,0.3466768
antifolkhero,0.34667653
Corpsman223,0.3466762
ThePantsThief,0.34667522
brashet,0.34667495
smartalec98,0.34667486
RoverDaddy,0.34667388
Sirbinkai,0.34667373
tianan,0.34667334
joetheschmoe4000,0.34667292
Soccer21x,0.34667253
rustyarrowhead,0.34667215
Ninjatertl,0.3466713
yourcitysucks,0.34666875
Prcrstntr,0.3466685
MercurialMadnessMan,0.34666842
Operatics,0.34666824
Chuckgofer,0.34666812
funnyfaceking,0.34666702
piepei,0.34666672
I_did_not_rape_her,0.3466665
Live4FruitsBasket,0.34666464
cacophonousdrunkard,0.34666464
Lancaster1983,0.34666455
Banko,0.34666428
thinkpadius,0.34666413
echeese,0.34666058
chumprock,0.34666023
socalnonsage,0.34666017
Dropbear81,0.34665918
josh6499,0.34665895
ReactionDude,0.3466565
breticles,0.34665632
EugeneMJC,0.34665573
riokou,0.34665534
fapfap_ahh,0.34665507
dishie,0.34665498
thethiefstheme,0.34665468
rriz7,0.34665313
mage_g4,0.34665167
dzamir,0.34665164
ruff0214,0.34665135
klinquist,0.3466508
vaginitischlamydia,0.34664977
partisparti,0.34664863
Mx-yz-pt-lk,0.34664464
TheSimonToUrGarfunkl,0.34664455
bperki8,0.34664428
doodooeyes,0.34664345
mellowmonk,0.3466411
pikadrew,0.34664035
canipaybycheck,0.34664
Asmor,0.34664
TheBioself,0.3466399
no_turn_unstoned,0.34663984
ripster55,0.34663904
SOwED,0.3466369
djspacebunny,0.3466369
ProjectDusk,0.34663662
Lepertum,0.34663484
dieyoubastards,0.34663442
kasutori_Jack,0.34663355
ozone63,0.3466325
brocccoli,0.3466315
thedeadhipster,0.34662983
factor591,0.34662953
gigglestick,0.3466285
LaugeGregers,0.34662798
RamsesThePigeon,0.34662673
harry20larry,0.34662673
wistan,0.34662566
Lion10,0.34662497
emarkd,0.3466244
hoodedbob,0.3466243
Diamano,0.3466241
redhatGizmo,0.34662345
PotatoMusicBinge,0.34662282
pzycho,0.3466225
R3p3rTh3l3n,0.3466225
Superego366,0.34662235
aboothemonkey,0.34662214
shzadh,0.3466213
namer98,0.34662098
lancerevo98,0.3466205
idma,0.34661892
DSice16,0.34661865
TheFullMonty1394,0.34661853
OrgasmicKoala,0.34661803
atticus138,0.3466178
Crux315,0.3466163
Raual,0.34661582
amj00,0.34661558
mygrapefruit,0.34661555
theskabus,0.34661445
Eat_Bacon_nomnomnom,0.3466144
colacadstink,0.34661424
BravoTeam127,0.34661305
mi1kman_dave,0.34661224
rdelamora1,0.34661224
RepostFrom4chan,0.34661177
scoofy,0.34660977
michaelwc,0.34660932
Liquidkp,0.34660932
milleniummanp7,0.34660885
Tdeckard2000,0.34660882
eskimopie26,0.34660825
Jedi-Mocro,0.34660605
trshtehdsh,0.34660548
huckstah,0.34660465
hipnosister,0.34660432
aJarofDirt,0.34660313
BiggityBates,0.34660158
Kadrik,0.34660044
ohnoitsrambo,0.34659994
davaca,0.34659985
theruins,0.34659874
bleekicker,0.34659752
JeffMcBiscuit,0.34659752
xAsianZombie,0.34659728
Maple_D,0.34659728
Doomburrito,0.34659693
Codidly5,0.34659538
SnakeyesX,0.34659487
troublesomeness,0.34659442
Scarytownterminator,0.34659436
silentstorm2008,0.34659216
doctorsound,0.3465914
LeanBean17,0.34659076
martentk,0.34658962
grapesandmilk,0.34658888
AFDIT,0.34658882
dlogan3344,0.3465873
Extract,0.3465873
garbageeater,0.346587
Caesar071,0.346587
dieselgeek,0.34658638
JoshuaLyman,0.34658587
johninbigd,0.34658533
studcase,0.34658504
OccupyMyBallSack,0.34658447
KUmitch,0.34658363
SIThereAndThere,0.34658235
fishsandwich,0.3465814
GrandmasterSexay,0.34657976
newton54645,0.34657967
ZeMeest,0.34657934
Mictlantecuhtli,0.3465791
needuhLee,0.34657893
LowSociety,0.3465788
steak21,0.34657842
Wilhelm_III,0.34657827
David_Crockett,0.3465767
scudd,0.34657604
InternetTourGuide,0.34657556
hyperbad,0.34657532
Googunk,0.34657523
YHofSuburbia,0.34657514
RobertF23,0.34657446
jaxspider,0.34657276
Le_Reptile,0.346571
JonnyBrah,0.34656993
fernandoandretn,0.3465695
sectorfour,0.34656852
RedSquaree,0.34656838
NeverrSummer,0.3465682
jinnyjuice,0.3465675
skinkbaa,0.34656745
zalemam,0.34656706
renome,0.34656706
Urschleim_in_Silicon,0.34656706
greath,0.34656653
Justintime233,0.34656605
WholeWideWorld,0.34656438
Tarkaan,0.34656417
cderry,0.3465634
swanpenguin,0.34656295
Vinsanity9,0.3465623
Coenn,0.34656176
lovetape,0.34656096
Goldd,0.34656078
Aschebescher,0.34656033
deuteros,0.34655976
TransPM,0.34655896
vernazza,0.34655786
Sutekhy,0.34655628
alienth,0.34655604
ab001atr,0.34655547
something224,0.34655514
battierpeeler,0.34655437
Slippyy,0.34655398
tmoney34,0.34655362
done8989,0.3465531
stixz101,0.3465527
SCHROEDINGERS_UTERUS,0.34655237
dashdanw,0.34655216
saldejums,0.34655175
Bad_Zoo_Boy,0.34655175
iaman00b,0.3465508
SoundManCO,0.34655035
Matti_Matti_Matti,0.34655026
SimonPlusOliver,0.3465501
varrogath,0.3465492
texacer,0.34654897
misnamed,0.3465464
saywhatisobvious,0.34654582
ebilgenius,0.34654543
SikhGamer,0.3465434
CyborgDragon,0.3465425
kevler9oh,0.3465424
jettrooper33,0.34654093
illeatyourheart,0.34654087
Blackglade,0.34654084
ReverendVerse,0.34654084
travkram,0.34654063
B33sting,0.3465401
Ruddiver,0.3465384
troglozyte,0.3465381
chrisgelb,0.3465369
_Synth_,0.3465367
empw,0.34653616
Dathadorne,0.34653586
Orangutan,0.3465357
RainieDay,0.34653562
YourFavoriteHippo,0.3465349
MichaelJahrling,0.3465343
Sidewinder77,0.34653258
ejchristian86,0.34653062
ItWillBeMine,0.34653056
ramma314,0.3465295
deeperkyo,0.34652862
uJellie,0.3465276
Treviso,0.34652624
jiblet84,0.34652546
Chewie316,0.34652546
JustAnAvgJoe,0.3465251
TheFifthCan,0.34652498
RevWaldo,0.34652236
WoozleWuzzle,0.3465217
held818,0.34652144
sterling_mallory,0.34651986
Swede_Babe,0.34651735
Ipskies,0.34651726
johnmedgla,0.34651646
Autopilot_Psychonaut,0.3465161
Shanesan,0.34651607
theghostofme,0.3465158
iisdmitch,0.3465154
JOEY2X,0.3465149
hazysummersky,0.3465125
BkkGrl,0.34651202
Kuro_yami,0.3465117
beernerd,0.3465107
Zirenth,0.34650958
webdevbrian,0.3465087
someredditorguy,0.34650862
Poptorts,0.3465082
shmadorable,0.34650737
4alex6,0.34650686
Omnifire,0.34650555
SleepySheepy,0.34650555
jguacmann1,0.3465041
mgrier123,0.34650195
PenName,0.34650186
slothzen,0.34650043
marky6045,0.34649995
nodnodwinkwink,0.34649906
loudtyper,0.34649727
Riddla26,0.34649646
AnotherClosetAtheist,0.3464964
flippinkittin,0.34649408
Strader69,0.3464938
xoxoyoyo,0.34649158
bobbaphet,0.3464911
jehe,0.34649098
Canopus_2,0.34649044
Taedirk,0.34648997
JMaboard,0.34648988
Yupitsnuge,0.34648952
Purecheetodust,0.3464892
B_anon,0.3464878
Plowbeast,0.34648457
footballfan123,0.34648392
CanadianWhovian,0.3464824
acidroach420,0.34648216
Spastic_colon,0.3464817
PuroMichoacan,0.34648088
JustZisGuy,0.34648016
SSJwiggy,0.3464801
SpaceAzn_Zen,0.3464792
foxh8er,0.34647825
redwormcharlie,0.34647813
CountGrasshopper,0.34647578
HooptyDooDooMeister,0.34647498
Nethervex,0.3464748
LawBobLoblaw,0.3464746
SkeptiCalhippoh,0.34647393
laaabaseball,0.34647384
RhapsodyQ,0.3464732
OldPeopleHateMe,0.34647292
quinn_drummer,0.3464718
redditlurkernoob776,0.3464704
Mitcheypoo,0.34646946
Frankeh,0.34646854
ddesla2,0.34646842
Birch_Tree,0.34646708
craig3010,0.34646708
hachi6,0.34646592
voyetra8,0.34646517
Reddhedd13,0.34646463
eternal_wait,0.34646443
byeberlin,0.3464643
DeviousRetard,0.34646413
Dreckerr,0.34646347
Stellar_Duck,0.3464633
BlameTheHippies,0.3464633
JustCallMeJoker,0.34646288
allpro1337,0.3464625
MoarBaconStrips,0.34646204
tizorres,0.3464617
feedthecollapse,0.34646037
apgbadboy,0.34646016
sprawld,0.34645915
trumpet_23,0.34645882
thegillenator,0.34645846
fozzarz,0.34645775
bakerie,0.34645733
heresybob,0.34645668
HeyItsJay,0.34645495
vinspiration,0.3464546
rmill3r,0.3464519
Unboxermail,0.3464514
how_would_kobe_react,0.34644917
MaBay,0.34644678
dave_g17,0.34644535
The_Bhuda_Palm,0.3464448
AmiroZ,0.34644273
GodOfAtheism,0.34644228
deafblindmute,0.34644154
gangstabunniez,0.34644067
phazshifter11,0.34644067
gthing,0.3464405
jeffiethepirate,0.34643996
polysemous_entelechy,0.34643954
GeauxHouston22,0.34643832
sirkyle,0.34643823
One_Giant_Nostril,0.34643814
Simbrian,0.3464376
Genesis09,0.3464376
armyn1,0.3464375
Cern_Stormrunner,0.34643725
Ultravod,0.34643418
Lesmothian,0.3464313
Twice_Knightley,0.34643066
ferio252,0.34642997
thermal_shock,0.34642893
datenwolf,0.34642887
iia,0.3464274
Lucavious,0.3464274
Commander_Ninja,0.34642717
IsNotANovelty,0.34642696
MrDubious,0.34642625
MikeOfThePalace,0.34642622
klipse,0.34642604
douglasman100,0.34642577
stormageddon103,0.3464256
mcbordes,0.346425
ephphatha,0.3464233
burnner_,0.3464225
i_is_surf,0.34642223
ThatSodomite,0.3464165
shanoxilt,0.34641582
DumaDuma,0.346415
ChemicalOle,0.34641454
DarthWeezie,0.34641257
bleedgreen96,0.3464118
evolvish,0.3464117
kosif,0.34641126
TheSimpleArtist,0.34640777
sapiophile,0.3464076
mago184,0.34640568
listn2moremetal,0.3464049
kleopatra6tilde9,0.34640354
mylifeisanocean,0.34640265
Theropissed,0.34639958
ronconcoca,0.34639865
AtTheLeftThere,0.34639812
867stevo,0.34639767
Stenzy,0.34639692
debrad1207,0.3463962
Danarky,0.3463958
Chompski1213,0.34639543
ASiCat,0.3463943
duggtodeath,0.3463939
murdurturtle,0.34639347
GoldenMoe,0.34639287
acteon29,0.34639192
Big_Theta,0.3463916
treebog,0.3463892
curbstickle,0.34638897
roflbox,0.34638885
nexxus-s,0.3463878
sivadneb,0.34638578
spooget3,0.3463836
yeahHedid,0.3463821
fb95dd7063,0.34638143
Nomlin,0.34638047
ne0lithic,0.34638026
thetafferboy,0.3463791
PantsHasPockets,0.34637836
sdc_sketchez,0.34637696
DarkSideofOZ,0.34637618
HeavensNight,0.34637496
megustaPRO,0.3463749
OVdose,0.34637448
cottonheadedninnymug,0.34637383
Clarketk,0.3463736
1ceyou,0.34637266
Nekrogoblikon,0.3463711
TheSuperSax,0.34637076
ChingShih,0.3463694
sfitsea,0.3463688
armedNINJA,0.3463674
kukukele,0.34636512
GenghisKhanX,0.34636417
luag,0.34636354
Onlyhereforthelaughs,0.34636316
pkmnBlue,0.3463629
KosherNazi,0.34636268
Inane_Asylum,0.3463625
xXSJADOo,0.346362
CVBrownie,0.34636185
danwin,0.34636042
DashFerLev,0.34636036
Fadic4,0.34636012
ravenpride,0.3463596
risto1116,0.3463594
djonn,0.34635913
ToThisDay,0.34635848
FakeChowNumNum1,0.34635806
Sporkinat0r,0.34635788
COOKIEEE,0.34635633
Ownsin,0.34635633
ImminentFate,0.34635565
Sabenya,0.34635523
femaiden,0.34635523
XxMiKeNjD17xX,0.3463543
bge,0.34635344
brazilliandanny,0.34635344
paranoidbillionaire,0.34635213
woflcopter,0.34635204
GFandango,0.3463518
thenotoriousbtb,0.34635028
TylerL320,0.34634972
meatwad75892,0.34634948
theonlyalterego,0.34634933
SamMee514,0.34634796
fattylewis,0.3463469
dude_from_pdx,0.34634632
InternetLoveMachine,0.34634614
tamifromcali,0.3463457
Toriankel,0.34634528
gt14199,0.3463449
BlackNut,0.3463446
FusionX,0.34634095
cookedbread,0.34634066
05senses,0.34634012
explodingbarrels,0.34633997
GoFlight,0.34633932
th3thund3r,0.34633783
dracoirs,0.3463368
ed1380,0.34633487
1pnoe,0.3463344
NominalCaboose,0.3463344
jdylopa,0.34633428
EditingAndLayout,0.34633377
zigzag32,0.34633347
BrianTheLady,0.34633225
Boredom_rage,0.34633124
cptcliche,0.3463306
spatchcock,0.34632972
88rarely,0.34632576
IlCattivo91,0.34632576
BlorfMonger,0.34632444
bigshmoo,0.34632406
solateor,0.34632382
Technolog,0.3463234
MagicSandwich27,0.3463217
polydorr,0.3463216
Timmybee,0.34632075
RotatorX,0.3463203
BDCanuck,0.3463195
Piemonkey,0.34631842
XavierMendel,0.34631824
Elesium,0.34631807
blisstonia,0.3463171
rspix000,0.3463142
jambox888,0.34631315
PeacePig,0.34631163
MHoffy,0.3463094
dmk2008,0.34630898
hannahjoy33,0.3463086
0rigin,0.3463076
jbrake,0.34630758
King_of_the_Lemmings,0.34630692
Bank_Gothic,0.34630683
jsalazar3,0.3463058
Pabrunthhu,0.34630495
Yashoki,0.34630457
kmad,0.34630403
not_again123,0.34630403
staiano,0.34630382
Freshenstein,0.34630328
Sgtstudmufin,0.34630263
saadakhtar,0.34630165
margaryna,0.3463005
scolbert08,0.3463005
dudewhatthehellman,0.34630027
Ohsin,0.34630004
coastermonger,0.34629822
r3dh3rring,0.34629807
El_Pinguino,0.34629774
zosobaggins,0.34629694
benjamari214,0.34629688
purpleolive,0.34629586
terrorTrain,0.3462956
ManWithoutModem,0.34629506
thenicky0,0.34629497
StrawberrieDream,0.34629497
sigilvii,0.34629488
Pwnacus_Maximus,0.34629428
Browsing_From_Work,0.34629345
sgamer,0.34629217
Pandalism,0.3462906
Justmomsnewfriend,0.34629044
deadlyenmity,0.34628916
burgplayer,0.34628904
PerplexD,0.34628895
RedditINator70,0.34628662
t0lk,0.3462858
UnhiDEER,0.3462856
Russbear,0.34628552
Tripudelops,0.34628528
Master-Thief,0.34628528
alllie,0.3462844
willreavis,0.3462839
WatersofNazareth,0.3462837
nathanl1192,0.34628186
CyrisXD,0.34628174
epheterson,0.34628123
Ederek_Cole,0.3462804
JustAnotherRedditor1,0.34628013
survum,0.3462786
FuriousLamb3,0.34627792
DaItalianFish,0.34627753
Xenophon1,0.3462774
Fuzzymuzzy,0.3462774
sacredserenity,0.34627706
LKS,0.346276
greiger,0.34627578
Zmodem,0.34627563
ofsinope,0.34627372
DaedalusMinion,0.34627357
allgameplaya,0.3462726
admiraljohn,0.34627253
BrosEquis,0.34626785
mintberrycrunk,0.3462676
Joelsaurus,0.34626746
synapticimpact,0.34626672
Anadyne,0.34626457
burnsz11,0.34626436
lejefferson,0.3462641
db82,0.3462635
_deffer_,0.34626332
callmenighthawk,0.34626317
EunByuL,0.34626317
heres_one_for_ya,0.346263
Nesyaj0,0.3462629
freshmozz,0.34626278
grey_sky,0.34626186
xlarukux,0.34626135
itmightbeaseizure,0.34626126
soupyhands,0.34626117
rdfiii,0.3462611
matt01ss,0.34626004
openxmind,0.34625852
GeniusIComeAnon,0.3462585
AjdinSamurai,0.346255
NotARandomNumber,0.34625491
edwartica,0.3462541
Acrio,0.34625277
el_drum,0.34625247
yellowtag,0.34625006
Fishooked,0.34625
Uber_Nick,0.34624955
AlexBeeInBim,0.3462495
grantmoore3d,0.3462494
Hoyarugby,0.3462488
o2daface,0.34624735
Sabvegas,0.34624726
KoRnyWayz,0.34624696
nasdaf,0.34624603
SpookyAssGhost,0.34624562
RhettS,0.34624553
Simcom,0.34624493
Max_W_,0.34624457
TheCl0ne,0.3462442
squiggitysquashua,0.34624383
mandal0re,0.3462413
adrenaline786,0.3462407
daniell61,0.34624064
Gfresh404,0.3462399
Anofles,0.34623882
Kattzalos,0.34623867
HIVEvali,0.34623864
orangeslash,0.34623817
dcwj,0.34623817
AtomicDog1471,0.3462379
MKorostoff,0.3462375
elemenohpee,0.34623584
modman2,0.3462357
mattyg5,0.3462347
Chef_Kevorkian,0.3462341
Portgas,0.34623358
Izick,0.34623182
comix_corp,0.34622976
dudelsac,0.34622967
ArchmageJesus,0.34622958
MidwestDrummer,0.3462288
linkazoid,0.34622827
picardo85,0.34622803
halogrand,0.34622735
CHollman82,0.3462262
timotab,0.34622517
nomsecretly,0.34622407
dannylandulf,0.34622398
markywater,0.34622395
NotaMethAddict,0.34622285
Clockwork757,0.34622183
Santa_Claauz,0.3462215
rpm1984,0.3462205
skyline_kid,0.3462205
brett6781,0.34622014
ahampster,0.34621876
Condhor,0.34621868
eyethinkikn0wu,0.34621853
cbfw86,0.34621826
Gehalgod,0.3462181
zeug666,0.34621796
aknutty,0.34621736
omgitsjo,0.34621653
knobiknows,0.34621572
Rawtashk,0.34621516
The_Other_Other,0.3462149
Dekanuva,0.34621274
charlemang,0.3462125
VulcanRyu07,0.34621206
meiotta,0.3462117
Illuminatesfolly,0.34621134
Seikoholic,0.3462111
TheGreenShepherd,0.34621087
CUB4N,0.34621042
jvacek996,0.34620976
TehEmperorOfLulz,0.3462085
pseudolobster,0.34620827
TheDuskDragon,0.34620762
cavitycreep,0.34620705
Nicb903,0.3462058
nickbob18,0.3462057
syuk,0.3462052
theCarryAll,0.34620366
scythesabre,0.34620303
juror-number-8,0.34620285
nmpraveen,0.3462017
Otters4455,0.3462016
Haz3rd,0.34620133
TooDrunkToTalk,0.34620127
rycokamoore,0.34620097
somedude456,0.34619832
IAMHab,0.3461979
inaaace,0.34619755
dropstop,0.34619725
TheMagicLlama,0.34619713
13_0_0_0_0,0.3461962
Maxscape7,0.346196
Wolvenfire86,0.3461951
wallawalla22,0.3461943
ANAL_PLUNDERING,0.34619406
Waddupp,0.34619343
netpastor,0.34619325
Clint_Swift,0.3461931
EvanC313,0.34619185
unusualbob,0.3461906
110110,0.34619036
BitchesLove,0.3461901
not_a_Dr,0.34618953
EpicRageGuy,0.3461886
British_Monkey,0.3461885
oliverhart,0.34618708
Clit_Commander,0.346187
Protuhj,0.34618667
Zeulodin,0.34618667
foehammer111,0.34618562
spankr,0.34618503
Ryan2534,0.34618494
Zutart,0.34618416
metrogdor22,0.34618312
flipzmode,0.3461817
financialbabe,0.34618106
jetsparrow,0.34618098
Lostinyourears,0.34618065
sourcreamjunkie,0.3461785
Salanderson,0.34617627
Zarqu0n,0.34617618
farquezy,0.34617543
NotSayingJustSaying,0.34617513
LittleTillyFooFoo,0.34617478
makemisteaks,0.34617344
LFryo,0.3461728
Caligineus,0.34617153
Caraes_Naur,0.34617153
gerusz,0.34617102
ion-tom,0.34617075
parles,0.34617057
odigo2020,0.34617049
WideLight,0.34617013
Bergolies,0.34617007
tha_dood,0.3461698
LeSpatula,0.34616843
hirashirou,0.34616834
DrSnaipa,0.3461681
HanktheDog,0.34616777
MythOfLight,0.34616688
JayTbo,0.3461652
Albuyeh,0.3461627
facedefacer,0.3461625
that1guywithredhair,0.34616217
ChickenPotPi,0.34616145
brandonisgreen,0.3461613
DickRhino,0.34616086
Finnishalzheimerskid,0.34616056
seaburn,0.3461596
brumbrum21,0.346159
wrigsam,0.3461586
Reed18,0.3461567
shadyabhi,0.34615532
j0be,0.34615314
rb7_brady,0.34615275
TheFugget,0.3461522
EvalJow,0.34615198
SgtMaj_Obvious,0.34615198
jonez450,0.3461519
grandfatherbrooks,0.3461495
longhairedfreakyppl,0.3461494
VictoriousPR,0.34614915
danth,0.34614694
jyapman,0.34614617
veron101,0.34614614
tritter211,0.34614596
LoyalTillTheEnd,0.3461455
shniken,0.34614545
attosama,0.34614396
Grimmbles,0.3461425
Pezking343,0.34614202
F1A,0.3461418
Lygar,0.346141
MonsterIt,0.34614077
izmatron,0.34614062
nexxai,0.34613985
Dark_Saint,0.34613967
colinodell,0.3461396
alaskanloops,0.3461396
Dear_Occupant,0.34613797
VZW_Matt,0.3461373
jimmithy,0.34613624
Kolumbz,0.34613428
SimonSays_,0.3461342
madsohm,0.34613395
Wagosh,0.34613314
jamers89000,0.34613305
cr5315,0.34613284
garychencool,0.34613085
GoodLeftUndone,0.34613034
iamnotfacetious,0.3461296
loganemar,0.3461287
DominicDom,0.34612864
trmaps,0.34612793
lanismycousin,0.34612566
SebbenandSebben,0.34612557
lozdogz,0.34612542
Falldog,0.34612533
Patrick5555,0.3461242
B-Jamz,0.34612402
EdgarAlanPwnd,0.3461239
not-a-cylon,0.34612048
peterabbit456,0.34611946
Ryan_Konky,0.3461191
noeatnosleep,0.34611785
TheAmazingSkoof,0.34611732
KilgoreTroutQQ,0.3461171
GlenThen,0.34611487
Maxrdt,0.34611478
aliaschicnine,0.34611422
PolarBurs,0.34611374
hax2damax,0.34611255
JamesOfTheYear,0.3461113
crocomut,0.3461096
I_LOVE_SHEEP,0.3461096
absentmindedjwc,0.3461058
MathGrunt,0.34610552
Ginganinja888,0.34610233
stock_character,0.34610075
no1name,0.34609967
SilverAce88,0.34609953
likeBruceSpringsteen,0.34609747
Grays42,0.34609637
AbbyMoriah,0.34609622
namsilat,0.3460953
RRuS,0.34609514
kcell,0.34609398
FearMeForIAmDan,0.34609357
BionicSammich,0.34609282
nayson9,0.34609196
HasNoClue,0.3460903
Agenttable077,0.34608924
Scorch8482,0.34608918
Darrkman,0.3460887
onetruemod,0.34608772
epilis,0.3460875
rage-quit,0.3460874
kn0thing,0.34608656
backpackwayne,0.34608558
julesasner-dt,0.3460855
ch00f,0.34608483
xanton,0.3460844
mapryan,0.34608275
AwkwardDev,0.3460821
JDawg2332,0.34608066
LeetModule,0.34607995
Beave1,0.3460795
TCBloo,0.34607938
Arve,0.3460789
haikuginger,0.34607837
jermslice,0.34607783
lloganwebb,0.34607732
spoofex,0.3460767
PinkPajamaPenguin,0.34607667
mamba_79,0.34607598
notamustache,0.34607545
PeteDarwin,0.34607518
spez,0.3460746
ZachPaj,0.3460718
windowbreaker9,0.3460706
marmz111,0.34607035
ujemvi,0.34606853
Coriron,0.34606767
GreyMatter22,0.3460675
Wailordfan,0.34606645
brenan6,0.3460661
BritishEnglishPolice,0.34606582
FarSide792,0.34606475
LowlifePiano,0.3460647
zillah1985,0.34606338
qqg3,0.3460633
Mogwoggle,0.34606138
GEN_CORNPONE,0.3460611
mikejohnno,0.34605896
DarthOtter,0.34605822
yannisv,0.34605822
Falkner09,0.34605744
ColonelMolerat,0.34605658
Kuklachev,0.34605482
turbie,0.3460543
lethalweapon100,0.34605357
swampsparrow,0.34605074
pianobadger,0.3460505
bitshoptyler,0.34604996
canard_glasgow,0.346049
sumiriously,0.3460476
AhhBisto,0.3460467
skarface6,0.3460454
Cohtoh,0.34604463
Gonza200,0.34604126
Atomicbob11,0.34603938
cubedG,0.3460392
kekembas17,0.34603903
Modestjake,0.34603897
R3miel7,0.3460377
cfschris,0.34603512
jweebo,0.34603342
Rhaps0dy,0.3460332
agapornis,0.3460303
007T,0.34602988
yti555,0.34602988
bastocrat,0.34602988
finsup,0.34602836
Ihearcolor,0.34602687
OPKatten,0.3460259
cusoman,0.3460252
keineliebe,0.3460249
IamBOXBOY,0.34602228
Darth_InvadeHer,0.34602135
cessna182er,0.34601957
CharlieBear26,0.34601742
prematurepost,0.34601682
mr_pleco,0.34601673
blacjack,0.34601587
MrMango786,0.3460152
throwaway555789,0.34601477
Casedilla,0.3460143
playa_mar_cielo,0.34601352
averagemonkey,0.34601262
Aduckonquack97,0.34601167
WhatTheFDR,0.3460108
LagunaGTO,0.34601054
wjfox2009,0.34600982
FellKnight,0.34600973
SetYourGoals,0.3460091
ggpurehope,0.34600884
expiredcheese,0.34600767
pekayer10,0.34600702
badblueboy146,0.34600627
deathril,0.34600583
ProfessorMcHugeBalls,0.34600568
sovietsrule,0.34600505
EmceCocks,0.34600314
Zephine,0.34600314
Qusqus73,0.34600264
poops_all_berries,0.34600258
suntzu345,0.34600118
gijyun,0.34599885
EpicCookieMan,0.34599805
d1dOnly,0.34599498
TopHATTwaffle,0.3459946
Lupinefiasco,0.34599373
l3un1t,0.3459933
sircmpwn,0.34599018
FishBonePendant,0.3459897
itsallgoodie,0.34598675
Stewie977,0.3459865
miklaen,0.34598574
firstdibbz,0.34598523
Vindexus,0.34598523
Airazz,0.345985
stonesfcr,0.34598333
yellownumberfive,0.34598327
jonnyd005,0.3459827
cheetahlip,0.34598246
happyFelix,0.3459822
bazzaretta,0.3459816
project_twenty5oh1,0.34598112
jwatkins29,0.34598032
plazman30,0.34598005
brownboy13,0.34597984
Peacockblue11,0.34597725
brianfizzle,0.34597644
MarioneTTe-Doll,0.34597474
HDATZ,0.34597436
algo,0.3459728
Searchlights,0.34597278
Cadoc,0.3459723
NotYourMothersDildo,0.34597018
technoskittles,0.34596866
scattyckot,0.34596604
ksaj,0.345965
GoblinTechies,0.34595937
indrora,0.34595925
Kwasbeb,0.34595826
dgb75,0.34595826
Salsadips,0.3459578
VonAether,0.3459576
RubyRod,0.34595662
Doxep,0.34595507
SeriouslyLaughing,0.34595385
HappyManatee,0.345953
belandil,0.34595284
Servious,0.34595284
HadManySons,0.34595233
10GuyIsDrunk,0.34595227
preggit,0.34595188
grouperfish,0.34595078
paulthepenguin,0.3459487
BB2921,0.3459464
Clark-Kent,0.3459463
CaptainRandus,0.3459452
ubomw,0.34594512
GallifreyanRavenclaw,0.34594476
7UPvote,0.34594333
KevlarYarmulke,0.3459404
nonubiq,0.34593928
Ochobobo,0.3459368
cbarrett1989,0.345936
srubt242,0.34593484
AmunRa666,0.3459332
TheBlazingPhoenix,0.34593284
dumnezero,0.34593257
bknutner,0.3459317
Schnapplegangers,0.3459317
Devistator,0.34592974
inmatarian,0.34592956
i_pee_in_the_sink,0.34592924
Jazzy_Josh,0.34592843
PenguinCowboy,0.34592676
bigsol81,0.34592563
cespes,0.3459251
Deathbybunnies,0.34592444
BipolarBear0,0.3459239
mrlr,0.3459229
patrik667,0.34592262
MonksWithSticks,0.3459209
Pyrao,0.3459207
neocow,0.34592053
ipiranga,0.3459178
SW4506,0.3459176
SirSchilly,0.34591547
TheMellowestyellow,0.34591308
exatorp,0.3459116
Innova,0.34591007
magicmurph,0.3459097
catch22milo,0.3459083
BioGenx2b,0.34590602
DZ302,0.345905
DeanOnFire,0.345904
KillEmAll83,0.3459036
roger_,0.34590343
cpt_bluebear,0.34590295
chancegold,0.34590173
caross,0.3459017
thebrownkid,0.3458994
LewisKiniski,0.34589806
menes40,0.34589595
woodyallin,0.34589493
avicide,0.34589443
Tauna,0.34589434
RackballJoe,0.34589055
Tater_Nuts,0.3458903
vorin,0.34588876
Muter,0.34588817
henry10937,0.34588587
mattXIX,0.34588477
PiggyWidit,0.34588468
k0mbaticus,0.3458841
ProfessorCaptain,0.34588298
Killgraft,0.3458815
touchable,0.34587863
Mr_Philosopher,0.34587824
Sasquatch99,0.3458759
PinkMonkeySlippers,0.34587556
PortixArsenal,0.34587455
hseldon10,0.3458726
pedro19,0.34586936
synopser,0.34586763
laristocrate,0.34586695
sobeach,0.3458654
bobofatt,0.34586394
Evadregand,0.34586006
marquis_of_chaos,0.3458595
randoh12,0.345858
Aktve,0.34585518
kulrajwashere,0.345854
happy_otter,0.34585023
paintingunicorn,0.34584942
rickthecabbie,0.34584862
ToBadForU,0.34584537
D3cker,0.34584364
strangelycutlemon,0.34584355
NMeiden,0.34584263
fact_hunt,0.34584257
MisterGone5,0.34584054
mwada1,0.34583867
sorcon,0.34583688
AndrewPresnal,0.34583572
ecnepsnai,0.3458338
Oderdigg,0.34583235
ispoiler,0.34583062
nomofica,0.34582984
empyreanmax,0.3458282
p337,0.34582785
Myte342,0.34582752
dafunkmasta,0.34582657
pocodot,0.34582597
Phritz777,0.34582496
InTheBay,0.3458222
danielblakes,0.3458217
nomalas,0.3458216
dave32891,0.34582075
loopscadoop,0.34582046
obsessive_cook,0.34581718
ma6ic,0.34581202
guelahpapyrus,0.34581155
travcurtis,0.34580997
Natural_RX,0.3458091
creesch,0.34580836
vetcmb,0.3458014
Lumpzor,0.3458008
Codyyblake1,0.34579942
vaselinepete,0.34579846
Sampo,0.34579813
Perma,0.34579796
ryan3243,0.34579754
MrVonBuren,0.345797
I922sParkCir,0.3457964
jbrooks21,0.34579626
Spartancarver,0.34578812
scottg96,0.34578097
xtirpation,0.34577963
cullen9,0.3457792
m0pi1,0.34577778
Novasry,0.34577537
_Woodrow_,0.34577465
badbrutus,0.34577447
WyattFlem,0.34577414
cheezus_lives,0.34577373
megustcizer,0.34577307
Crazysaxycool,0.3457727
Slashered,0.34577194
martiniman,0.34576714
JBHUTT09,0.3457662
ggskater,0.3457649
metabeing,0.34576455
RandomName01,0.34576443
8bitmorals,0.34576103
He11razor,0.34575656
StickleyMan,0.34575573
Lokipokie504,0.34575543
Dr_Sandvich,0.345755
pryme,0.34575245
FauxShizzle,0.34575114
billgarmsarmy,0.34574032
potatosss,0.34573886
Kingtorm,0.3457378
eatcrayons,0.34573734
spoone,0.3457348
price0416,0.34572944
scribbling_des,0.3457265
Ottetal,0.34572566
exitstrateG,0.34572378
staomeel,0.34572366
RedPaintedHouses,0.34572318
SecularScience,0.34571794
Roflmoo,0.34571758
typical_thatguy,0.34571707
Topper2676,0.34571677
headasplodes,0.3457157
MegaHz,0.34571478
jonesguy14,0.34571356
hearo,0.34571326
richardveevers,0.34571216
sodypop,0.3457116
vviikkrraanntt,0.34571075
etm124,0.34570977
drucey,0.34570676
veribaka,0.34570554
metaranha,0.3457046
JonLuca,0.34570122
NeverOC,0.34570044
cometparty,0.34569624
HyphyBonez,0.345695
Zappastuski,0.34569347
fallingtopieces,0.3456912
LoneWolfComando,0.3456899
TheSwedeIrishman,0.34568715
peanutmanak47,0.34568268
Decapod73,0.34568113
Marduk96,0.3456762
drumcowski,0.34567297
promek,0.34566912
tomasziam,0.34566855
awood785,0.34566724
MrFantasticGDB,0.34566632
killerwin,0.34566498
TypicalHaikuResponse,0.34566253
Asassin4TW,0.34566063
rock217,0.3456589
VeinyPickle,0.3456581
iambookus,0.3456574
SmokehTheBear,0.34565645
Womec,0.34565493
kuttanpilla,0.34564528
UseWhatName,0.34564102
MrCobaltBlue,0.34563974
callmecatalyst,0.34563854
StutMoleFeet,0.3456379
Skanh,0.3456352
CityWithoutMen,0.34562927
decode1101,0.3456239
RAGErER,0.34562358
sergeyuf,0.3456232
earthDF,0.34561995
big_tuna2,0.34561977
IamtheOceanAMA,0.34561893
401vs401,0.34561265
weeeaaa,0.345608
Platinum1211,0.3456059
smdaegan,0.3456038
Pravusmentis,0.3456029
whicketywack,0.34560078
odinist,0.3455972
RedHerringxx,0.34559572
foamed,0.34559432
SethBling,0.3455914
BeingDS,0.3455905
Usht,0.3455859
SQ_Minion,0.34558514
PdoesnotequalNP,0.34557995
Markus_Antonius,0.3455792
Bersonic,0.34557825
bbouerfgae,0.34557432
Kaer,0.34557354
rizz360,0.34557244
TheRiseOfMaths,0.34557188
shellbullet17,0.34557122
alexkoeh,0.3455689
kindofstephen,0.34556502
Semen-Thrower,0.34556347
abig7nakedx,0.34556183
Geckos,0.3455603
ImNotAnAlien,0.34555328
yousaidicould,0.3455522
Faneste123,0.34554848
kulaboy94,0.3455439
arsenale,0.34553343
s-mores,0.34552503
Tenstone,0.34551904
gzcl,0.34551752
jdbee,0.3455063
kleinergruenerkaktus,0.34550288
Kavec,0.3455022
djweswalz,0.3455015
antonia90,0.3454937
InternetNinjacy,0.3454895
jay456,0.34548137
Random_Fandom,0.34547502
DuckDragon,0.34547493
drunkentune,0.34547383
CasioQuartz,0.34547305
ancientworldnow,0.34546575
Shaleensinha88,0.34545422
KyleKingCDN,0.34545317
sn44,0.34544834
theoneringnet,0.3454429
SadDragon00,0.34540227
orthros,0.3453986
jpsquill,0.3453559
ajsadler,0.34533593
supercheetah,0.34533173
