username,GNN_Influence_Score
崔听筠,1.0
普瑞-赛斯_,0.9706589
月海_Tsugumi,0.9696957
M-V-T,0.9678934
薛定谔的狸花咕咕咕,0.9669341
降萝伏莉仙帝,0.9642417
誓约寒,0.9635417
GLALXX,0.9632861
三添不贱,0.96322227
厌蠢之人,0.962839
水族馆的大梨子,0.9627751
克喵可爱捏,0.96239144
茹大宝宝,0.9618178
冷心市民小玉,0.96137136
大乔617,0.9613077
洁之良品---David,0.9609252
糸凛凛糸凛,0.96079785
fbi9527_,0.96073407
名字是一首歌,0.9606066
红石方块Max,0.9606066
一枚云朵轻飘飘,0.96060526
栗子暴打兔子,0.9604154
梓故zzz,0.9603518
Zachary照尘,0.96035177
泡澡香香的猫,0.96016073
nofish21,0.96009713
xym12345,0.96003336
烟雨不稀烟雨稠_,0.9600325
阳华与苹果酒的诗文,0.9600314
嘉泽胤阳,0.9600283
椰蓉の糯米糍,0.95996976
高筱珏,0.9599697
calmdown002,0.95990604
云淡啊风轻,0.95990604
美的空调,0.95984244
风雨之中任逍遥,0.9598423
35982787195_bili,0.9597787
清池处处起涟漪,0.9597787
picturesqueboat,0.9597787
迷之逊,0.9597787
稳重一点啊,0.95971507
_The_God_,0.95971507
沃洛嘉-,0.9597145
蓝曦Lences,0.9596514
辰溪轩道,0.9596487
GTA5Cyberpunk,0.9596437
一本正经的回忆录,0.95958775
首席高木厨,0.959585
乌托村夫,0.9595242
-芝士不好椰-,0.95952415
狐_hao,0.95952415
cutewp,0.95952415
森set,0.95952415
NEm0意为无人_,0.95946056
许若潇,0.95946056
辛弃疾Simcheegy,0.9594605
逃离实体,0.9594605
观岚岚吖,0.9594605
AHPbLIS,0.9594605
芥_弥,0.959397
在陆亨克这了,0.959397
41朵蓝玫瑰,0.959397
潜水的鱼n,0.959397
tyzhende,0.95933324
亻五我鸟,0.95933324
一枚鸭梨,0.95933324
我不是梦中人,0.95933324
漫游者__,0.95933324
颜值并不一定正义,0.95933324
韩美娟Amire,0.95933324
My丶Dearest灬SU,0.95932955
KEX-Monika,0.9592697
正片叠底绘画战士,0.9592695
Yooofox,0.9592695
橘喵敲可爱,0.9592695
栀桦惜缘,0.95926905
原汁儿,0.95920604
一向如此真的吗,0.95920604
-LostCity-,0.95920604
阑荀夕,0.95920604
活在阳光下是温暖的,0.959206
黄益达哒,0.959206
别vi我,0.959206
还没熟的鱼蛋,0.959206
风度桑_EA,0.959206
天王星-乌拉诺斯,0.9592029
-赵Mou-,0.9591425
望神侞㕃,0.9591424
花硬币改名啦,0.9591424
凛黦,0.9591424
刃下狼血,0.9591424
EVNSR,0.9591424
无芳离逝,0.9591424
百分之60的派蒙,0.9591424
雾都冰火,0.9591424
龙君Long,0.9591424
Mi迷醉,0.9591424
Luloce,0.9591424
比格Bigsk,0.9591424
曦熙婉,0.9591424
月球队长makoto,0.9591424
给端午打工,0.9591423
何不扬了它,0.9591366
锐展XD,0.95907885
一个稳健的玩家,0.9590788
寂寂钟鱼柏满轩_,0.9590788
Callme祎一,0.9590788
独矿者-OMPn,0.9590788
orzorz_,0.9590788
默蜂QAQ,0.9590788
常星林,0.9590788
夏日丨邮局,0.9590788
L3-猛汉猎人,0.9590788
XT鸢尾,0.9590788
店长工具人007,0.9590788
空城旧梦xzx,0.9590788
小宇游戏xy,0.9590788
haigusang,0.9590788
淆小青鱼,0.9590788
分肠道辘,0.9590788
鲨鱼的左膀右臂,0.9590788
中老年人签名藏彩蛋,0.9590788
银彩-SilVirbe,0.9590787
十六不会做饭,0.9590787
希茵今天还在河里,0.95901513
努力的小博士,0.95901513
QI--祺,0.95901513
AAA_千目东路跑车维修,0.95901513
新建文档XP,0.95901513
kay1ey,0.95901513
神秘的b站用户123456,0.95901513
科比,0.95901513
初末寻辞,0.95901513
焚琴煮鹅,0.95901513
无竺兰,0.95901513
名将杀,0.95901513
活在南极的热带鱼,0.95901513
极速小飞鱼fly,0.95901513
金德翼Golden_Daley,0.95901513
Gz小阿拐,0.95901513
UNICODE2025,0.9590151
学校你牛逼,0.9590076
摩西菌vvvv,0.95900357
容川居士,0.95895165
来根大白菜,0.95895165
锂葵,0.95895165
Anastasiaying,0.95895165
白布林不_,0.95895165
只要脊椎,0.9589516
旗帜工作室,0.9589516
十二刀语,0.9589516
甘意ganyi,0.9589516
豌豆味老干妈,0.9589516
恭请邱小姐出嫁,0.9589516
香蕉皮の神,0.9589516
MiguelKosugi,0.9589516
特工小鸡zzz,0.9589516
THX2012,0.9589516
导坏,0.9589516
青春耄耋梦到曼波学妹,0.9589516
面要多加香菜,0.9589516
MoonBit月兔,0.9589516
花生于竹南,0.9589516
楽しいかわいい子猫,0.9589516
nonane2077,0.9589516
没干劲de蚊子,0.9589516
半东白皮,0.9589516
顾阿小,0.9589516
q青药师p,0.9589516
三国百将牌,0.9589516
我也要吃鸡翅吗,0.9589516
为什么野兽没有我聪明,0.9589516
凉簟残烛,0.9589516
盒饭中的果冬咚冻,0.9589516
馬馬雨,0.9589411
华彩月,0.95888805
超高校级の女装大佬,0.95888805
孚乃有庆,0.95888805
撒野小树,0.95888805
尘风一枚,0.95888805
甜口豆瓣酱ovo,0.95888805
城南輕舟,0.95888805
艹此用户不存在,0.95888805
五更瑠璃丶黑猫,0.95888805
彩叶の八千代,0.95888805
维焉,0.95888805
开背蒜蓉虾,0.95888805
-MiAoo-,0.95888805
旭日之舟,0.95888805
Lennon不会起名,0.95888805
物喜寄悲,0.95888805
苏九思-,0.95888805
Joy_326,0.95888805
奕寯,0.95888805
大保底不歪臻菌,0.95888805
豆腐腐腐腐fu,0.95888805
室盐,0.95888805
蓝色懒猫一只,0.95888805
流客不知名,0.95888805
不见曦月3498,0.95888805
Space丶JS,0.95888793
拉拉小飞侠,0.95888793
伏特加爬山斗地主,0.95888793
昨日的曦,0.95888793
糖盐一定要在一起,0.95888793
九月会很热,0.95888793
堂唐塘,0.95888793
bl9f,0.95888793
栗子鼠1940,0.95888793
玫瑰鹿bbs,0.95888793
可爱的土狗哥,0.95888793
请叫我夕霧老师,0.95888793
诞水弧,0.95888793
DECO2077,0.95888793
斜陽LilaS,0.95888793
鲁路修·Vi·布里塔尼亞,0.95888793
神络局外规划社,0.95888793
小言La,0.95888793
来自律队的大拇哥,0.95888793
九ノ离,0.95888793
中雨转大鱼,0.95888793
Slytherin-xsh,0.95888793
醒醒别oyi了,0.95888793
星ToBe,0.95888793
strangeineed,0.95888793
与辞浅,0.95888793
無_三,0.95888793
西住学姐,0.95888793
Chalice_W,0.95888793
夜泠ovo,0.95888793
曾文的旋律,0.95888793
彩色的风123,0.95888793
皇后区的热心邻居,0.95888793
鬼清明,0.95888793
卦挂呱,0.95888793
-KU-MA-,0.95888793
末薯名者,0.95888793
风三月柒,0.95888793
魔君林澈s,0.95888793
起飞ww,0.95888793
w显眼包w,0.95888793
Iris_lyric,0.95888793
芊九沫,0.95888793
苦瓜哇_,0.95888793
泊鈞,0.95888793
不死骨灰,0.95888793
Fierga伏尔加,0.95888793
SocianZeStof,0.95888793
折纸无忧,0.9588855
是王朝吖,0.9588755
想画画的七辰,0.95887506
流萤Soar,0.9588698
_white_,0.9588245
是Q同学呀,0.9588245
猫猫和东东,0.9588245
盒菌子,0.9588245
瑾年丶亮,0.9588245
透镜星云,0.9588245
再往前是远方,0.9588245
咸桪不想哭,0.9588245
毛毛的从前,0.9588245
丢失的免写卷,0.9588245
山海重工,0.9588245
还会更差吗,0.9588245
账號已注销2333,0.9588245
零篇川,0.9588245
可以让我退退,0.9588245
第七命,0.9588245
怎么不在家,0.9588245
北岛牧师,0.9588245
走猫步的鲨鱼,0.9588245
KevinSxz,0.9588245
不想学理科的理科生,0.9588245
是懒人不是赖人,0.9588245
好喜欢明日香-,0.9588245
别吵快睡着了,0.9588245
喂羊先锋,0.9588245
给你补个蛋蛋鼠,0.9588245
影只猫Shadow,0.9588245
忧伤的冬瓜,0.9588245
自宅警備員のペンギン,0.9588245
你大大大爸爸鸭,0.9588245
Melaniesmelon,0.9588245
不二月诗,0.9588245
多年ye,0.9588245
一只野生的文科生,0.9588245
LabMem_No004,0.9588245
深海绿gou咯,0.9588245
全不灵,0.9588245
该成为怎样的人,0.9588245
原野绿电位分析,0.9588245
你的豌豆呀呀呀,0.9588245
_Sao,0.9588245
灰溜溜儿,0.9588245
网卡又重连,0.9588245
青雨清泉,0.9588245
斯胺叁,0.9588245
佐佐木卡西欧,0.9588245
LmHudRui,0.9588245
耶路撒冷沈阳路,0.9588245
-超级赛车王-,0.9588245
NeverSettle_,0.9588245
罐装盒头,0.95882434
katerrrlhyu,0.95882434
聪明的高坚果,0.95882434
路过瞅你一眼的一只汪,0.95882434
忆酒1,0.95882434
吧唧1口小漂亮,0.95882434
Inno_etc,0.95882434
榴莲流奶牛角Bao,0.95882434
异常有用的垃圾桶,0.95882434
一只雨欣丫,0.95882434
海比天藍,0.95882434
凤凰之于飞-,0.95882434
过热的史莱姆,0.95882434
纳石矢,0.95882434
sunberun,0.95882434
时栖Hoho,0.95882434
Lei雷明Ming,0.95882434
盼思返,0.95882434
阿潇不会吹箫,0.95882434
特玛头拒绝成为番茄酱,0.95882434
北冥系咸鱼,0.95882434
summer丶埘绱,0.95882434
一念窥光,0.95882434
10lxr,0.95882434
偏激筱丶明,0.95882434
银的艺术,0.95882434
瀚天2077,0.95882434
白风QAQ,0.95882434
9jllol,0.95882434
ALTLOVE,0.95882434
paradox2333,0.95882434
海围着的陆地叫岛,0.95882434
彦伯英字子午,0.95882434
大山妖重明,0.95882434
你守哥来也,0.95882434
卖盒饭的小哥,0.95882434
-月之语-,0.95882434
天台美厨一位丌-丌,0.95882434
灬贝莉尔灬,0.95882434
YMQLL,0.95882434
一锤定印,0.95882434
你安全得救了,0.95882434
秦丙辰,0.95882434
厄余eyu,0.95882434
香爵可爱毛豆,0.95882434
两大大碗稀饭,0.95882434
希儿希尔希希希,0.95882434
囷囷不困困,0.95882434
李惟张yq,0.95882434
灰灰大王666_,0.95882434
唐完就宋oh,0.95882434
美好Brave,0.95882434
墨语默言,0.95882434
2k时期冷冻罗非鱼,0.95882434
死兆星之彩,0.95882434
盘旋的千眼,0.95882434
沈昇x,0.95882434
瓏龍籠,0.95882434
我是天才蛙,0.95882434
3993,0.95882434
塰鸦,0.95882434
3角公式,0.95882434
循湮26,0.95882434
怣,0.95882434
imitator_,0.95882434
一只小梵茄,0.95882434
是小颜捏,0.95882434
是大熊哦,0.95882434
猫咪子_,0.95882434
skylouis,0.95882434
Milktea椰,0.95882434
好奇的迷彩风筝,0.95882434
GGu3,0.95882434
单挑于北宸,0.95882434
花哨政,0.95882434
改头换面aaasa,0.95882434
小主想睡觉,0.95882434
活捉一只小松许,0.95882434
渡个毛,0.95882434
啊又过了一天呢,0.95882434
承诺能信麽,0.95882434
元素AMG___,0.95882434
胖虎酱啊,0.95882434
余余余余泠,0.95882434
迈耶诚不欺我,0.95882434
--千椰椰--,0.95882434
xxx欲しい,0.95882434
励磁石,0.95882434
让子弹飛一会er,0.95882434
梁永欣沃爱腻,0.95882434
SIG_SAUER-SP2022,0.95882434
我永远喜欢高人先生,0.95882434
lin1270,0.95882434
元气满满的柠柒吖,0.95882434
开朗的真爱坤,0.95882434
Strips139,0.95882434
烈豹乔亚,0.95881397
Rainman_E,0.9588109
半串钵钵鸡,0.9588069
听张xz,0.9588063
云梦夜鼠,0.95876086
改一个名字要我6个币,0.95876086
我也要助攻,0.95876086
穷神小克说劲啊,0.95876086
高松的灯,0.95876086
云柒July,0.95876086
白秋鸽-_-,0.95876086
木斧锤,0.95876086
阿祖卡布珈德,0.95876086
iridescent2024,0.95876086
很神秘的昵称,0.95876086
P_LS,0.95876086
不狂啦,0.95876086
HCN氢氰,0.95876086
日夕KagLun,0.95876086
养只香蒲猫,0.95876086
Noway_t,0.95876086
吃花椒的秃酱,0.95876086
紫月岚,0.95876086
閃刀姬丶零衣,0.95876086
三三の九です,0.95876086
中二kg,0.95876086
F_eiuu,0.95876086
帆儿啦儿啊,0.95876086
哎呀我不想取名字,0.95876086
eldiablo0820,0.95876086
许晚睡,0.95876086
云溪不云惜,0.95876086
音浪时光机,0.95876086
五代进之介,0.95876086
海艺的小窝,0.95876086
大藤王,0.95876086
杨月yang,0.95876086
rucej,0.95876086
丙纯,0.95876086
白胆杯子,0.95876086
唱骑速食,0.95876086
一只小INKQWQ,0.95876086
彼时的碎月,0.95876086
江千尋,0.95876086
纯情火辣清道夫,0.95876086
不夜猫貓,0.95876086
JimsDesign,0.95876086
葡萄尸体,0.95876086
橙子是魔王,0.95876086
橘枳jessie,0.95876086
惣又介,0.95876086
在有风的日子里晾衣服,0.95876086
是远大兄,0.95876086
黎曼可积,0.95876086
宅家的猫先生,0.95876086
10000MHz,0.95876086
病弱吐血总司酱,0.95876086
顾景黎,0.95876086
逆梦meow,0.95876086
守魂,0.95876086
情迷加勒比233,0.95876086
阳阳最萌,0.95876086
灵骑思故我在,0.95876086
DJingxxx,0.95876086
我尼酱,0.95876086
光武帝劉秀,0.95876086
macnndcheese,0.95876086
wE1xUqU,0.95876086
臻好真的很好,0.95876086
长峰嗑技,0.95876086
叶片D2,0.95876086
看见小丑直接拉黑,0.95876086
识货App,0.95876086
水野幽香,0.95876086
八部HCJPSM,0.95876086
章鱼烧暴L,0.95876086
职业躺平懒羊羊,0.95876086
齐市安格斯雪花牛肉,0.95876086
嘻嘻恩优,0.95876086
蓝莓味の小蛋糕,0.95876086
佐腾酱,0.95876086
阿冉的N次方,0.95876086
97有山,0.95876086
V7KAcE,0.95876086
吾乃高林也,0.95876086
三月莓六月花,0.95876086
伏二金,0.95876086
Daylight-567,0.95876086
其愚不可及也,0.95876086
你见我钱包了吗,0.95876086
佛系雨莹,0.95876086
青苔的晴天,0.95876086
酷蕉,0.95876086
朱子雀,0.95876086
怪奇界,0.95876086
比目测丙鱼,0.95876086
-BeYourself-,0.95876086
逆天改命乌鸦陈天雄,0.95876086
小鸡内裤。,0.95876086
Jayish,0.95876086
努力的小杨322,0.95876086
纪风笑,0.95876086
御坂6470,0.9587608
bili_45506813630,0.9587608
想想晚饭吃什么_,0.9587608
俺们控,0.9587608
炎日西時,0.9587608
普通老百姓在你家,0.9587608
焚风___,0.9587608
罗非鱼p,0.9587608
星陨之约,0.9587608
微笑掩饰了忧伤,0.9587608
朱扎记,0.9587608
取名字Jay难,0.9587608
bili_45628101523,0.9587608
未知1参上,0.9587608
希彼基,0.9587608
水色理,0.9587608
见严冬,0.9587608
始皇大弟,0.9587608
理塘的哲学家,0.9587608
柊丶Heeragy,0.9587608
埃里克ww,0.9587608
去房间整把枪w,0.9587608
御秦枫,0.9587608
bili_45780123422,0.9587608
饿货33,0.9587608
吟游诗人握持,0.9587608
大家好滴滴,0.9587608
江北残刀10,0.9587608
不想为取啥名字而烦恼,0.9587608
塔帕酱,0.9587608
bili_69904352393,0.9587608
罹难烬,0.9587608
施绪无解,0.9587608
6funny6,0.9587608
有机生命,0.9587608
李简请69,0.9587608
新时代赛博扎克伯格,0.9587608
蓝染白衣,0.9587608
_seagulll,0.9587608
月的-六便士,0.9587608
浣_,0.9587608
法厄同星尘,0.9587608
朔月清风qwq,0.9587608
予七语,0.9587608
辞镜_Asuka,0.9587608
AadamBJ,0.9587608
_SKH_,0.9587608
蓝色的赭鳞蘑菇,0.9587608
Alay666,0.9587608
法厄同的暮暮,0.9587608
月弥阶釤,0.9587608
路灯的搬运工XD,0.9587608
你的鱼小摆,0.9587608
专业吃瓜群众hhh,0.9587608
曼珠沙华の彼岸花,0.9587608
鳌拜得弟弟熬夜,0.9587608
Zoenash,0.9587608
Zoe7oe,0.9587608
大耗司,0.9587608
被又耽误的电影公司,0.9587608
蘭陵笑笑聲,0.9587608
无法查询Nber,0.9587608
大伟囚,0.9587608
不狂人,0.9587608
6干锅居,0.9587608
日匀子,0.9587608
不漾仙10032,0.9587608
戟错啦,0.9587608
木梓渝,0.9587608
蔚海彦彦,0.9587608
炒鱼,0.9587608
9FdusT,0.9587608
否视庭,0.9587608
郁宁无瓜,0.9587608
夏花迷蝴蝶,0.9587608
再见徐,0.9587608
狐柳黄白灰,0.9587608
待解救老司机,0.9587608
听白TownBoats,0.9587608
asd_-_,0.9587608
andymsu,0.9587608
马特2016,0.9587608
夜礼服假面的红蔷薇,0.9587608
鸟畜,0.9587608
大梦成真,0.9587608
缅腆猫,0.9587608
_月明共潮生,0.9587608
沫惜亿,0.9587608
任归玄,0.9587608
calvinOvO,0.9587608
眨巴眨巴眼睛真酸涩,0.9587608
喵卫阳裔,0.9587608
羽語於愈,0.9587608
-天希,0.9587608
-小景呀,0.9587608
ormoix,0.9587608
惟江上清风山间明月,0.9587608
kong_yu_jun,0.9587608
剑灬神灬,0.9587608
啸温风,0.9587608
想一起吹海风,0.9587608
哭的火冒三丈,0.9587608
我好想你呢_,0.9587608
oy源源子,0.9587608
七乐该睡觉了,0.9587608
黑夜禁锢,0.9587608
美羊珜,0.9587608
黑喵不吃罗非鱼,0.9587608
石猫四,0.9587608
叫荏苒的鸟,0.9587608
万年沿挂,0.9587608
克拉UwU,0.9587608
喝不了冰啤酒,0.9587608
万念一条鱼,0.9587608
-桃课去看大明猩-,0.9587608
imksc,0.9587608
胆小鼠残梦,0.9587608
-哲理的山路十八弯-,0.9587608
lifeline你的生命线,0.9587608
六喰,0.9587608
苜制茗,0.9587608
入梦bai,0.9587608
灬暗夜神灬,0.9587608
nouchiya,0.9587608
桉子诺,0.9587608
精神大夫,0.9587608
nemo_qq,0.9587608
老手勾大爷邓肯,0.9587608
白泽拓,0.9587608
minostar,0.9587608
赽泺熋尒,0.9587608
唱唱反调呢丶,0.9587608
悟-wu,0.9587608
向点何,0.9587608
肆意丶梓,0.9587608
maggie_szh,0.9587608
神奇--阿呦,0.9587608
luwenwuNB,0.9587608
_兔叽果_,0.9587608
-Liseen-,0.9587608
冰烧冬_,0.9587608
永远亭的宅女辉夜姬,0.9587608
猪郁桢桑,0.9587608
您的昵称包含低俗内容,0.9587608
兔子要发疯,0.9587608
看那花多美,0.9587608
某不知名二字蔬菜,0.9587608
biupa嘣,0.9587608
喵喵折app旗舰版,0.9587608
茶杯里的非鱼,0.9587608
茶橘reo,0.9587608
茶茶stella,0.9587608
图tu_,0.9587608
君之南,0.9587608
葵九歌,0.9587608
dc不重启不改名,0.9587608
松籽ker,0.9587608
下一站缘,0.9587608
独孤东炎,0.9587608
cnzjlaoluan,0.9587608
1472615672,0.9587608
了了把事了了,0.9587608
秋古羽,0.9587608
眼里只有蓝色,0.9587608
曲奇如丝,0.9587608
晚夜溢晚,0.9587608
仪子r,0.9587608
沙沙沙尘暴,0.9587608
单影-遥呀遥,0.9587608
17th航,0.9587608
181边学习1边,0.9587608
漠上凉,0.9587608
杉本铃美,0.9587608
1零二六,0.9587608
上衫一卿,0.9587608
鷇,0.9587608
熵增二踢脚,0.9587608
选择子午or弧矢,0.9587608
hinhin的鱼尾纹,0.9587608
漫游者Kairo,0.9587608
-精神丧失-,0.9587608
喵喵眯眯呜,0.9587608
麋失鹿,0.9587608
三千万30000000,0.9587608
hatomogi,0.9587608
汪汪北北,0.9587608
矢速Velctor,0.9587608
想睡大觉嘎嘎乱杀,0.9587608
halo_nk,0.9587608
魏俞轩,0.9587608
上帝遗弃的小山羊,0.9587608
愛白虎,0.9587608
共鸣鸽子,0.9587608
四区的尾椎骨,0.9587608
忍月愁,0.9587608
四叶Luckyclover,0.9587608
苏筱哲,0.9587608
052NOSORA,0.9587608
赫白同学,0.9587608
瞧这个,0.9587608
慕思集团,0.9587608
0号元素,0.9587608
烦恼休息,0.9587608
马星瞳说,0.9587608
礼亭,0.9587608
仁糍粑,0.9587608
阿吉日记,0.9587608
Glaxy_Rain,0.9587608
今生ww,0.9587608
小鼠同学Minimouse,0.9587608
安敖在摆烂,0.9587608
棉花糖_MELLO,0.9587608
翻斗花园屑老板,0.9587608
斯巴拉西zzx,0.9587608
那咋了和你有什么关系,0.9587608
安静的像头驴,0.9587608
泥嚎比莉,0.9587608
HewsonX,0.9587608
我问尼在肝神磨,0.9587608
小青蛙兮兮,0.9587608
小電龍,0.9587608
栢丶川,0.9587608
荥星中,0.9587608
小科笔肘妈妈,0.9587608
RTX1660Ti,0.9587608
巴塞罗那的皮卡都,0.9587608
Messi12356,0.9587608
整点稍麦,0.9587608
神知道怎么想,0.9587608
时过境迁77,0.9587608
疗愈师小u,0.9587608
寒面东风,0.9587608
昏鸦派JT,0.9587608
和人kazuto,0.9587608
乔砸のh,0.9587608
路人小涵,0.9587608
喵kiri_颂,0.9587608
职业迷妹,0.9587608
山楂-西红柿-土豆,0.9587608
薄荷巧克力小蛋糕,0.9587608
OvOverlooked,0.9587608
非法火柴人,0.9587608
身堅志殘的小林,0.9587608
星尚故事汇,0.9587608
Oasis09,0.9587608
Floyd_Young,0.9587608
片-------爿,0.9587608
药粟ys,0.9587608
转生成核反应堆,0.9587608
NotrealRorschach,0.9587608
控评有罪,0.9587608
它它汁,0.9587608
猫儿是大橘,0.9587608
宇宙交通领航员,0.9587608
无忘筱筱,0.9587608
空城一の猫,0.9587608
记得叶贝妮曾经爱过你,0.9587608
纷扰趋静,0.9587608
雾岛u,0.9587608
一只数学的狗,0.9587608
可锁水面纸-,0.9587608
新世代的Fans,0.9587608
哈哈哈_会和,0.9587608
无痕迹影,0.9587608
邹临,0.9587608
Quanziluuuuu_,0.9587608
臭画画的弗拉恭,0.9587608
纸春时,0.9587608
新号啊啊啊哇哇哇,0.9587608
番茄炒蛋冰淇淋,0.9587608
梵意琉璃,0.9587608
第11封来信,0.9587608
猫吃鱼_鱼爱猫,0.9587608
林霞夕阳,0.9587608
Kiti_Cedar,0.9587608
LaPluma987,0.9587608
云织光,0.9587608
野粿酸酸酸,0.9587608
云鵃,0.9587608
Kong素问,0.9587608
小小阿宅Erin,0.9587608
小唐跳,0.9587608
武装蟑螂,0.9587608
方邡埅,0.9587608
一天叭,0.9587608
良尘景,0.9587608
小恐龙゜,0.9587608
亡棋林,0.9587608
河马朋友,0.9587608
Iris白一,0.9587608
I正版受害者I,0.9587608
superuuunir,0.9587608
哆啦丶小金Jinky,0.9587608
十万伏特Thunderboy,0.9587608
迷茫的地球人,0.9587608
寂月星尘,0.9587608
寄人篱下的可怜鱼,0.9587608
小波961016,0.9587608
talonSG-FPV,0.9587608
卜艾卢-狄克,0.9587608
小沐de音乐盒,0.9587608
逆子打为父,0.9587608
赛博老登单推人,0.9587608
海贝壳有海,0.9587608
二次元恒星,0.9587608
JJJJJJJJJJJson,0.9587608
断发以明志,0.9587608
寒瞳鹤影,0.9587608
小樱花のSakura,0.9587608
十一诗语,0.9587608
二零老师,0.9587608
纸窗亮着,0.9587608
被消耗掉的6枚硬币,0.9587608
FL-风凌_,0.9587608
圆焰不拆不逆,0.9587608
疯狂衡灵,0.9587608
A今晚大老虎,0.9587608
绽放的终点,0.9587608
yg王辰,0.9587608
晴不欢,0.9587608
失眠玖月十八蛋仔,0.9587608
两手-空空-,0.9587608
Twinkle霆,0.9587608
超声刀削面,0.9587608
梦被光刷白,0.9587608
猫猫吼可爱,0.9587608
奈喜子,0.9587608
sir扎克斯,0.9587608
任识的陌生人,0.9587608
青芒微_美女蛇小青,0.9587608
巴巴塔_w,0.9587608
最初和最后,0.9587608
Celine不熬夜,0.9587608
晓美焰の老公,0.9587608
skr洋葱头,0.9587608
Yuuuuuuuji,0.9587608
重逢别中二了,0.9587608
Steven5990,0.9587608
急性发钱寒综合征,0.9587608
Sternstunde桉溟,0.9587608
冰心一弦雪,0.9587608
行走的詩,0.9587608
要素集成体,0.9587608
無聊又邊緣的普通人,0.9587608
Alex-A哥爱溜达,0.9587608
荷华千言,0.9587608
吴解语,0.9587608
白李呀,0.9587608
飞影云z,0.9587608
飞天xiu毛驴,0.9587608
濠江南,0.9587608
ZENFE_09,0.9587608
YushawnChen,0.9587608
夏亚的飞毛腿,0.9587608
请输入文本-1145141919,0.9587608
西柚味的木璟花,0.9587608
爱喝冰镇绿豆汤,0.9587608
鱼鱼鱼与羊,0.9587608
热爱和平的小董同学,0.9587608
李子炖鱼,0.9587608
YesToday_阿润,0.9587608
你是我左边的风景,0.9587608
Andy-西西弗,0.9587608
AnselSamson,0.9587608
弱弱的小汤汤,0.9587608
半机械蝴蝶k,0.9587608
吃葡萄就_吐葡萄皮,0.9587608
雾嘛噜,0.9587608
老实人秋水,0.9587608
柠檬芝士_,0.9587608
周淺,0.9587608
姜ヅ王,0.9587608
葫蘆小C剛,0.9587608
Romantic丶鬼刀,0.9587608
会玩闪光的麦卡利,0.9587608
是安好先生,0.9587608
生盐诺亚_Official,0.9587608
婪隹Benitoite,0.9587608
Day_lily,0.9587608
Refrain_it,0.9587608
赵本山本山哈哈,0.9587608
巨魔苗,0.9587608
贰寻-,0.9587608
载易杞,0.9587608
ssssyrio,0.9587608
ROCKTIME2024,0.9587608
抱抱薇妹,0.9587608
伍水硫酸曈,0.9587608
涵盖芦,0.9587608
岑皮啊,0.9587608
半岛台吹吹风,0.9587608
Eric是喜哥,0.9587608
星源2012,0.9587608
这不管那不管的牢B,0.9587608
找不到出口的人,0.9587608
S-I-C-K,0.9587608
DA1R,0.9587608
疏篱淡月寒鸦,0.9587608
Coca_Fanta,0.9587608
乳酸菌冷泡茶,0.9587608
没名字这么搞,0.9587608
ComEonL,0.9587608
Sky风华雪月,0.9587608
帕鲁狙击手,0.9587608
传奇月球守门人,0.9587608
离开以后醒着做梦,0.9587608
师傅菜菜又饿了,0.9587608
系统提示该用户已下线,0.9587608
扶山,0.9587608
Safaloers萨法,0.9587608
是时候改昵称了_,0.9587608
lili455,0.9587608
sosomoli,0.9587608
SHIFXJ,0.9587608
DNA烘焙机,0.9587608
白色轮毂,0.9587608
DCZDHT,0.9587608
solsetur__,0.9587608
东方逸夜,0.9587555
静梧楌,0.9587555
yh_24,0.9587504
夏时何时,0.95874834
重金属鱼,0.958743
请阻止车门关闭,0.9587331
菜包子-caz,0.9587253
蒹葭浮生,0.9587253
靖安司都尉中郎将,0.9586974
bili_61227152083,0.9586974
乔瑟ジョゼ,0.9586974
九时烛,0.9586974
日暮奔赴,0.9586974
清丫呀,0.9586972
清玄叶一,0.9586972
水木清华-Jerry,0.9586972
水星鱼suiseifish,0.9586972
清蒸盐鱼,0.9586972
皓月明空星辰大海,0.9586972
永恒痕星,0.9586972
清风归客725,0.9586972
渔夫移山,0.9586972
渡重洋,0.9586972
温柔姐姐恩雅,0.9586972
温特尔森,0.9586972
温良的嬷嬷123,0.9586972
AF23986,0.9586972
渲染流年似水,0.9586972
清晨van游戏,0.9586972
深蓝车友红茶,0.9586972
水無月梨花,0.9586972
水爅梧桐,0.9586972
游戏F蛇,0.9586972
Akuei,0.9586972
水花sunshine,0.9586972
深蒼Arc,0.9586972
深海海草,0.9586972
水遁-雾隐之术,0.9586972
深海利剑八一,0.9586972
水里没有猫哇,0.9586972
深夜种花的二哥,0.9586972
涼城以南,0.9586972
蔻蔻爱美丽,0.9586972
涤尘畅饮HCLO,0.9586972
涛昇pa,0.9586972
水华月彩,0.9586972
游戏机制挺怪,0.9586972
消费者热线,0.9586972
游淑女,0.9586972
殪遙,0.9586972
滴哒滴辣,0.9586972
残荷败竹,0.9586972
滹沱河c,0.9586972
残翼祭,0.9586972
残心love,0.9586972
滿身泥濘,0.9586972
漂弗不定,0.9586972
漠倾baaaaa,0.9586972
漫步晴雨中,0.9586972
漾无航空B9742,0.9586972
漾漾爱吃西瓜,0.9586972
潇潇努力干,0.9586972
潘引壶的熊窝,0.9586972
O猫腻了鱼,0.9586972
殺風景,0.9586972
满脑子可爱的Sherry,0.9586972
满山桃桃,0.9586972
源宇宙3,0.9586972
游韧攻略,0.9586972
水也SkyPond,0.9586972
水g-,0.9586972
氪两块钱的肝帝,0.9586972
源于朝露,0.9586972
氨百LJ-,0.9586972
源游梦,0.9586972
每天长高半厘米,0.9586972
溪南亭,0.9586972
是条滑光仔,0.9586972
溪荷竹汐,0.9586972
比企谷八番队,0.9586972
溯光丶,0.9586972
满分试卷加油_学习,0.9586972
千屿白川,0.9586972
海东青泽,0.9586972
海野雲,0.9586972
没有好看头像,0.9586972
沙漠二狗子,0.9586972
沙雕二氧化硅,0.9586972
沙雕动画完结,0.9586972
沞苜,0.9586972
没完没了不改了,0.9586972
没尝过社会的险恶,0.9586972
没有美感的设计师,0.9586972
沐轩璇,0.9586972
没有胖次的牛战士,0.9586972
没有道德的燕麦片,0.9586972
没泡芙我会死的,0.9586972
没走油的走油肉丶,0.9586972
没错你真的卡了,0.9586972
泉泉-niki,0.9586972
沐雨知空音,0.9586972
沉穆乌云-十六月圆,0.9586972
法棍勇者手游废人,0.9586972
江湖憨包,0.9586972
永恒的近视眼,0.9586972
永恒轮回转寿司,0.9586972
汀羽在听雨,0.9586972
汉堡包emn,0.9586972
汝羌,0.9586972
江海涛的江清漓,0.9586972
江边马子,0.9586972
沉着冷静咪,0.9586972
江韵宋瞳,0.9586972
池中子,0.9586972
汪淼队长,0.9586972
沁颉,0.9586972
沃部诗人,0.9586972
沈朝溪,0.9586972
法师必须死,0.9586972
法浅寒,0.9586972
Jioautumn_,0.9586972
流萤尺间,0.9586972
潜水羊羊,0.9586972
武林萌主14,0.9586972
流年衫,0.9586972
流心苏酥,0.9586972
流星宇之夜,0.9586972
氵比冫淡,0.9586972
浅梣chen_,0.9586972
活体鲤鱼王,0.9586972
浦田纯子,0.9586972
一拳哥哥,0.9586972
水默cp最无敌,0.9586972
水镜影,0.9586972
浩松陈,0.9586972
浮尘寄雪,0.9586972
活在梦里的橙汐,0.9586972
洞九幺九,0.9586972
泡物线,0.9586972
泽然Zn,0.9586972
波奇酱-Bocchi,0.9586972
波妞波弟,0.9586972
永世爱雷姆,0.9586972
泥煤的昵称,0.9586972
泪桥雨落下,0.9586972
泼出去的儿纸嫁出去的水,0.9586972
洋葱萝卜一生之敌,0.9586972
洛雪璃灬,0.9586972
洌風,0.9586972
洛剑卡子,0.9586972
一个洛杉矶老司机,0.9586972
洛泪溟,0.9586972
洛洛雨笙,0.9586972
洛阳之夕,0.9586972
歪比巴布不是歪比巴卜,0.9586972
----Ezreal----,0.9586972
武帝指点十万军,0.9586972
散装达闻西,0.9586972
改个昵称真的好烦啊,0.9586972
改名要花六个bi,0.9586972
改咕,0.9586972
改头换面天选之人,0.9586972
故-我,0.9586972
故李云卷云舒,0.9586972
故零十一,0.9586972
散华··礼弥,0.9586972
散步不需要伴侣,0.9586972
文文不玩了,0.9586972
撕辰,0.9586972
文箜,0.9586972
文西答文西,0.9586972
斑马亦未见,0.9586972
斑马鱼的星期六,0.9586972
断线_丶,0.9586972
斯教快扣他们分,0.9586972
番薯祖宗,0.9586972
斯神小七,0.9586972
新世界与你,0.9586972
擎苍挽弓,0.9586972
撒野O_o,0.9586972
武帝万岁,0.9586972
仗助老师,0.9586972
拔剑问心95,0.9586972
拔罐男模の甜美爱情,0.9586972
拥有惊世智慧的钟表头,0.9586972
拿皇与法兰西,0.9586972
挥手道别思君,0.9586972
捂猩上酱,0.9586972
换方位的岱泽,0.9586972
据说没有bug,0.9586972
接yrh超绝事业运,0.9586972
搖滾弦,0.9586972
摸鱼摸鱼-w-,0.9586972
搪瓷starry,0.9586972
摆烂之水,0.9586972
摇摇又滚滚,0.9586972
CarterstayTuned,0.9586972
摇铃衬,0.9586972
摔东西的小老鼠,0.9586972
库库乱造,0.9586972
摞纸盒,0.9586972
摸鱼D,0.9586972
亿个麻袋,0.9586972
新宇不太菜,0.9586972
新风秋月,0.9586972
易散,0.9586972
时光海里的重症患者,0.9586972
时已过境迁,0.9586972
时的中,0.9586972
时间冰雪a,0.9586972
旺旺奥利给,0.9586972
旺汪旺碎冰冰,0.9586972
昂joy,0.9586972
明日香未官宣男友,0.9586972
明明如楽,0.9586972
易铵盐,0.9586972
方案公布,0.9586972
昔年酱阿,0.9586972
星之役,0.9586972
星冬青,0.9586972
星如雨-_,0.9586972
星星月亮的搬运工,0.9586972
星月观云,0.9586972
星期八逃离地球,0.9586972
星柒幺幺哒,0.9586972
星核律者,0.9586972
时光旅行者-114514,0.9586972
时久觉,0.9586972
早点柿做,0.9586972
旧事重提y,0.9586972
旅途小呆,0.9586972
旋转妙脆角,0.9586972
无且无与无,0.9586972
无为的mr,0.9586972
漫无为,0.9586972
无事小神仙Flyflyyyy,0.9586972
无名祗,0.9586972
无处不在的morse,0.9586972
无敌真寂寞9900,0.9586972
无朋workdead,0.9586972
无根水呀,0.9586972
撑伞共此时,0.9586972
NH会长,0.9586972
无聊就睡觉333,0.9586972
海恩文森特戴尔,0.9586972
loveJY飘渺,0.9586972
无语的蛤蟆,0.9586972
日出可是不等人的kkk,0.9586972
日常_____,0.9586972
拓海-ovo,0.9586972
拒绝周董三次,0.9586972
拉-乌,0.9586972
我好q1,0.9586972
我一定会懒得更地,0.9586972
以诺克之风,0.9586972
我予满穗,0.9586972
我先占个id,0.9586972
我刚刚改了个名,0.9586972
我可能是一只土豆,0.9586972
我听着呢小基米,0.9586972
我喜欢煎蛋Juan,0.9586972
我在死海漂泊两千年,0.9586972
我已不在梦也成空,0.9586972
我是挽星a,0.9586972
我很简单23,0.9586972
我才起床_,0.9586972
我星廾,0.9586972
我是52饼干的狗,0.9586972
我是䨻,0.9586972
我是一颗B站用户,0.9586972
我是初小晨,0.9586972
我是咬央,0.9586972
千树怜w_w,0.9586972
我_要_放_假,0.9586972
成绩单又丢了,0.9586972
憨来书枉,0.9586972
Szaskaite,0.9586972
您巳急哭,0.9586972
您有事吗2018,0.9586972
您的云空间已满,0.9586972
悲伤忧郁马铃薯,0.9586972
悲伤的畸形香蕉,0.9586972
悲傷の魚,0.9586972
惜惜煜,0.9586972
Badwoman-空眠,0.9586972
想依,0.9586972
想到再来告诉你,0.9586972
想去北极的企鹅_,0.9586972
想吃烤肉TT,0.9586972
想念有雪的地方,0.9586972
想想可莉怎么炸鱼,0.9586972
想改名_,0.9586972
愁草瘞花銘,0.9586972
感谢地心引力,0.9586972
慕斯喲,0.9586972
慕溶雨淅,0.9586972
我是我觉得最好看的人,0.9586972
我是果冻啊怎么了,0.9586972
抵达了他忠实的B站,0.9586972
扑朔呀,0.9586972
房里有好康的Kon-,0.9586972
所谓烟雨之类,0.9586972
大梦想家小飞,0.9586972
手头西瓜,0.9586972
SSS青,0.9586972
手机野人,0.9586972
扌览辰,0.9586972
才不会偷吃芒果,0.9586972
才醒的,0.9586972
打L的都是魔鬼,0.9586972
我是無名小卒,0.9586972
打酱油的丁,0.9586972
扫你爸爸的头,0.9586972
扶老太太闯红灯----,0.9586972
把王杰希拐回家,0.9586972
把玫瑰叫成你的名字,0.9586972
夏日腥,0.9586972
护一只知更鸟,0.9586972
披萨小圆子,0.9586972
抱走枫妹,0.9586972
戚爱,0.9586972
战神之王帝皇,0.9586972
战神dream,0.9586972
战意电竞黑幻法爷,0.9586972
我是瘸子别踹我腿了,0.9586972
我是神人吗-,0.9586972
我是菜鸟-想寄就剂,0.9586972
我来看鬼畜的无聊,0.9586972
我没有名字-_,0.9586972
我的吹笛者,0.9586972
我的板QAQ,0.9586972
我的闲暇小憩,0.9586972
我约等于人,0.9586972
我练瑜伽自己吸,0.9586972
我要去只有萝莉的世界,0.9586972
我要巫妖王药丸,0.9586972
我要这么大脸有何用,0.9586972
我觉得杨桃,0.9586972
我负责膨胀你负责收缩,0.9586972
我鄂鄂,0.9586972
我问问撒手,0.9586972
一般通过利伯塔里安,0.9586972
战意电竞丶红中,0.9586972
星海plus,0.9586972
星赫逍遥,0.9586972
星野已死,0.9586972
树懒懒得出奇,0.9586972
柚子胡椒磨成粉,0.9586972
柠檬茶先森,0.9586972
查无此猪咪网友,0.9586972
柯博文马格斯,0.9586972
柯昶枫27,0.9586972
柳_梦璃,0.9586972
柳之之枝,0.9586972
柳如墨,0.9586972
柴七小高,0.9586972
树霖Zeyne,0.9586972
梅狸猫教头,0.9586972
栖栖www,0.9586972
栗悟饭和龟波功-tina,0.9586972
栗酱子喵,0.9586972
格格明天更美好,0.9586972
桂哥梦想笑了,0.9586972
桐酒てつあき,0.9586972
桑尼老师丶,0.9586972
桔子的各种日常,0.9586972
桔羽糖,0.9586972
柔情小涩狼,0.9586972
柒喜Q1,0.9586972
柑橘羅勒,0.9586972
某科学的DeathNote,0.9586972
极限上行,0.9586972
枕鸯丞,0.9586972
林子Kily,0.9586972
林尘歌深,0.9586972
林籽linz,0.9586972
林野有余粮,0.9586972
林雨萱-SNL,0.9586972
果goo,0.9586972
果粒澄ovo,0.9586972
果酱喵Mia,0.9586972
枝菌格格,0.9586972
word富勤,0.9586972
枣巳波,0.9586972
枫叶Zing,0.9586972
某M先生,0.9586972
某不知名散修S,0.9586972
某个小花,0.9586972
某人的门,0.9586972
某可爱的梦酱,0.9586972
桔酱白斩鸡,0.9586972
梓米葉,0.9586972
松本奈奈美,0.9586972
欠揍调音师,0.9586972
樱落风语,0.9586972
樹石桑,0.9586972
橘味龙猫王,0.9586972
橘子汽水欧尼,0.9586972
橘子猫不是猫,0.9586972
橘荷白菓,0.9586972
橙子OAG,0.9586972
橡皮战服,0.9586972
欠揍の仓鼠,0.9586972
欢言乐,0.9586972
梚绘洢夭夭,0.9586972
正一丶张之维,0.9586972
正义de蓝白,0.9586972
正义的怒吼,0.9586972
正仝口,0.9586972
正是江南好风景Q,0.9586972
正版白如苏,0.9586972
正经的冷淡,0.9586972
此地无休三百斤,0.9586972
步川羽衣,0.9586972
樱庭未晴,0.9586972
樂峖,0.9586972
榝噠,0.9586972
楽空,0.9586972
梦糖LoWH,0.9586972
梦见云逸,0.9586972
梦见紫棋出专辑,0.9586972
诸葛大捷豹,0.9586972
梦过程记录,0.9586972
梦里美好的理想,0.9586972
梦里美子,0.9586972
梨子正在输入,0.9586972
棂鉴漴,0.9586972
棍母棍父一家亲,0.9586972
棒金银,0.9586972
棠梨泫,0.9586972
森森系sen,0.9586972
森贵人,0.9586972
棱鲤,0.9586972
椰子糕314,0.9586972
楚国有瑜,0.9586972
楼上的你好,0.9586972
乌鱼蒸虾头_,0.9586972
极客湾Geekelwan,0.9586972
東門702,0.9586972
星降る夜の星野,0.9586972
晴空四叶草,0.9586972
晚枫Jay,0.9586972
晚点听网易云,0.9586972
晚雲暮,0.9586972
晨思夜_00,0.9586972
普通的魔王,0.9586972
普通的黄头发妹妹,0.9586972
晴乄箜,0.9586972
晴天Komorebi,0.9586972
晴天上午,0.9586972
暖小语,0.9586972
月月兔牌口香糖,0.9586972
暗风游行穗,0.9586972
暴走的EK,0.9586972
Singularity-24,0.9586972
乌啦啦吧啦,0.9586972
打车斯巴鲁,0.9586972
瓶瓶的CX330航行日记,0.9586972
曹静淇,0.9586972
最爱妮子兔,0.9586972
最美不过小白时,0.9586972
晓炙晨曦,0.9586972
晓晓巫巫,0.9586972
艺天Showz,0.9586972
晏子羽,0.9586972
春困丶夏乏,0.9586972
春江水暖鲤先知,0.9586972
春生夏长空心菜,0.9586972
春秋六霸王一公,0.9586972
昭の杂货铺,0.9586972
是只羊咪,0.9586972
是太极而不是太急,0.9586972
是小结丫,0.9586972
花镇骄,0.9586972
是日星TodayStar,0.9586972
是澪不是零啦,0.9586972
是红中啊,0.9586972
是雨落樱本人,0.9586972
昵称已被占用45823,0.9586972
昵称昵称昵称咪咪,0.9586972
昵称没有饭香,0.9586972
昼空之夜,0.9586972
昼雨_Dayrain,0.9586972
嘎巴菜米茶热干面,0.9586972
月岛arl逗号,0.9586972
十里春风十里送,0.9586972
来点猫毛吗,0.9586972
杂烩煎鱼,0.9586972
末始铃摇,0.9586972
末酱不是酱,0.9586972
本大爷不想取名字,0.9586972
本心影视,0.9586972
本昵称需要消耗硬币,0.9586972
朴基熊丶//////,0.9586972
机智的沙翎yu,0.9586972
机智詹詹,0.9586972
杀老师bulibuli,0.9586972
李不李猫啊,0.9586972
月雨小号,0.9586972
李光洙李先彬,0.9586972
李君渡,0.9586972
李大犬,0.9586972
李总同学-,0.9586972
子非涵菲子,0.9586972
李晴天win,0.9586972
李知恩哎呦好美,0.9586972
杜小慷_com,0.9586972
杞正海,0.9586972
未见青山的居士,0.9586972
未知银,0.9586972
未知实验体417号,0.9586972
未命名勇士,0.9586972
有上进心的一只山竹,0.9586972
有画要说的Lindy,0.9586972
有真心會掉眼淚丶,0.9586972
有股媚劲,0.9586972
有那么一丶意思,0.9586972
朔望月的回眸,0.9586972
望惜夕,0.9586972
朝南墨,0.9586972
朝哥家小朋友在线刷题,0.9586972
期刊9,0.9586972
木同言,0.9586972
木心木杮,0.9586972
木春青,0.9586972
木有名纸QAQ,0.9586972
木木夜丶,0.9586972
木王大子,0.9586972
木琴不是木头,0.9586972
木辛子16,0.9586972
未名DotNEF,0.9586972
十一躺好,0.9586972
祝水秋叶,0.9586972
小小冰块奶油,0.9586972
这一炮以示主权,0.9586972
辛弃疾_yyds,0.9586972
辛普_祯,0.9586972
辞旧先生-,0.9586972
辰CXN,0.9586972
辰子昂-BG4MAX,0.9586972
辰星SAMA桑,0.9586972
辰睡时刻ASMR,0.9586972
近余菌,0.9586972
还在抽传统香烟,0.9586972
还是打不出字,0.9586972
这个世界贼傲娇,0.9586972
走召走召走戉走戉,0.9586972
这个人很能活,0.9586972
这个杀手是只羊,0.9586972
这是一个好good的名字,0.9586972
这是何物哇,0.9586972
这沙U子呀,0.9586972
这白很云_云白,0.9586972
这里是麒麟啦,0.9586972
进击の技术宅,0.9586972
连吃五碗米饭,0.9586972
连山黛_Eleven,0.9586972
轻软的有关系,0.9586972
软糖好吃吗讨厌世界版,0.9586972
转角巷子里的猫,0.9586972
转接线1226,0.9586972
起个名字也太难啦,0.9586972
超大号的柠檬,0.9586972
超文艺技术宅,0.9586972
超无限Superstorm,0.9586972
超爱鸡丝凉面,0.9586972
超级人参哟,0.9586972
超级芒小果,0.9586972
超级馅饼大盗,0.9586972
超级鹅鹅花,0.9586972
超超超要努力吖,0.9586972
超高校级的茶理,0.9586972
越予歌,0.9586972
越供但共,0.9586972
跛浪,0.9586972
路任甲甲甲,0.9586972
路痴嘟嘟鱼,0.9586972
路西法ym,0.9586972
路飞双修的游戏佬,0.9586972
蹦齐恰卡,0.9586972
躺平-柠檬,0.9586972
躺平猫猫吖,0.9586972
述麓,0.9586972
迷之歌,0.9586972
迷人的骨折眉毛,0.9586972
郲LAI,0.9586972
酒茱萸醉酒,0.9586972
酥酥TAN,0.9586972
M3rcuryzz,0.9586972
酷吗酱,0.9586972
醉仙乄肝爆,0.9586972
醉里挑灯做梦,0.9586972
釅Y,0.9586972
采菊不成采了个滚木,0.9586972
重拾_星光,0.9586972
孤独丶吃喝玩乐,0.9586972
野靍,0.9586972
bl_box,0.9586972
一只谷人-Guren,0.9586972
夜鹿的不解之谜,0.9586972
金越茬冶,0.9586972
金開閉羅巧夢,0.9586972
金鱼rrr,0.9586972
銀河鉄道の企鹅,0.9586972
銄钖呀,0.9586972
鎏謃獄,0.9586972
钇钠呀,0.9586972
酒場レーダー,0.9586972
郭郭1012,0.9586972
迷茫的寻路者,0.9586972
飘子和阿飘不认识,0.9586972
追忆黄昏,0.9586972
追梦少年张三,0.9586972
逆光丶追影,0.9586972
逆风的散羽,0.9586972
逍遥一朵小毒花,0.9586972
逍遥风ShiaoYao,0.9586972
進撃のJAVA,0.9586972
逸云隐鹤,0.9586972
遇事不决_君子不救,0.9586972
邀祈百千年之约,0.9586972
那就这样吧人类,0.9586972
就叫小蛐蛐,0.9586972
那是我的铜锣烧,0.9586972
那边那个星星酱,0.9586972
木对啃,0.9586972
邵九璃,0.9586972
郁郁林中树丶,0.9586972
郁闷的豌豆,0.9586972
郑小桁想升6级号,0.9586972
郑茶色,0.9586972
郭zt,0.9586972
赵小泉儿,0.9586972
赛鸽不是电动车,0.9586972
钟二病ng,0.9586972
蜥蜴是内个,0.9586972
虔洄,0.9586972
虚界锚,0.9586972
虚空番茄,0.9586972
虫枼丶,0.9586972
蚂蚁遛个弯,0.9586972
蚌埠代言人,0.9586972
蛙野仙人,0.9586972
蛤蟆先生抑郁了,0.9586972
蜜栗团,0.9586972
蜜梨啵,0.9586972
螃螃是杯不呐呐,0.9586972
赛博报丧人,0.9586972
螺瓷姑,0.9586972
行破,0.9586972
衰气的船只,0.9586972
搞机推荐官,0.9586972
被坑弟弄出悲催情怀,0.9586972
被空气绊倒,0.9586972
装修小思妹,0.9586972
栀无限,0.9586972
褡包Q,0.9586972
西伯利亚哒仓鼠,0.9586972
不见星空不回家,0.9586972
藕丙不是Orange,0.9586972
藍海獭,0.9586972
薯片味的彩虹,0.9586972
蓝阳仔,0.9586972
蓝颜_知已,0.9586972
ZEX泽曦,0.9586972
蓝鹰小旋,0.9586972
蓦然如风,0.9586972
蓬松女士,0.9586972
蔚过留痕,0.9586972
蔻德n,0.9586972
蕴漾,0.9586972
蕾姆-22,0.9586972
薄荷薄荷要开花,0.9586972
薇儿Tracy,0.9586972
深渊教教主,0.9586972
薇薇安-薇薇安,0.9586972
薛佑蛋,0.9586972
mendr,0.9586972
薛定谔与阿猫阿狗,0.9586972
御前带指甲刀侍卫,0.9586972
薛定谔的萱,0.9586972
薜饵小狐狸,0.9586972
薯条工作站,0.9586972
西条七海遠花火,0.9586972
西瓜奶酪棒冰,0.9586972
西瓜瓜g丶,0.9586972
说好的幸福哈,0.9586972
请原地结婚__,0.9586972
请叫我蓝神-,0.9586972
请点击输入文字和文本,0.9586972
请督促我变成学习大咖,0.9586972
诺诺想吃掉,0.9586972
读着倒要字名123,0.9586972
月光尼龙,0.9586972
谁枫,0.9586972
谷祇,0.9586972
豆本豆豆糕_,0.9586972
卡卡贞,0.9586972
豆豆栀子,0.9586972
贝拉的晃悠悠,0.9586972
账号2389168,0.9586972
贰仇,0.9586972
贰次类人元,0.9586972
贰陆难取名,0.9586972
贺虞yuu,0.9586972
贾斯汀jjj,0.9586972
赎罪漫馆,0.9586972
赛克斯比克_Saxbik,0.9586972
说来说去是童话,0.9586972
下北沢の大天使ちゃん,0.9586972
西红奇柿,0.9586972
诗酒XD,0.9586972
西西huuu,0.9586972
清朝第一机枪手,0.9586972
西郭浩然,0.9586972
要十字的名字才能过吗,0.9586972
要搬砖吗一元一块,0.9586972
覃诗00,0.9586972
觉觉觉觉觉晓,0.9586972
觉醒之石,0.9586972
角逗斯,0.9586972
解压主理人,0.9586972
言浔还在,0.9586972
言灵枫滞,0.9586972
記憶丶永葆童心,0.9586972
訫梦ing,0.9586972
誰よりきっと,0.9586972
计算叽,0.9586972
让人喜的小熊,0.9586972
让我猜猜康,0.9586972
记住这棵树,0.9586972
记得多喝水___,0.9586972
记忆的碎片96,0.9586972
钛白涂,0.9586972
钢纲寄灵电影L_鋒-27,0.9586972
蓝色林木,0.9586972
马小战,0.9586972
MommmXY,0.9586972
飞船脏脏,0.9586972
飞花泪痕,0.9586972
飯糰貓咯,0.9586972
饕餮小龙虾,0.9586972
饭大团团团,0.9586972
饭平安,0.9586972
饿啦就吃肉,0.9586972
香辣-牛油果_,0.9586972
马子孤单单,0.9586972
马罕默德,0.9586972
青梦古灵,0.9586972
马达怪侠,0.9586972
马首富B站拉票员,0.9586972
驰名的帅章鱼,0.9586972
骑士打,0.9586972
骰子大乱斗,0.9586972
歪儿一,0.9586972
高贵的土嗨,0.9586972
高风险玩家,0.9586972
魅族科技官方旗舰店,0.9586972
魔术师的自画像,0.9586972
飞舞鲤鱼王,0.9586972
飘在太空中的风信子,0.9586972
风韵犹存的三婚宝妈,0.9586972
风起亦见我,0.9586972
青空の小雲,0.9586972
一颗星的夜゛,0.9586972
青絮咩咩,0.9586972
青葉蘋果,0.9586972
青鲤戏石,0.9586972
青龙岁暮,0.9586972
静静、的雪,0.9586972
面条爱喝AD钙,0.9586972
韦泠峰,0.9586972
音乐剧小白,0.9586972
顶级独角兽,0.9586972
顶级老婆厨,0.9586972
预制壬,0.9586972
颜控的王道,0.9586972
颜星糖,0.9586972
颠疯召唤石,0.9586972
风吹海空,0.9586972
魚鱼渔虞榆,0.9586972
风好大的雨QAQ,0.9586972
风托起一片树叶,0.9586972
风正天,0.9586972
织羽姬,0.9586972
魔法Gigi,0.9586972
魔物小囧,0.9586972
麻烦让我去study,0.9586972
麻酱鸡架,0.9586972
麻麻木马嘛,0.9586972
黎明后的白昼,0.9586972
黑塔塔别刮啦,0.9586972
黑岩JIN,0.9586972
黑川茜就是我的爱,0.9586972
黑白支配者,0.9586972
黑白猫诶,0.9586972
黑篙,0.9586972
黑绘澪,0.9586972
黑芝麻蛋黄酱,0.9586972
黑虎18,0.9586972
黑蛋炒饭,0.9586972
黑鳶,0.9586972
鼠linta鸽鸽,0.9586972
鼹鼠会挖洞,0.9586972
鼻梁勇者,0.9586972
龍檀L,0.9586972
龍鬿鬼,0.9586972
龘齾亹齉邉鬮麤櫜,0.9586972
龙抬钰鼍,0.9586972
麻蛋起个名字还要试半天,0.9586972
麦小鼠日记,0.9586972
鱼学长啊,0.9586972
麦克的贴身高手,0.9586972
鱼尾鳍轻微晕,0.9586972
鱼森-,0.9586972
鱼渔魚鱼渔魚,0.9586972
浅忆空野,0.9586972
鱼糜Yomi,0.9586972
鱼鱼凌凌子,0.9586972
鲍灵均,0.9586972
鲨鲨鲨什么,0.9586972
鲸也会搁浅,0.9586972
鲸惊景静经,0.9586972
鳄鱼会出现,0.9586972
鳐-Yao,0.9586972
鳙鳙鱼_,0.9586972
鸭梨柿多的,0.9586972
鸽神死体,0.9586972
鹅鹅鹅T0T,0.9586972
鹤04,0.9586972
鹤媆,0.9586972
鹰头猫lll,0.9586972
鹿克夏大结巴,0.9586972
鹿柯爱米fltq,0.9586972
青橙-C,0.9586972
青岚之后-,0.9586972
钱树小画家,0.9586972
阿堃堃堃堃堃,0.9586972
闲逛的卤蛋,0.9586972
闻人雾尘,0.9586972
阐述N的梦,0.9586972
防控眼镜,0.9586972
阳陈林,0.9586972
阿勒个基米德,0.9586972
阿南6997,0.9586972
阿吧啦吧波叭,0.9586972
阿呆是我的,0.9586972
阿址今天唱歌了吗,0.9586972
阿拉斯加牛蛆,0.9586972
虾子笼子,0.9586972
阿政114514,0.9586972
阿斑TTT,0.9586972
阿柳不六,0.9586972
阿浑_Moon,0.9586972
路过の沢田纲吉,0.9586972
阿火丁,0.9586972
阿烟炒鸡帅,0.9586972
阿狄亚塔尔蔬果商,0.9586972
阿琪_-_,0.9586972
彬彬有礼的宾宾,0.9586972
问问号号号号号,0.9586972
问酉,0.9586972
羽次郎奥特曼,0.9586972
问思_,0.9586972
铁达尼号的时候,0.9586972
铁锅逇大迗,0.9586972
铃可Link,0.9586972
铭仔来也,0.9586972
银河霓虹,0.9586972
锁弱点是gay,0.9586972
忽晚yc,0.9586972
锄禾2399,0.9586972
AdY一天,0.9586972
键盘侠是砖家吗,0.9586972
镹歧,0.9586972
长日浮世,0.9586972
长木椅下有只猫,0.9586972
azhehe_米泽,0.9586972
长河清-辽海阔,0.9586972
跬志,0.9586972
长满青苔的木头,0.9586972
长白山楂花,0.9586972
长飞不度,0.9586972
门夹过的核桃吃了脑子还好吗,0.9586972
闪光彰人姐,0.9586972
阿瓦隆啃麻瓜,0.9586972
阿秋不想打喷嚏,0.9586972
阿莱说哈皮是英语天才,0.9586972
雪中寒客falling,0.9586972
雪染红装,0.9586972
风沙温存,0.9586972
雪花cbb,0.9586972
雪花冰寒,0.9586972
雪野风铃奈,0.9586972
雪霁梦疏香,0.9586972
雪颜梦妖狐,0.9586972
深渊星晨happy,0.9586972
零上低温_,0.9586972
零戚幺,0.9586972
雷伊纳Riena,0.9586972
球球的大可爱,0.9586972
雷伊队长,0.9586972
雷欧力欧力,0.9586972
雾切苗木,0.9586972
雾晚柒,0.9586972
需同步学同步,0.9586972
霖渊4926,0.9586972
青一呢,0.9586972
青与知更鸟,0.9586972
青丝暮snow,0.9586972
雪天的绿森林,0.9586972
雪上奏,0.9586972
阿蝎罗,0.9586972
雪ノ下yukino1,0.9586972
阿酋RC,0.9586972
阿酶米娅,0.9586972
陈小二-_-6,0.9586972
陌星沉潇,0.9586972
陌生小狗,0.9586972
限量版惠面,0.9586972
院长啪啪,0.9586972
除妖师珊瑚,0.9586972
陽树咩,0.9586972
随缘梦羽,0.9586972
随风入墨,0.9586972
隐绅状态,0.9586972
隐身窃零食,0.9586972
雨天好读书,0.9586972
雨滴iii,0.9586972
雨笙ivi,0.9586972
雨色蔓延,0.9586972
雨萤moonlight,0.9586972
雨落ノ,0.9586972
雨落长安夜l,0.9586972
雨辰QAQ,0.9586972
蓝莓山药要尿尿,0.9586972
蓝色婷妮,0.9586972
层层awa,0.9586972
白嫖怪2025,0.9586972
番茄CrystalVibes,0.9586972
疏影流金,0.9586972
疯子1040,0.9586972
疯狂的阿孜猫,0.9586972
針不綽,0.9586972
瘦月疲夜,0.9586972
癫猫Crazy_Cat,0.9586972
白予诗-,0.9586972
白云飘的好敷衍,0.9586972
白哔哩,0.9586972
白开水号河,0.9586972
玗藴,0.9586972
白弓米弓粥粥,0.9586972
白泽冰bling,0.9586972
白琳bailin白,0.9586972
白白大闹小卖部,0.9586972
白白白白盖,0.9586972
白白蒙,0.9586972
白百心百灵,0.9586972
白米东,0.9586972
白羊YHCC,0.9586972
白色天空之下,0.9586972
略略略哎呀好气啊,0.9586972
略略略-547,0.9586972
画心还,0.9586972
申承焱,0.9586972
珊珊chily,0.9586972
珍珠翡翠白钰粥,0.9586972
理想是成为上帝,0.9586972
喵彑菌,0.9586972
琉璃若梦丶,0.9586972
琥珀炸鸡啊,0.9586972
琳奥森,0.9586972
琴心灬霓裳舞,0.9586972
瑪奇瑪灬,0.9586972
璃奈板板rin,0.9586972
一位注定成王的骑士,0.9586972
璎泠,0.9586972
瓏一,0.9586972
瓦尔登湖水怪,0.9586972
瓷砖电视,0.9586972
海镜尧,0.9586972
甜君大人,0.9586972
甜梦风breeze,0.9586972
生冰的冰人,0.9586972
田所浩-1919810,0.9586972
由纪Yukisnow,0.9586972
白芷江淮竹,0.9586972
白蒲水烧,0.9586972
白虎山居士,0.9586972
知秋繁星,0.9586972
石头见到-布,0.9586972
碰壁碎冰当啷响,0.9586972
碳二氢六氧,0.9586972
碳化硅猫silicon,0.9586972
礼声闻未艾,0.9586972
社恐人永不言败,0.9586972
社椒牛柳,0.9586972
祁䌾,0.9586972
祈司喵,0.9586972
祈愿_KL_,0.9586972
祈鸢Iris,0.9586972
祖安再逃看门老太太,0.9586972
神仙马老六,0.9586972
神圣小黑猫,0.9586972
看到学习请叫学习去我,0.9586972
神奇小猪搞笑集,0.9586972
神奇的小H,0.9586972
神棍喵大师,0.9586972
神様かみぃさま,0.9586972
神秘的旅行者O_o,0.9586972
神秘眼镜猫头鹰,0.9586972
短尾鹊,0.9586972
知名TACOS鉴赏家,0.9586972
白衣渡江丿,0.9586972
瞎学的疏忽,0.9586972
百变的男桑,0.9586972
皆有各自的月亮,0.9586972
皮皮的油豆泡,0.9586972
盐水发生,0.9586972
盟钴上单,0.9586972
直升机器,0.9586972
相信光y,0.9586972
平凡friend,0.9586972
相嬗于无尽,0.9586972
相隔距离是次元,0.9586972
看到我名字的欧气满满,0.9586972
看起来有猫病,0.9586972
真主three,0.9586972
真理与酱油号,0.9586972
眠雾_乐,0.9586972
眷霜天,0.9586972
眼睛不太舒服,0.9586972
睎光,0.9586972
睡不醒的奶糕,0.9586972
督导提醒,0.9586972
瞎元,0.9586972
玩偶Hongkong_Doll,0.9586972
王末--末终,0.9586972
神级HC,0.9586972
燮蹀攀援,0.9586972
焠弦,0.9586972
焦小梅琳娜,0.9586972
焦脆鲨,0.9586972
焱垚焱垚3456,0.9586972
照见未来,0.9586972
煮马鱼_别念ID求求,0.9586972
熊大shine,0.9586972
燃近,0.9586972
偏执藤壶,0.9586972
燕归环,0.9586972
爆抽劳王,0.9586972
王木木_IHIL,0.9586972
万能の奇奇,0.9586972
爆炸小刺根,0.9586972
爱兰德尔红豆泥,0.9586972
爱兴奋的米老鼠,0.9586972
爱冰哦,0.9586972
神刀现,0.9586972
爱吃松松面包的松松子,0.9586972
爱吃柠檬嘞,0.9586972
爱吃老王的鼻涕,0.9586972
爱吃莫迪的饼干,0.9586972
焚心千劫,0.9586972
焖鸡兄,0.9586972
热风真香,0.9586972
烨汁冻,0.9586972
摸不着的叶子,0.9586972
林沛行,0.9586972
潮汐监狱的王,0.9586972
磊菌4T,0.9586972
潮自信,0.9586972
澄清的生石灰,0.9586972
澪雅QAQ,0.9586972
火乐菌,0.9586972
火次1,0.9586972
火锅年年不要钱,0.9586972
灰浅冈,0.9586972
灰色森灵,0.9586972
灵活的月半子77,0.9586972
灵辄辄,0.9586972
炎宇t,0.9586972
炜呀,0.9586972
炸天箫炎,0.9586972
点点の时光,0.9586972
点赞的事情怎么算白,0.9586972
烈阳男子重度依赖,0.9586972
烊烊深度睡眠中,0.9586972
爱喝柚子茶喵,0.9586972
爱喝胰岛素,0.9586972
爱好是洗澡,0.9586972
狗头砖家,0.9586972
狗狗的辅助手枪,0.9586972
狗都不当研究牲,0.9586972
狭狗,0.9586972
无敌的海蛇,0.9586972
狮心人A,0.9586972
狮王冰冰,0.9586972
狸猫_M_,0.9586972
发霉的记录,0.9586972
狼的追随者,0.9586972
狼蛛键盘垃圾做工,0.9586972
猛Do,0.9586972
猪偶偶偶,0.9586972
钢牙杨,0.9586972
猫团在画本,0.9586972
猫妖拦路打劫交出欧气,0.9586972
猫猫gy,0.9586972
猫猫叹气__,0.9586972
猫猫爱薯片,0.9586972
猫脑袋鹰,0.9586972
猫跑得比你快,0.9586972
王徵羽iiwi_,0.9586972
狗子小恶是也,0.9586972
狗与弟的日常,0.9586972
爱学习的老贝贝,0.9586972
狂飙1号639,0.9586972
爱思考的音乐任,0.9586972
爱慕砂紫,0.9586972
爱打玻璃胶,0.9586972
爱斯基摩土著人,0.9586972
爱普泰克网易拍DV8600,0.9586972
爱玩gal的ID,0.9586972
爱笑的chen同学,0.9586972
爱笑的尸体,0.9586972
爱笑的枫,0.9586972
爱路的洗切兵,0.9586972
爷永远喜欢JK触发器,0.9586972
牛汤的幻想,0.9586972
牛牛娃呀,0.9586972
牛魔王元元,0.9586972
牢吴鸭,0.9586972
牢大牢二肘法信仰玩家,0.9586972
牧牡大魔王,0.9586972
撰,0.9586972
周一好困困困,0.9586972
犯困的爱德华,0.9586972
狂岚不息,0.9586972
神秘醉步男,0.9586972
神里只因,0.9586972
蓝桉是一中的蓝,0.9586972
艾育黎拔力八达,0.9586972
致敬清掘宗,0.9586972
與貳煕,0.9586972
舍車shegy,0.9586972
航zyh_,0.9586972
艸花椒的喵酱,0.9586972
艾伦只爱自由,0.9586972
艾尔西荅,0.9586972
艾拉凫鱼,0.9586972
艾斯家的喵喵,0.9586972
艾瑞婵娅,0.9586972
芋泥bobo奶茶10086,0.9586972
美绫子,0.9586972
芋粥唱晚,0.9586972
芒果mg果,0.9586972
莫克雷德,0.9586972
芙宁娜の佩佩,0.9586972
芝麻烩TOAST,0.9586972
竹染580,0.9586972
花化四月,0.9586972
花椒味儿相柳,0.9586972
花生3号,0.9586972
花生酱喂,0.9586972
至夏Aurora,0.9586972
54131254,0.9586972
至仁至善至高至强-,0.9586972
自由海风mushroom,0.9586972
翎青盼水,0.9586972
秋水伊人186,0.9586972
老A阿,0.9586972
老六之皇,0.9586972
老弥hyhx,0.9586972
海沐燕,0.9586972
老酸檬,0.9586972
耿直的鱼丸,0.9586972
联合利华中国,0.9586972
聪明の焕式,0.9586972
肉揪揪肉肉,0.9586972
肥脸兔子,0.9586972
背景人路人丁,0.9586972
胖乎乎的金毛,0.9586972
胖虎起飞,0.9586972
胡义库保,0.9586972
胡尔魔辉,0.9586972
脑干失想史,0.9586972
脑洞之巅,0.9586972
脸皮真疼,0.9586972
臣妾百口莫辩_,0.9586972
花糖有多甜,0.9586972
花草橘子,0.9586972
苏既白-,0.9586972
菊然是令耶,0.9586972
菠萝不吃密,0.9586972
華里河,0.9586972
萌山海,0.9586972
萌渣炸,0.9586972
萌特娇圈,0.9586972
萌球之星,0.9586972
萝卜酥哦,0.9586972
萨沙不会死,0.9586972
幻小翼,0.9586972
落喀lokka,0.9586972
落日入东海,0.9586972
落花如簇,0.9586972
落菓菓,0.9586972
董小姐是暖妹,0.9586972
董角田2778,0.9586972
葵奎是你一爹,0.9586972
蒋在野,0.9586972
蓄谋已久啊,0.9586972
蓝小兰丶,0.9586972
蓝星诗,0.9586972
Larutan-,0.9586972
菜鸟就是小菜鸟,0.9586972
莲花楼下留兰花,0.9586972
苏润就叫苏润,0.9586972
莲业XZ,0.9586972
苑来卉这样,0.9586972
若樱roling,0.9586972
若逗道人,0.9586972
苯SY-冖冖子,0.9586972
苹果派321,0.9586972
范德彪秀念,0.9586972
茉茗YT,0.9586972
茉莉momo627,0.9586972
茜が散り残るを,0.9586972
茨威格死于昨日世界-,0.9586972
茶几上的杯具与餐具,0.9586972
茶餐厅在逃夜宵,0.9586972
草莓秋千-,0.9586972
荒野乱斗赵小R,0.9586972
隐形的伙计,0.9586972
药泥在这烧包,0.9586972
莆田神雕大侠,0.9586972
莎士比亚迪迦,0.9586972
莓果炒鸡大饼,0.9586972
莱茵钢化膜,0.9586972
莱韫_spring,0.9586972
8012大当家,0.9586972
美男子派大星,0.9586972
bili_41564694824,0.9586972
笑也算时间哦,0.9586972
窗外一,0.9586972
窗外珠箔窗里月悬,0.9586972
窝在哪里啊,0.9586972
窝才是老大,0.9586972
白日幻想家甜长,0.9586972
窝西答辩罐头,0.9586972
立青家里没矿,0.9586972
竹林一风,0.9586972
竹筠丶,0.9586972
竹马lio,0.9586972
笔电冷却攻城狮,0.9586972
美猴王王女士,0.9586972
笙樂家,0.9586972
等待鸡年,0.9586972
筛芒,0.9586972
筠濨,0.9586972
简帙,0.9586972
箱穗,0.9586972
米凹米奥,0.9586972
米奇妙妙屋159,0.9586972
米寳寳,0.9586972
米糖ovo,0.9586972
空青法木,0.9586972
空空淡淡,0.9586972
嬴阕,0.9586972
空灵-Ethereal,0.9586972
福禄桐生,0.9586972
禹昼初欣95,0.9586972
禹逍遥,0.9586972
秉烛夜游Ⅱ,0.9586972
秋日の祭,0.9586972
秋氤夏氲,0.9586972
秋沐楠,0.9586972
秋澜秋岚,0.9586972
科幻君,0.9586972
Xetag,0.9586972
暗码编号24,0.9586972
秦岭亚非不是梦天玲雅,0.9586972
秦川一叶舟,0.9586972
秩序之光合作用,0.9586972
称之奇迹,0.9586972
移舟七星,0.9586972
種花兔,0.9586972
稳得一zz,0.9586972
穆小泠0fficia1,0.9586972
空想大梦,0.9586972
空洞惑星,0.9586972
潇逸z_,0.9586972
米缸边缘的思考者,0.9586972
粉红大蝠鲼,0.9586972
纯粹牙牙,0.9586972
纷沓江道,0.9586972
纸羊papersheep,0.9586972
纸飞机papl,0.9586972
funchy-y,0.9586972
终不似少年游xx,0.9586972
终究宿命一塲,0.9586972
绘一帧江山画,0.9586972
绘梦星游,0.9586972
给你变成小傻子,0.9586972
老板来碗卤蛋,0.9586972
绝顶豆腐块,0.9586972
绮梦纸缘霭,0.9586972
绯兀兀兀,0.9586972
绳索的主人,0.9586972
绿瓜三明治Command,0.9586972
绿眼珠子HuaHua,0.9586972
缄言3636,0.9586972
缥缈孤鸿_,0.9586972
罗二狗_,0.9586972
罗卜林卡,0.9586972
羊羊家的观影树屋,0.9586972
纳格夏洛克福尔摩斯,0.9586972
纯爱牛头人MAX,0.9586972
粉色LJJ,0.9586972
纯情小狗我的爱,0.9586972
糖什亓,0.9586972
糖糖和墩墩,0.9586972
系wawa,0.9586972
XAINGg,0.9586972
系统审核通知,0.9586972
我是广东人,0.9586972
紀ー,0.9586972
T-D-Lemon丶1900,0.9586972
紅い瞳に,0.9586972
紙神かみ,0.9586972
素素0513,0.9586972
索夜雨烦,0.9586972
紫夜鎏金,0.9586972
紫禁电慢CestmoiJzANG,0.9586972
紫筱Sa,0.9586972
紫色系大风车,0.9586972
紫轩雪蝶,0.9586972
繁星有名,0.9586972
红神冰可乐,0.9586972
Dr-Loom,0.9586972
纪纪纪纪纪华,0.9586972
悠妍晓琳,0.9586972
罐装史莱姆,0.9586972
悄悄亲清清,0.9586972
jjjkakajj,0.9586972
ifuuuaa,0.9586972
一个人的晚餐ya,0.9586972
imnotlavender,0.9586972
ioiuuuuuuui,0.9586972
itisafool,0.9586972
itsdoit,0.9586972
i繁茂i,0.9586972
j-x未知,0.9586972
jelly_powder,0.9586972
kami会来拯救吗,0.9586972
hmygxhy,0.9586972
kara_谐反,0.9586972
karo_427_han,0.9586972
katrinalyl,0.9586972
kelthuzad0918,0.9586972
kk登哥,0.9586972
komorebi_soleil,0.9586972
kuronarns,0.9586972
langdilaile,0.9586972
lanhuasky,0.9586972
huhu霖,0.9586972
hitdta,0.9586972
lc_LsatCross,0.9586972
giovinetta,0.9586972
fbhsy,0.9586972
fenibook,0.9586972
ffffffff飞飞,0.9586972
fff嬴政,0.9586972
fork_ex,0.9586972
frbaj,0.9586972
fu_猫,0.9586972
fucguc,0.9586972
gilili酱,0.9586972
godzilla沈,0.9586972
hiioohmudc,0.9586972
golden-flower,0.9586972
时七识,0.9586972
gooodbuy,0.9586972
hanpy,0.9586972
happy_woody_,0.9586972
happy第一视角,0.9586972
hawei_m,0.9586972
henenxiej,0.9586972
herobrine-----,0.9586972
lavi酱,0.9586972
lilyccyy啊,0.9586972
ttcup,0.9586972
ryyyywx,0.9586972
powerLm,0.9586972
pypypyyy,0.9586972
qwJKJK,0.9586972
qzx12345678,0.9586972
rarebirder,0.9586972
realomg,0.9586972
remix调味师,0.9586972
rooooot_,0.9586972
rtftftrs,0.9586972
s_hihai,0.9586972
pm吖,0.9586972
sanjin三禁,0.9586972
shdmudbs,0.9586972
shsndjj,0.9586972
silent1266,0.9586972
sinplelove,0.9586972
skybackknife,0.9586972
stayHum_,0.9586972
suifengv,0.9586972
thekingxie,0.9586972
pose_V,0.9586972
pigpigpigping,0.9586972
little-universe,0.9586972
mockingxy,0.9586972
littleduckskin,0.9586972
lllyyymob,0.9586972
lucklyDog-,0.9586972
lzm骗我感情,0.9586972
maxkaoa,0.9586972
mcapple1234,0.9586972
miingxi,0.9586972
miku-Origin,0.9586972
mileiniya7,0.9586972
narniaworld,0.9586972
peng鹏于晏,0.9586972
nightlightNL,0.9586972
nike-tao,0.9586972
nomad8699524,0.9586972
nxhydm,0.9586972
oO叶尘Oo,0.9586972
oceanblue_123,0.9586972
opennew58,0.9586972
padoraxx,0.9586972
祁醉一果,0.9586972
every_chae,0.9586972
emoattachment,0.9586972
edward_1226,0.9586972
august殇,0.9586972
_是阿龙呀,0.9586972
阿桐木只是位设计师,0.9586972
_晚枫qvq,0.9586972
_津岛__,0.9586972
_白白可乐,0.9586972
_蝰_,0.9586972
_陆小果大侠_,0.9586972
_鸮雀moss,0.9586972
all阿哩哩,0.9586972
awa张某人,0.9586972
_快乐贩卖机,0.9586972
a不会抽象b,0.9586972
baby可爱不可爱,0.9586972
badoggo,0.9586972
bahsuf,0.9586972
麻根锅锅,0.9586972
beihukasi,0.9586972
be美学信仰,0.9586972
biIi_l05I9722,0.9586972
biaoxm,0.9586972
_我叫蛋糕,0.9586972
_小圆圈圈_,0.9586972
一块面包君0,0.9586972
Zx1on9,0.9586972
Zankan0206,0.9586972
Zara_Line,0.9586972
Zcs3985,0.9586972
Zeadee,0.9586972
Zeroes已经懒癌晚期啦,0.9586972
Zevin7,0.9586972
Zion1998,0.9586972
Zmorllt,0.9586972
Zoneme,0.9586972
Zzzzero鱼,0.9586972
_坠落东京塔,0.9586972
Z丨-_-丨Z,0.9586972
Z小酸奶,0.9586972
_7Ep,0.9586972
_Agreas_,0.9586972
_B27947,0.9586972
_FlowWind,0.9586972
栗子橙Liz,0.9586972
__虹__,0.9586972
_到底哪个昵称不存在,0.9586972
bigbaby-防弹版,0.9586972
bili_12779866234,0.9586972
bili_14952655579,0.9586972
caro回到未来,0.9586972
bili_9434570308,0.9586972
bili_大大滴,0.9586972
bili_概念还是实体,0.9586972
bili奈何,0.9586972
boyLYX,0.9586972
boyyor,0.9586972
butforld,0.9586972
b站神怭用户,0.9586972
c-ouo-c,0.9586972
cdwei0,0.9586972
bili_16659505537,0.9586972
cheems爱吃烤破退透,0.9586972
cidheb,0.9586972
coolumm,0.9586972
dawon-,0.9586972
deFdeUdeCdeK,0.9586972
dhc316,0.9586972
dontsendthissong,0.9586972
dt--wssf,0.9586972
dusk与感觉,0.9586972
bili_89254476675,0.9586972
bili_84654198669,0.9586972
bili_83862802450,0.9586972
bili_7986423,0.9586972
bili_173371688,0.9586972
bili_21157517364,0.9586972
bili_2151558904,0.9586972
bili_25146983607,0.9586972
bili_26881693082,0.9586972
bili_28105539942,0.9586972
bili_29275612544,0.9586972
bili_29821165410,0.9586972
bili_30562134552,0.9586972
bili_3493292140398927,0.9586972
bili_3494374220499549,0.9586972
bili_3706954589407718,0.9586972
bili_40131424806,0.9586972
bili_51260440254,0.9586972
bili_582874,0.9586972
bili_59340006201,0.9586972
bili_68557741757,0.9586972
bili_74059867530,0.9586972
阿斯图罗,0.9586972
tina12308,0.9586972
tuple丶,0.9586972
ZETA熊猫,0.9586972
不买立减百分百,0.9586972
三石在剪辑,0.9586972
上官带糖,0.9586972
上官星婉,0.9586972
YIandUY,0.9586972
上扬_,0.9586972
下一节什么课来着,0.9586972
下渣皮,0.9586972
不Fuc分子,0.9586972
不上TUB不改名,0.9586972
不会背道法选手,0.9586972
三水oooooo,0.9586972
不做好好先生,0.9586972
不偷月_,0.9586972
不吃萝卜的CRH380B,0.9586972
不喜欢肉肉肉,0.9586972
不喝百事啊呀呀,0.9586972
斧王马大三,0.9586972
不大的微风,0.9586972
不好喝的粥,0.9586972
不好意思在下豹子头零冲,0.9586972
三水一一o,0.9586972
三十五号机器人,0.9586972
不懈努力7274,0.9586972
一紧张就会打哈欠,0.9586972
一年学会小星星,0.9586972
一幽风之飞,0.9586972
戴蓝帽子的可乐,0.9586972
一枝鸟鸟鸟,0.9586972
一氧化二氢LBX,0.9586972
一片馒头-,0.9586972
一片黄金羽,0.9586972
一瓶蓝莓汁,0.9586972
尬白叉魚,0.9586972
一纸哟,0.9586972
万花瞳孔,0.9586972
一罐麻薯精,0.9586972
一袋坂蓝根,0.9586972
一道阿柴,0.9586972
一飞不是二飞,0.9586972
一龍一蛇,0.9586972
七刹天,0.9586972
七岁_Seven,0.9586972
七彩虹黛西,0.9586972
七界洲,0.9586972
不想改名字了awa,0.9586972
bili_3546627830712399,0.9586972
uni_田不田田不辣,0.9586972
bili_84977963349,0.9586972
东野居士,0.9586972
丝瓜秋,0.9586972
两边水,0.9586972
丨Demiz丨,0.9586972
丨隐秘灬角落丶,0.9586972
中初男同学,0.9586972
中文房间里的哲学僵尸,0.9586972
中秋和五月,0.9586972
中级电脑,0.9586972
临在时空13141916,0.9586972
东曦哦,0.9586972
丶丶丶丶丶丶哟,0.9586972
丶卜一丶,0.9586972
丶静影,0.9586972
丸澄-,0.9586972
主动一点吧,0.9586972
丿渔舟,0.9586972
丿灬紫枫丶,0.9586972
义恒2,0.9586972
之之的花,0.9586972
东曦既驾_听聆月华,0.9586972
东山在启,0.9586972
不抽象的蔡,0.9586972
不要再玩B站了,0.9586972
不撸站神,0.9586972
某爱玩矢量的一方大爷,0.9586972
不爱玩百战水,0.9586972
不爱背书的Sireal_,0.9586972
不甚燎了,0.9586972
不知名的up猪丶,0.9586972
不羡仙10101,0.9586972
新疆老虎不卖,0.9586972
不药_,0.9586972
不要和我抢我推,0.9586972
世界的尽头是你的声音,0.9586972
寒羽良_XYZ,0.9586972
不要给我喂饭了,0.9586972
不负韶华QuQ,0.9586972
不逝叭,0.9586972
不闲的小咸,0.9586972
与寒北伐,0.9586972
专业帮人换裤子,0.9586972
且行风_,0.9586972
世崩鸟啊噶赛,0.9586972
一坨波奇,0.9586972
一叶雩舟,0.9586972
一只鸭池,0.9586972
阿杳没有犄角,0.9586972
爱吃酒酿豆腐,0.9586972
-桃木,0.9586972
1aaaaaaaaaaannnn,0.9586972
666不爱盐,0.9586972
ABthat,0.9586972
Re叶天帝一刀233,0.9586972
叫你小东西你敢答应吗,0.9586972
爱白嫖的五香蛋,0.9586972
道长哥哥呀,0.9586972
鲸吟梦,0.9586972
xxooty,0.9586972
xyxdoh,0.9586972
y7uuuuuuuuuuuuuu,0.9586972
yida4056,0.9586972
youngzie,0.9586972
Peregrine_Y,0.9586972
yunT2,0.9586972
yy嘁嘁,0.9586972
z-ioDGP,0.9586972
小庄爱岁岁,0.9586972
极客壪,0.9586972
xuue的奇妙日常,0.9586972
一只野生的颜文字,0.9586972
whcl412,0.9586972
van万叶叶叶,0.9586972
violetVE,0.9586972
vxyh2233,0.9586972
v板烧鸡腿堡v,0.9586972
疯狂欧派大大星,0.9586972
w_ch_Y,0.9586972
waiai歪,0.9586972
weeeeeeeeeeeeek,0.9586972
whato-o,0.9586972
wnajic,0.9586972
xuhe3329,0.9586972
woaishutiao,0.9586972
wood1208,0.9586972
worthyalong,0.9586972
woshi11111,0.9586972
wrusibxnxi,0.9586972
wudfheutu,0.9586972
wufengqiu888,0.9586972
wwxb1047,0.9586972
xiao乐崽,0.9586972
zhubii,0.9586972
zimuli222,0.9586972
zjzasl,0.9586972
一只努力吃胖的胖鸡,0.9586972
一个普通的学习账号,0.9586972
一个过路人的普通人,0.9586972
一之濑千帆,0.9586972
一仟摄氏度,0.9586972
一凡是二哈,0.9586972
一切死亡皆是自尽,0.9586972
一口二十八个伢,0.9586972
一口云团子,0.9586972
一只不大的猫,0.9586972
sky_果子,0.9586972
zmplqz,0.9586972
一只小小小米吖,0.9586972
一只小郝同学,0.9586972
一只欧兹,0.9586972
模组工艺gong_yi,0.9586972
一只没用屑,0.9586972
一只爱杠的咸鱼,0.9586972
一只猫神256,0.9586972
一只蛙蛙Froggy,0.9586972
一只言言狒,0.9586972
一个憨憨的阳光,0.9586972
一个很恶臭的人,0.9586972
一个叫自羽的文学作者,0.9586972
一个准一个,0.9586972
zuukaii,0.9586972
葡星人尤拉,0.9586972
zweieQ,0.9586972
zzzzzz陨,0.9586972
041444,0.9586972
z肖二千z,0.9586972
ことなみY,0.9586972
ずっと探しています,0.9586972
だんご勿忘,0.9586972
ど冲田总悟づ,0.9586972
はどう90,0.9586972
グミドリ,0.9586972
シトリス,0.9586972
ルザォGOGO,0.9586972
ー_く,0.9586972
二颦,0.9586972
㑈睿祢冯什么吋侯䂗a,0.9586972
一一一真,0.9586972
一个人的吔,0.9586972
ZGiaoYee,0.9586972
Yuri_flower,0.9586972
乌鲁鲁不爱堵桥,0.9586972
Come_on_Charles,0.9586972
Chloroventus,0.9586972
CillianVinci,0.9586972
Claramente,0.9586972
熊喵黑曜,0.9586972
Clike-J,0.9586972
Co_BH,0.9586972
Code.Villkiss,0.9586972
Columbinax,0.9586972
ComPory,0.9586972
Cookie百分百,0.9586972
CheNjIaY_1017,0.9586972
Creve_,0.9586972
Crow404,0.9586972
Crystalli1203,0.9586972
Cuber_二十七,0.9586972
CyberAgent2077,0.9586972
CynthiaLx_,0.9586972
CynthiaYang2002,0.9586972
DAWMNICK,0.9586972
DOIT汐,0.9586972
ChenJia55491,0.9586972
Ch-AY,0.9586972
DarienYz,0.9586972
Bili_196424940,0.9586972
Az丶汐寒,0.9586972
BIGbedbed,0.9586972
BOPI,0.9586972
BYune,0.9586972
B_s11-o,0.9586972
Baibaobao666,0.9586972
BaoNing233,0.9586972
Bejng_self,0.9586972
Bili-LC,0.9586972
Briswich,0.9586972
CerberToast,0.9586972
B站老鸽,0.9586972
CG_清辞鱼茶,0.9586972
CHENTONYCAI,0.9586972
CRIB_,0.9586972
Cameliy,0.9586972
Carlaliiii,0.9586972
Casesing,0.9586972
Caseywine,0.9586972
Caspain-,0.9586972
DREAM-未来梦,0.9586972
Diana逾儿,0.9586972
Higgs_Boson,0.9586972
GhostiCraft,0.9586972
Frjranger,0.9586972
FxxxxxxxkOff,0.9586972
G15AY,0.9586972
GFTV国际兽圈电视_福迪,0.9586972
GNazunaG,0.9586972
GTI特战干员银翼,0.9586972
喜欢搞抽象所以单身,0.9586972
Games接近-虾,0.9586972
Genesis-1st,0.9586972
Ghost印TheShadows,0.9586972
Fluix,0.9586972
Gobolka,0.9586972
Green_Grassland,0.9586972
Grey_Chariot,0.9586972
H-H-H_x,0.9586972
HHH_氢元素,0.9586972
HRヾ风铃草,0.9586972
HS_寒霜,0.9586972
Hello_Bunny,0.9586972
Helloroom,0.9586972
FreecssX一一,0.9586972
Floraaaa-,0.9586972
Dinstein-,0.9586972
Earendelux,0.9586972
Do_ro,0.9586972
Dolores-Sun,0.9586972
Dosmxjsbnn,0.9586972
Dr-心骛,0.9586972
淡い日,0.9586972
Dswitch,0.9586972
DumbAI人工智障,0.9586972
ELF兔兔,0.9586972
EXIT李,0.9586972
Elyite,0.9586972
FlippedFlora,0.9586972
Emberblade,0.9586972
Empreans,0.9586972
Eternal-god-1,0.9586972
Eyepiece-Cat,0.9586972
FODEN_11,0.9586972
F_Fzx,0.9586972
FaNStam,0.9586972
FaZEのTw1stZz本人,0.9586972
Februaryfish27,0.9586972
AyA川尚内库,0.9586972
Athoy,0.9586972
Ass0ciation,0.9586972
00568547,0.9586972
-氧气萌主,0.9586972
-江雪-,0.9586972
-白白白白子,0.9586972
-精氨酸布洛芬-,0.9586972
-薇薇ANN-,0.9586972
-薜定谔的猫猫,0.9586972
-辛辰-,0.9586972
-这是个昵称,0.9586972
-酸奶不吃鱼__,0.9586972
00特工喵,0.9586972
-柒城-,0.9586972
0117tt,0.9586972
0li-stay,0.9586972
11号猫头鹰,0.9586972
12345678火,0.9586972
1234伪人心,0.9586972
124687546646,0.9586972
12S7_,0.9586972
1900_ht,0.9586972
1a2b257,0.9586972
Fiskkkk,0.9586972
-枫兰兰-,0.9586972
Asonlee,0.9586972
-北徊-,0.9586972
恶鬼小诺,0.9586972
---JO-JO----,0.9586972
超级快乐的肥仔,0.9586972
--丞哥blessme--,0.9586972
--子羽--,0.9586972
我吃好了-妈咪,0.9586972
-IxiciSoA,0.9586972
-_-小绿-_-,0.9586972
-joyfun,0.9586972
-可乐鸟-,0.9586972
饿火柴,0.9586972
-咩吔-,0.9586972
-咲羽-,0.9586972
-屰-,0.9586972
-悲爱-,0.9586972
-托腮,0.9586972
呱唧咕噜噜噜,0.9586972
-无微-,0.9586972
一只小虚末,0.9586972
不会取名啊啊额,0.9586972
1逗号3-丁二烯,0.9586972
20啷当赖赖唧唧,0.9586972
2333uuu,0.9586972
Alsen_,0.9586972
A_junjunjun,0.9586972
只有吃饭的时候不困,0.9586972
Acce2085,0.9586972
AdinTS,0.9586972
Afroc0vTh,0.9586972
Agriperaon,0.9586972
Aleph_096,0.9586972
看到几十块垫脚石,0.9586972
AlienNess,0.9586972
AmericaCEO,0.9586972
23500147,0.9586972
Amo_coobee,0.9586972
AnXingH,0.9586972
Anemoia__,0.9586972
AntiTankGun,0.9586972
Apollocoo,0.9586972
AppleSeed_nZk,0.9586972
ApriLLLbiubiu,0.9586972
Aquila_鹰与夜刃,0.9586972
Ar_SXR,0.9586972
A_haw,0.9586972
AV变BV啦,0.9586972
ATP扔掉了Pi,0.9586972
ALM_Loy,0.9586972
28花火,0.9586972
32207,0.9586972
333-shan,0.9586972
380556188,0.9586972
40Cent,0.9586972
455876,0.9586972
4D-Hunter,0.9586972
4dw7,0.9586972
52kg斯科特,0.9586972
662号女战士,0.9586972
7712377123,0.9586972
956马导,0.9586972
9i镜流流,0.9586972
9丶Yue,0.9586972
AAA广陵沉淀王,0.9586972
AAA虹夏大天使,0.9586972
AAA香菜批发刘经理,0.9586972
AA土老帽批发商,0.9586972
AKseem,0.9586972
HenryTheory,0.9586972
Hildrun_,0.9586972
Yogurt_Cat,0.9586972
Rei_澪,0.9586972
R-HR,0.9586972
R_Z_OWO,0.9586972
Rainko_,0.9586972
Rain的粪球,0.9586972
Raisushawaー,0.9586972
Raquellll,0.9586972
Ray_xxl,0.9586972
Rb_M4XVerstappen,0.9586972
Re0607,0.9586972
Reigen桑,0.9586972
Qvoider,0.9586972
Re世界第一可爱,0.9586972
RichBen_Lian,0.9586972
小柯啊小柯,0.9586972
Rio_ccc,0.9586972
Royal-Crown,0.9586972
Ruaast,0.9586972
Ruaitnes,0.9586972
Rybakiki,0.9586972
S-Y商音,0.9586972
Q烦A烦Q,0.9586972
Qin_at,0.9586972
SODA酱NANA酱,0.9586972
OhYeongyi,0.9586972
Ninelie47,0.9586972
Nogamenolife电玩か,0.9586972
NoneUwU,0.9586972
NotTheLord,0.9586972
Nukepayload2,0.9586972
OOK嘛,0.9586972
ORANGE-OC-,0.9586972
Ofeocc,0.9586972
lulufi,0.9586972
Ohyeeeeeeeeeeeee,0.9586972
Qimel,0.9586972
OrlonX,0.9586972
P7GAB,0.9586972
Panena,0.9586972
Paranoid_Liu,0.9586972
Persistancemm,0.9586972
Petal_leo,0.9586972
Priestess25,0.9586972
QShaonian,0.9586972
Qian_0114,0.9586972
SL-Ace,0.9586972
爱_我所爱,0.9586972
HoneyPzz,0.9586972
Vitality的马希洛本人,0.9586972
Tritium79,0.9586972
Tsukumoinori,0.9586972
Turbo_0v0,0.9586972
TylorSkywalker,0.9586972
Uranoo,0.9586972
Uurainn,0.9586972
VelproF1129,0.9586972
Vergilius_IlI,0.9586972
VictorJerry,0.9586972
Vivien00a,0.9586972
Tilance,0.9586972
W_飛,0.9586972
WeChat13,0.9586972
Wiz1024,0.9586972
W乐嘉,0.9586972
XueZCL,0.9586972
YZQGJJ21,0.9586972
YamiiroAlice,0.9586972
YoRHa_4S,0.9586972
锅咯锅咯驾,0.9586972
Tocy陈,0.9586972
Thinkauc,0.9586972
SaChii_,0.9586972
Solomon的小饼干,0.9586972
Sakiの追う思,0.9586972
没有脸的无名氏,0.9586972
Septeen玖,0.9586972
Sherry香Sweet,0.9586972
SilkenChords,0.9586972
SiroYoru,0.9586972
Skelent_793,0.9586972
SlimeNull,0.9586972
SnowOye,0.9586972
Sora嗦辣,0.9586972
Tendermistake蓝桉,0.9586972
Ss周防尊,0.9586972
StardewVa11ey,0.9586972
Starry_C,0.9586972
Sure_ger,0.9586972
Sy0472,0.9586972
S佐藤和真Q,0.9586972
TCY-Vilert,0.9586972
TatleCat,0.9586972
肉酱安格斯厚牛堡,0.9586972
Night_Of_Light,0.9586972
Night_Fox,0.9586972
NightFallD,0.9586972
KleinMoriarty1,0.9586972
Joey_MAKE,0.9586972
Johnson9z,0.9586972
KAKyoin_cherry,0.9586972
KatsumiDaido,0.9586972
Kelzina_95,0.9586972
Khalil-999,0.9586972
Kiley_zh,0.9586972
Kimix饭团,0.9586972
Kingishu,0.9586972
KtyQAQ,0.9586972
Jaoye,0.9586972
L-Ascorbic-acid,0.9586972
L-emotion,0.9586972
LOVE瑞吉儿,0.9586972
LO昕芋VE,0.9586972
LPtc,0.9586972
才不是狸猫ii,0.9586972
LTY_LSM,0.9586972
LV5节能炮,0.9586972
LWJ_0803,0.9586972
Jocelyntien,0.9586972
来点蓝莓慕斯,0.9586972
NickLopez,0.9586972
IO单OI,0.9586972
HuOkee,0.9586972
HybirdQwQ,0.9586972
HyperHare,0.9586972
Hyperuns,0.9586972
Hypothet,0.9586972
H浩-幻想,0.9586972
I-桃夭-I,0.9586972
IIIMiracleJ,0.9586972
INDUSTRY_BABY,0.9586972
Ignis_焰,0.9586972
JUMLICKY,0.9586972
ImgnDrgn,0.9586972
Into_The_Void,0.9586972
必中天选的猫猫头,0.9586972
J4wew,0.9586972
JENNYCAtty,0.9586972
JH4ever,0.9586972
JHouse_,0.9586972
懒散贤者,0.9586972
JMZSH,0.9586972
LX落霞77,0.9586972
LYDoppeler,0.9586972
小怜悯心,0.9586972
Mou-z,0.9586972
Material3600,0.9586972
Megdn,0.9586972
Mercury怜,0.9586972
Michael__Zh,0.9586972
MikiSayakaSL,0.9586972
MiniOrangeNB,0.9586972
MisakaZXC,0.9586972
Monica_渔,0.9586972
Moonquakes33_,0.9586972
My-Honest,0.9586972
Lacrimee,0.9586972
MyLuckySeven7,0.9586972
NARUTO水门,0.9586972
NF13_,0.9586972
NGU-F,0.9586972
NaOH42,0.9586972
NamelessAshen,0.9586972
Neil桀骜,0.9586972
宁古塔穷留子,0.9586972
Neo3Day,0.9586972
MUSE_2,0.9586972
MOCHAKING,0.9586972
MK牧瀨红莉栖,0.9586972
少女爱拉屎,0.9586972
Langba2014,0.9586972
Lelele拐,0.9586972
Lem大帝,0.9586972
Leonnav,0.9586972
Ler1Shy,0.9586972
Leslie----Cheung,0.9586972
Lezzer,0.9586972
LighterP,0.9586972
Line_64956,0.9586972
LittleRose,0.9586972
Logic-hero,0.9586972
Lu_QF,0.9586972
Luna-No-Tic,0.9586972
Luoyuu_,0.9586972
M1LKBOTTLE,0.9586972
MADAMADA-DANE,0.9586972
MCcarrot,0.9586972
labby妤小小,0.9586972
MEz2Luv,0.9586972
乌托邦的日子,0.9586972
volckerOK,0.9586972
乌龙茶啤酒和苦咖啡,0.9586972
好耍啊好耍,0.9586972
女san,0.9586972
奶不思,0.9586972
奶油I可可,0.9586972
好久没追番了,0.9586972
好像什么都不知道哦,0.9586972
好名字都被抢光了.,0.9586972
好大一个碗,0.9586972
好大一只咕咕,0.9586972
回到未来的方老师,0.9586972
好风可借力,0.9586972
奖状收集楼,0.9586972
如月疑云_,0.9586972
妄言猫猫,0.9586972
妇国大将军,0.9586972
妖精cpl,0.9586972
妖蛊笑,0.9586972
姓呼吖,0.9586972
姓羽隹,0.9586972
姜与僵,0.9586972
姜姜江姜江,0.9586972
奥数洛里,0.9586972
奕诺_Y,0.9586972
威卡wicca,0.9586972
天野阳阳菜,0.9586972
大脸MRA,0.9586972
大萝卜是大宝贝,0.9586972
天上江铃-demonic,0.9586972
天仙狂醉yun,0.9586972
天天扫雪,0.9586972
天律玄,0.9586972
天泽圣司雯,0.9586972
天狼座星云,0.9586972
天罪星旺仔er,0.9586972
無名1234,0.9586972
奈总qwq,0.9586972
天青水绣1236,0.9586972
太凡乾元,0.9586972
太缁,0.9586972
太陽の息子,0.9586972
太饿了找吃的,0.9586972
失落的泰迪熊,0.9586972
风花满月,0.9586972
头发不稀,0.9586972
奇谋砍张角,0.9586972
姜萍数学竞赛,0.9586972
威鸡雰,0.9586972
阿本_QAQ,0.9586972
乐弦初音和天依,0.9586972
宇玟秋水,0.9586972
守护的骑士,0.9586972
守月人the_moon,0.9586972
守望心灵的月光,0.9586972
安家妹子,0.9586972
戏格子,0.9586972
安沫澪,0.9586972
安静的距离,0.9586972
宋雨琦快来宁波救我,0.9586972
宏宝丶,0.9586972
宇宙机械姬,0.9586972
实在想不出名字了--,0.9586972
寂寞工科男,0.9586972
密码又忘了哎,0.9586972
富小蔻,0.9586972
寒武極,0.9586972
寒玥Ovo,0.9586972
寒羽尘夕,0.9586972
对绫波丽一见钟情,0.9586972
寻七w,0.9586972
宇智波带taoo,0.9586972
宅在阿瓦隆里的亚瑟,0.9586972
婉芊幺,0.9586972
孟川K,0.9586972
子不斩,0.9586972
子易233,0.9586972
阿狸狸哦,0.9586972
子涵露露,0.9586972
孔--明,0.9586972
孙悟驡,0.9586972
孙鹏飞7840,0.9586972
杀手蝴蝶梦1919,0.9586972
孜然酱不是酱,0.9586972
孤优孤优,0.9586972
宅在家的子期,0.9586972
孤屿zyz,0.9586972
孤独的品鉴师,0.9586972
孤独的风一,0.9586972
肯定还会的,0.9586972
孤狼酥酥,0.9586972
孤獨離子,0.9586972
学习的星灿,0.9586972
学英语的医学生,0.9586972
学门技术养家糊口,0.9586972
大禹治水www,0.9586972
大睡啊啊啊,0.9586972
大白菜de桶,0.9586972
在底特律吃馅饼的企鹅,0.9586972
四页景_,0.9586972
回神兮,0.9586972
困乎己时,0.9586972
国家一级饱腹动物,0.9586972
国服第一难带啊,0.9586972
国王家の猫,0.9586972
图伯斯通,0.9586972
土鸡德华ovo,0.9586972
在哪里起飞,0.9586972
在杭州做律师的王律师,0.9586972
四月一日莙寻,0.9586972
在椰子树下一觉到天亮,0.9586972
达斯米奇B站专用账号,0.9586972
在逃猫猫棍ovo,0.9586972
地球online管理者,0.9586972
噜炉卤鹭,0.9586972
地球脚印1号,0.9586972
地瓜炸弹球,0.9586972
地陷の石,0.9586972
坂古朋友圈,0.9586972
四照x,0.9586972
四川省省草,0.9586972
大猫67,0.9586972
喜欢川渝宝龙,0.9586972
啾秋啾啾,0.9586972
善财懒同学,0.9586972
喑枳,0.9586972
梨米朵,0.9586972
喔你呢,0.9586972
喜欢刘康有品,0.9586972
--如既往的帅气,0.9586972
喜欢吐泡的鱼,0.9586972
喜欢坐直升机丶,0.9586972
喜欢阿瓦隆的大手么,0.9586972
嚞御,0.9586972
喵之安雨然,0.9586972
喵了个咪呵呵,0.9586972
喵勒个去,0.9586972
-Vvanny-,0.9586972
嗜个仁啊,0.9586972
嗜窝诗屋人,0.9586972
嘎嘎鸭布丁,0.9586972
嘢_小子,0.9586972
嘿嘿会早睡嘛,0.9586972
坠风煎鸡蛋,0.9586972
坤的味道吃了就知道,0.9586972
坨马坨,0.9586972
大会员asd,0.9586972
多拉A梦-boom,0.9586972
多鱼的余ovo,0.9586972
夜梦鹳雀楼GBZB316,0.9586972
夜灵沐_Sierra,0.9586972
夜玦GReally,0.9586972
夜肆然,0.9586972
夜阑星凡,0.9586972
夜風幼刀刀,0.9586972
夜默星繁,0.9586972
大力地,0.9586972
垦芽泊子,0.9586972
大叔炫007,0.9586972
大名鼎鼎历飞雨,0.9586972
大圣嘻嘻嘻,0.9586972
大地嘤嘤嘤,0.9586972
大坝神区,0.9586972
大师球逮溶食兽,0.9586972
大曦哥,0.9586972
大润发杀人男孩,0.9586972
大爱南大,0.9586972
夕日の波客,0.9586972
夏沫繁星,0.9586972
有人在这儿吗,0.9586972
夏夏夏夏夏夏次一定,0.9586972
城郊牧笛落野村,0.9586972
城郭书生,0.9586972
培青孑,0.9586972
堂主胡桃胡桃,0.9586972
78頋語91,0.9586972
堇紫苍蓝,0.9586972
堍茶,0.9586972
塑料口袋,0.9586972
墨兔MOTU,0.9586972
墨哈秋哟,0.9586972
墨爻的世巡宠宠我,0.9586972
墨竹银余,0.9586972
墨苏冷,0.9586972
我爱看擦边男妈妈,0.9586972
壹万ewan,0.9586972
壹碗汤,0.9586972
夂㸚祓濯,0.9586972
复读复读机的复读机,0.9586972
夏与树丶,0.9586972
寻找-答案,0.9586972
寻找加一,0.9586972
九重星有街,0.9586972
弯曲的湖,0.9586972
弃D投P,0.9586972
弋白二琼,0.9586972
弋阳川,0.9586972
张书凝,0.9586972
张八儿,0.9586972
张厚页本尊,0.9586972
张某赐哟,0.9586972
张飞偷袈裟,0.9586972
弥-aisd,0.9586972
弱水东流,0.9586972
生煎鹹魚,0.9586972
張云宏,0.9586972
張号己汪销,0.9586972
張长青,0.9586972
强说他,0.9586972
归_辰,0.9586972
彡YYL,0.9586972
彡叮当彡,0.9586972
彩虹人o_o,0.9586972
彩虹喵之剑,0.9586972
开房卖神油,0.9586972
废话世界里的糖果屋,0.9586972
带土是喰种,0.9586972
平壤没有墙,0.9586972
带秤去旅行,0.9586972
带篮子本人,0.9586972
常云晚,0.9586972
常嫣军,0.9586972
常数要较小,0.9586972
常树人,0.9586972
干净如画,0.9586972
干啥子啊这是,0.9586972
平凡の世界和你,0.9586972
平平凡凡丶levi,0.9586972
星落_falling,0.9586972
平面直角坐标系Owo,0.9586972
并非真五字,0.9586972
幺幺灵2008,0.9586972
幻夢未来の音,0.9586972
幻梦花园_,0.9586972
幽默春风,0.9586972
广白百,0.9586972
庐江老陆,0.9586972
哈哈名字不存在的,0.9586972
彩虹海彡知音,0.9586972
影子与鸽,0.9586972
很大的风g,0.9586972
总有一天会还魂_zone,0.9586972
怀里明月怀外雪,0.9586972
怂了苟吧,0.9586972
怎么講,0.9586972
思念变成枫_,0.9586972
唐小十九,0.9586972
思想掌控,0.9586972
思考人生的小溪,0.9586972
怪人阿刚,0.9586972
总是走在漫长的路上丶,0.9586972
After-Alive,0.9586972
徐同学Ql,0.9586972
恆礫,0.9586972
恐人勿扰,0.9586972
恒の征服者,0.9586972
恒山野人,0.9586972
恨愁用歌声代替,0.9586972
恩MIXX,0.9586972
恭喜又发财,0.9586972
恭迎小滢殿下,0.9586972
恰逢小雪绵绵,0.9586972
快乐小猪儿_J,0.9586972
忘了本大王,0.9586972
志鹏叔叔丶,0.9586972
忒忒忒啊忒,0.9586972
得分点-,0.9586972
御坂12791号,0.9586972
御坂5831号,0.9586972
御坂妹妹发电厂,0.9586972
御尘zzz,0.9586972
御时空明,0.9586972
微微一跳,0.9586972
微笑小狐狸,0.9586972
微醺さん,0.9586972
微醺的冷鲜肉,0.9586972
心一k,0.9586972
心之所向暂,0.9586972
心乐兮,0.9586972
心灵牧羊人0123,0.9586972
忆尘自信也谦虚,0.9586972
忆比蓝,0.9586972
忆江南丨,0.9586972
忆研年少,0.9586972
忆蓑衣,0.9586972
萌新的无奈,0.9586972
开拓猫猫,0.9586972
寻章Explorer,0.9586972
小温wendy,0.9586972
小李布鸽-,0.9586972
火伊尔,0.9586972
小松日向,0.9586972
小林囝,0.9586972
小柒弃色,0.9586972
小桉有点宅-,0.9586972
willy_ben_chen,0.9586972
紫外线大帝,0.9586972
小汪君の,0.9586972
小潜讨厌早起,0.9586972
小明听见了,0.9586972
小灯扶老灯眼睛要尿尿,0.9586972
小狼背个包包,0.9586972
小璐不乱撞biu,0.9586972
小疯未疯,0.9586972
小盐风化,0.9586972
小穗满满,0.9586972
小羊奶盖丶,0.9586972
小肆aaaaa,0.9586972
小豺v,0.9586972
小智真的很机智,0.9586972
小新酱的蜡笔,0.9586972
帅气の小飞,0.9586972
小刺猬扎你哦,0.9586972
封镡,0.9586972
将半,0.9586972
專業不對口,0.9586972
尋勝1893,0.9586972
小QBZ,0.9586972
谁在和甜妹谈恋爱啊,0.9586972
小一的频道,0.9586972
小东哥是也,0.9586972
小凝商业分析,0.9586972
小十八_Mirana,0.9586972
小惠很白,0.9586972
小吴6119,0.9586972
小咩菜,0.9586972
小天LOVETEN,0.9586972
小太阳在对岸,0.9586972
小学同鸡炖,0.9586972
小小万业,0.9586972
小徐在背单词,0.9586972
小怪兽king修勾,0.9586972
小恶魔海星星,0.9586972
宇拉Yura,0.9586972
小青鹿啊,0.9586972
小韩啸,0.9586972
峥峥与鱼,0.9586972
山海中重逢,0.9586972
山田杏奈さんです,0.9586972
山羊-GT,0.9586972
岐律,0.9586972
岛兑,0.9586972
岛田哈士,0.9586972
岩叔不二,0.9586972
岳韶,0.9586972
鉝ver猫rium,0.9586972
峨眉山猴王_,0.9586972
小马谷momona,0.9586972
工藤-沙耶香,0.9586972
差不多的橘子,0.9586972
高维思维兽,0.9586972
巴吧波弈,0.9586972
布布OcO,0.9586972
布拉迪耶先生,0.9586972
布鲁伊传教士,0.9586972
帅帅的尧哥,0.9586972
帅摔的萝卜,0.9586972
山海_居士,0.9586972
山柳awa,0.9586972
山与海棠花,0.9586972
山上有术,0.9586972
小魔王9901,0.9586972
小鲍的阿黄,0.9586972
昊叠油,0.9586972
小鲨鱼的糖块,0.9586972
小麦克可汗,0.9586972
少吃点吧又胖了,0.9586972
少年の初梦,0.9586972
鱼猫摄影,0.9586972
尔蜜7,0.9586972
尤里安的凯旋,0.9586972
就是qiengpa,0.9586972
就是老人,0.9586972
就爱吃脆桃儿,0.9586972
就要沾豆爽,0.9586972
尼古拉斯卡喵,0.9586972
尼古拉斯赵四22,0.9586972
尼布罗茨,0.9586972
尽佘欢,0.9586972
屠夫鱼,0.9586972
啧啧啧鼠鼠都去哪了,0.9586972
猫_君,0.9586972
啧啧啧zzz12346,0.9586972
内啡肽含片,0.9586972
光与影shine,0.9586972
光粒子的能量,0.9586972
克里斯_猫,0.9586972
克里欧Kun,0.9586972
克隆狐_Neil,0.9586972
免硬币设置一次吼,0.9586972
兓霂,0.9586972
兔子便当里凤梨怪兽,0.9586972
入处壮年拄拐棍,0.9586972
全世界最帅的老坛,0.9586972
全知全能幻想,0.9586972
全站唯一真刘浩存男友,0.9586972
全部拿下233,0.9586972
八云家的被窝,0.9586972
八奈見杏菜_official,0.9586972
八月留焱,0.9586972
六国居士,0.9586972
六花不想小鸟游,0.9586972
兰渔,0.9586972
共和国在下雨_HE,0.9586972
关东煮好想吃,0.9586972
先随便起个名111,0.9586972
元旦是只猫呀,0.9586972
元战OPLA,0.9586972
俄罗斯大战方块,0.9586972
蒙面侠的小鱼干,0.9586972
你的头发掉了-,0.9586972
你的水开了,0.9586972
你膝盖中箭,0.9586972
你踏码,0.9586972
你身边和他一样帅的人,0.9586972
佩奇是我的呀,0.9586972
佰帝,0.9586972
依氼,0.9586972
俊俊金毛,0.9586972
元创者,0.9586972
俟惕,0.9586972
信任度贤者,0.9586972
修改硬币需消耗六昵称,0.9586972
假的dewierH,0.9586972
假装是万寿菊,0.9586972
偏头痛妖精,0.9586972
傲来Official,0.9586972
像素漫步,0.9586972
兀与_,0.9586972
关天烽,0.9586972
再来也许要天上团聚l,0.9586972
你所热爱的就是___,0.9586972
再见吧朋友焖,0.9586972
函谷关上单,0.9586972
刀梦氵原,0.9586972
刁之不会剪辑,0.9586972
刄妾,0.9586972
刘艺博ol,0.9586972
初夏桜晴啦,0.9586972
删繁就简-知足常乐,0.9586972
别加芹菜啊,0.9586972
别时茫茫江妗月,0.9586972
别欺负乌冬面呀,0.9586972
别碰我狗牙yy,0.9586972
到底该叫哪个呢,0.9586972
刷牙的临夏七度,0.9586972
刺客先生就好这口,0.9586972
剁椒鱼头椒炒肉,0.9586972
前任大班长,0.9586972
前方咯咯,0.9586972
剥个瓜子i,0.9586972
剥落的海,0.9586972
加油吧阿柴,0.9586972
加洛壹,0.9586972
凹凸不平的小毛毛雨,0.9586972
凯撒的副官,0.9586972
凤梨酥贴,0.9586972
冲浪小透明,0.9586972
冒崄雷探长,0.9586972
冒险滴二哥,0.9586972
金刚小蚂蚁,0.9586972
冬坡_,0.9586972
冬天要做大鱼2,0.9586972
沉锦烟,0.9586972
冰冻麻薯youmu,0.9586972
冰柠海獭,0.9586972
冰鱼ちゃん,0.9586972
冷吃_兔,0.9586972
凤九序章,0.9586972
冷火蜻蜓,0.9586972
冷铭雪,0.9586972
冻梨大人-,0.9586972
凉ie,0.9586972
凉小肥啵炜,0.9586972
凌晚lw,0.9586972
凌晨aks,0.9586972
凛夏w,0.9586972
凡凡凡凡凡鸟,0.9586972
你抓不住的风与影,0.9586972
-月净悠-,0.9586972
励志当萌新的黄桃,0.9586972
仁間失革,0.9586972
云歌呀云歌,0.9586972
炼冰术士海森堡_,0.9586972
五条煌,0.9586972
卷毛鸦雀窝,0.9586972
亖三两二一,0.9586972
亚撒西的迷途,0.9586972
亟淮,0.9586972
亦南rrrran,0.9586972
亦是否,0.9586972
亦音-,0.9586972
京有点冷,0.9586972
京都一生推-,0.9586972
人参公机,0.9586972
人女口其名,0.9586972
人才北子,0.9586972
屑六角星awa,0.9586972
人机kris,0.9586972
人生岂能被轨道左右,0.9586972
人畜无害皮皮酱,0.9586972
人间普通小tom,0.9586972
人间风雨7776,0.9586972
云妹儿丶,0.9586972
云中仙鹿Max,0.9586972
二点半不上火,0.9586972
九打七,0.9586972
乐观的Pessimist,0.9586972
乔思毅,0.9586972
乖日鲸,0.9586972
乙醇上头,0.9586972
九世净琉璃,0.9586972
九十一个名字,0.9586972
九十九课,0.9586972
九号天罗,0.9586972
九头怪喵,0.9586972
九敏狐,0.9586972
二大爷我查,0.9586972
也無風雨也無晴,0.9586972
也许我就是大魔王吧,0.9586972
书剑风流,0.9586972
啊米诺斯米娜桑,0.9586972
书话短说,0.9586972
乱一晨Twilight,0.9586972
了不起的木狮虎,0.9586972
予独爰莲,0.9586972
事该了,0.9586972
仁川松岛流浪女,0.9586972
今天又又又浪了,0.9586972
你怎麼连话都说不清楚,0.9586972
今天问题解决了吗,0.9586972
伪秋菲,0.9586972
伯尼熊的烤香肠,0.9586972
伴九久--,0.9586972
伴定疯,0.9586972
但又如何,0.9586972
低血糖还在追我,0.9586972
住在乌龟壳,0.9586972
住在珈百璃家的狂三,0.9586972
佑川予安,0.9586972
何兰亭,0.9586972
何小豹,0.9586972
余林初雨,0.9586972
余紫南半鬼,0.9586972
佚名16,0.9586972
你_好好_活着_吧,0.9586972
你们这些大胖子,0.9586972
你好呀9-9,0.9586972
你好我很困我先睡会,0.9586972
MrC4,0.9586972
天道树艹,0.9586972
你当飞往你的山啊,0.9586972
传奇火火-Fireset-,0.9586972
遨风管,0.9586972
伟大的更更桑,0.9586972
仲十五,0.9586972
从我床上下来,0.9586972
从我这边_到你那边,0.9586972
从此见山不是山,0.9586972
代数与数学分析典例,0.9586972
以一四悟一十,0.9586972
秋络妍大王请早睡,0.9586972
以勿,0.9586972
以泰和菠萝,0.9586972
以爱为名的某N小姐,0.9586972
仲夏-月,0.9586972
会飞的猪24,0.9586972
仲夏之靥,0.9586972
任颜鹤,0.9586972
仿人類行為錄_,0.9586972
仿生萝卜_,0.9586972
伊依炎炎,0.9586972
伊克斯迪克秀,0.9586972
伊洛幻想,0.9586972
伍猫司,0.9586972
优不拉平,0.9586972
加藤惠的猫-,0.9586972
书桌余光,0.9586972
君の坷拉,0.9586972
含着奶嘴的心理大师,0.9586972
名陳,0.9586972
向你问好_我的朋友,0.9586972
向安,0.9586972
向最美好的前程,0.9586972
吓得我都笑出来了,0.9586972
吔蕉啦捞头,0.9586972
啊-健,0.9586972
君身雪中乃知寒,0.9586972
吧唧一口奶,0.9586972
含着泪de微笑,0.9586972
同学丁,0.9586972
听Jay吹海风1,0.9586972
听见落花声,0.9586972
吴西迪西哟呼,0.9586972
吸金猛卖,0.9586972
吹号手-,0.9586972
吾乃秦始杨,0.9586972
吾星如河,0.9586972
吾猫叛逆伤透吾心,0.9586972
呀羊跑了,0.9586972
名字是试试,0.9586972
同一天的时候,0.9586972
唯恣意不改,0.9586972
司空见不惯你,0.9586972
叶刃艾路雷朵,0.9586972
叶子yerr,0.9586972
叶子旋转飞,0.9586972
叶影不好吃,0.9586972
叶斯格鲁,0.9586972
叶桑酱,0.9586972
叶籽孜yu,0.9586972
司尹舒,0.9586972
司空冰痕,0.9586972
司马江南还我绘梨衣,0.9586972
合肥凌动,0.9586972
叻砚舟,0.9586972
叽里呱啦咩哈哈,0.9586972
吃柠檬哟g,0.9586972
吃橘子的小学宅,0.9586972
kii_sanyaOvO,0.9586972
吃蟹的电视,0.9586972
吃那么多的吧,0.9586972
吃饭睡觉的豆豆,0.9586972
吃饲料的南越人,0.9586972
呆呆的睿智,0.9586972
呆毛小六,0.9586972
呢绒喂丝大林,0.9586972
哟哟切柯南,0.9586972
哈-是老Ju,0.9586972
哈丽郭特,0.9586972
哈喽之鸥,0.9586972
哈士七_,0.9586972
哈怪怪怪怪哈,0.9586972
哈秋szhhh,0.9586972
哈鸡寻,0.9586972
哒咚咚哒咚咚哒,0.9586972
哔啊叽,0.9586972
哟雨哟雨,0.9586972
周三连,0.9586972
哦哦哦哦耶斯-,0.9586972
哲哲乘风破浪,0.9586972
哲学苍穹,0.9586972
唉丶小卿,0.9586972
永曜苍穹,0.9586972
请把我当成一棵树叭,0.9586972
唐惜然,0.9586972
唐筱鹿,0.9586972
唔嘫worable,0.9586972
哇咔咔扒拉,0.9586972
哇_逗13,0.9586972
哆子玉,0.9586972
咸鱼四十四号,0.9586972
周周鹿,0.9586972
周旋久矣,0.9586972
周易有云,0.9586972
湫驀,0.9586972
呱小酱,0.9586972
呵闩,0.9586972
命运联想,0.9586972
命鹧,0.9586972
咃の泠漠伱の嗳,0.9586972
咕Duang,0.9586972
咕咕eee,0.9586972
咕噜咕噜仄儿,0.9586972
商秋暮雨,0.9586972
咕路碳是这个碳,0.9586972
咖喱ヽ,0.9586972
咦丶我的存在感呢,0.9586972
咩咩铁锤酱,0.9586972
咳咳棒,0.9586972
咸鱼之王王王,0.9586972
史呆芬爱吃水蜜桃,0.9586972
可达莉鸭,0.9586972
可莉的咸鱼,0.9586972
南宫羽丶,0.9586972
半夏spirit,0.9586972
半明半昧半摇曳,0.9586972
单挑专业户,0.9586972
单核细胞生物电工,0.9586972
单相思的菜鸟睡梦回,0.9586972
南_乡,0.9586972
南倾尽萧,0.9586972
南宁老友粉丶,0.9586972
南宫幸光,0.9586972
南小鸟68,0.9586972
可盐可甜萝莉啰嗦,0.9586972
南屏绿波,0.9586972
南条痕,0.9586972
南河み,0.9586972
南筏滚滚,0.9586972
南紀岛,0.9586972
南那なな,0.9586972
南颜笙么,0.9586972
南风white,0.9586972
卡了鱼刺的橘猫,0.9586972
千简云辞,0.9586972
啊你说的对哈哈哈哈,0.9586972
千早小唐音,0.9586972
千戈--,0.9586972
1彬,0.9586972
雨就再下,0.9586972
勤奋好学の呆猫桑,0.9586972
化泓道人,0.9586972
北境铁头人,0.9586972
北方の风云客,0.9586972
匪之FZ,0.9586972
啊您姜,0.9586972
十一栗-,0.9586972
十一次元刀酱,0.9586972
十七号骑士,0.9586972
十七摩斯,0.9586972
十二月火,0.9586972
十亿口奶酪,0.9586972
十八人匕十,0.9586972
啊就这样好了k,0.9586972
十岁抽到了可莉,0.9586972
十方郁,0.9586972
千喜鹤_sun,0.9586972
卡卡溪鸭,0.9586972
卡瑞昂,0.9586972
卡贝奇果,0.9586972
叫我周粥同学啊,0.9586972
口可口可口达emmm,0.9586972
古都市掌管拼点的神,0.9586972
只因ikunの恋爱循环,0.9586972
只因不是知,0.9586972
只希望归来,0.9586972
只死猪仔,0.9586972
只爱小昔涟,0.9586972
啊今我来思1,0.9586972
叫我Ccy就好啦,0.9586972
叮叮车dddd,0.9586972
发送我所至爱,0.9586972
可le油条,0.9586972
可乐_-可乐-_,0.9586972
可乐啤酒配咖啡,0.9586972
可以就是可以不,0.9586972
可口可乐与泡椒凤爪,0.9586972
可可可可92,0.9586972
可有可无吧,0.9586972
可爱的像小兔子,0.9586972
可爱的嘟嘟嘟嘟,0.9586972
螺号闻,0.9586972
取名贞德好难,0.9586972
反正我觉得挺好的,0.9586972
双保险摇滚,0.9586972
卧同希濡沫,0.9586972
卯猫桑,0.9586972
卿の本佳人,0.9586972
卿儿爸,0.9586972
卿卿草草原X,0.9586972
卿良骨,0.9586972
阿渣dry,0.9586972
原于_u7t1,0.9586972
原始火批,0.9586972
去工厂然后回不来了,0.9586972
又一个无趣的人,0.9586972
友之天下,0.9586972
友善的鸡翅,0.9586972
唯其故耳,0.9586972
伊茗mm,0.9586847
因果律的弦,0.9586847
宇宙換紅豆,0.9586847
氦氖氩氪氙氡01,0.9586847
汽水和相机,0.9586847
重塑命运的亡故我无,0.9586847
JackLu57,0.9586847
炫彩大脏螂,0.95860595
H恩度W,0.95847183
我只是闲得无聊想改名,0.95847183
源堡里的刀克塔,0.95847183
GSA崩,0.95847183
钢琴墩,0.958435
aiiiipants眠王,0.95841396
Parodoxez,0.34881884
StarHarvest,0.34860745
SybariticLegerity,0.3484207
sigilvii,0.34834835
Shizo211,0.3481538
baddonny,0.34814426
kendall12321232,0.34810472
Wilhelm_III,0.348044
brett6781,0.34801373
Jamesev93,0.34798467
JohnMLTX,0.3479636
SlimeHudson,0.34795582
hamburglin,0.34795144
ImurderREALITY,0.34793973
FadedFromWhite,0.34793872
newton54645,0.34793648
DoctorHeadshot,0.34792912
xPlatypusVenom,0.34792644
BDCanuck,0.34791958
Kyraden,0.3479099
xereeto,0.34789574
iamriot,0.34789377
cronos844,0.34789374
AnotherSmegHead,0.3478789
SMUT_ADDICT,0.34787363
sfs40,0.34786567
markywater,0.34784698
CGRampage,0.34784204
BanksKnowsBest,0.34783936
PapaPetro,0.34783855
daniell61,0.34783712
indochris609,0.34783486
Cardsfan1539,0.34782994
redonculous,0.34782028
Draedgal,0.3478193
Doomed,0.34781423
garv323,0.3478068
0311,0.3478039
thinkpadius,0.3478023
buck7131,0.3478014
mellowmonk,0.34779996
austin_d,0.34779987
ReverendVerse,0.34778535
Man_with_the_Fedora,0.34778288
real-dreamer,0.34777367
rumster,0.34777367
rothwick,0.34777078
MrFlagg,0.34776777
Jimbobmij,0.34776255
Dengar,0.34775996
ptgkbgte,0.34774938
onetruemod,0.34773073
clawz_nd_webz,0.34772593
SaxyTimeReloaded,0.34772453
athennna,0.34771982
Psychic_Monkey,0.34771684
nonex,0.34771344
eyethinkikn0wu,0.34771305
Aspel,0.347711
ExtraPlus,0.34770864
dannylandulf,0.3477008
milleniummanp7,0.34769458
newpua_bie,0.34769252
Ashanmaril,0.34768847
Tattered,0.34768784
englad,0.34768653
carmichael561,0.34768397
newtothelyte,0.34768096
backpackwayne,0.34768027
Marduk96,0.3476767
francis_0000a,0.3476713
NotJordy,0.34766757
CrowKaneII,0.3476656
Coenn,0.34766546
geobomb,0.34766498
SPAZZEH,0.34765866
frozen-creek,0.34765846
nathanmcc1,0.34765247
zscuro,0.34765124
HurricaneFan13,0.34765056
makenzie71,0.3476479
Asmor,0.34764603
Proud_Denzel,0.34764352
fawker,0.34764218
CStaplesLewis,0.3476404
Alimoose,0.34763494
PyroSpark,0.3476287
lolodotkoli,0.34761828
Zelotic,0.34761485
JakeSteele,0.34761024
RzK,0.34760615
Shilo59,0.34760517
ThorBreakBeatGod,0.34760508
DivineIntervention88,0.34760353
CARDTRICKSTER,0.34760326
Krusiv,0.34759936
gammatide,0.34759867
A_Blind_Pilot,0.3475981
SamMee514,0.34759665
Bert306,0.3475949
DarthMurdok,0.34759244
nme_,0.34759086
aidanf123,0.34758857
Qingy,0.34758765
Perk456,0.34758618
ahairycat-astrophe,0.34758446
Etonet,0.34758103
t3hcoolness,0.3475808
bro_b1_kenobi,0.3475806
CoolRunner,0.34758005
Lucavious,0.34757915
tapanojum,0.34757707
shortguy014,0.34757665
jturkish,0.34757522
IanRankin,0.34756976
Anangrychip,0.34756854
VolumeZero,0.3475683
rootbeerfetish,0.34756774
boringzebra,0.34756753
CallMeJase,0.34756646
DarthContinent,0.34756538
PabstyLoudmouth,0.34756503
warlockami,0.3475637
DrRodneyMckay,0.3475632
General__Specific,0.34756264
synapticimpact,0.34756175
cjbrigol,0.3475614
brand0n,0.3475611
Syfilms64,0.34755772
greenleaf187,0.34755722
avboden,0.34755626
Trickish,0.34755585
captainxenu,0.34755412
gthing,0.34755328
lupianwolf,0.347553
ryan9991,0.3475521
AmericanDerp,0.347552
spdorsey,0.3475517
Madous,0.34755072
Dial-A-Lan,0.3475505
mw3haha,0.3475451
r2002,0.34754214
cybrbeast,0.347542
damontoo,0.34753975
Growing4Freedom,0.3475378
Nethervex,0.34753564
celocanth13,0.3475346
boomheadshot7,0.34753016
livejamie,0.34752992
noroom,0.34752807
muellzy,0.34752735
Danster21,0.34752584
dontbthatguy,0.34752485
SamuraiJakkass86,0.3475236
Atled,0.34752256
Guilty_Spark_117,0.34752232
speezo_mchenry,0.34752178
slothzen,0.34752125
QWERTY36,0.34751716
TheEmbernova,0.3475157
halogrand,0.34751475
TheCrazedMadman,0.34751323
Aberu,0.34751323
PlNG,0.34751284
Knuk,0.34750962
MadroxKran,0.3475073
giveitago,0.34750554
stapleherdick,0.34750384
Expert_on_all_topics,0.34750304
strutmcphearson,0.34750274
scottocs,0.34750167
OHAITHARU,0.3475013
bobojojo12,0.34750098
Notmiefault,0.34749892
Tdeckard2000,0.34749866
averad,0.3474976
Hax_,0.34749737
JangSaverem,0.3474958
Killjoy4eva,0.34749386
Devchonachko,0.34749255
jman077,0.34749204
Emmanuell89,0.34749052
ShaidarHaran2,0.34748927
CptTremendous,0.34748667
agentapelsin,0.34748667
SubzeroMK,0.3474857
fmgugle4,0.34748393
andrew650,0.3474833
Biggrodd,0.34748212
pokemaster_winter,0.34748185
TwoPlanksPrevail,0.34748077
secaedelcielo,0.34747913
FUCK_YEAH_DUDE,0.3474786
RoyallyTenenbaumed,0.3474782
Glonn,0.34747812
o2daface,0.34747767
Valdair,0.3474769
Meriis,0.34747607
Noreaga,0.34747544
TheGreatCthulhu,0.34747303
InhailedYeti,0.34747124
Twenty8k,0.34746766
arup02,0.34746653
stanleythemanley44,0.34746474
duggtodeath,0.34746346
PrimaxAUS,0.34746292
Pickle_Jr,0.3474619
mrdude817,0.34746182
partisparti,0.34746155
pwnyoudedinface,0.34746072
AtomikRadio,0.34745988
Hrodrik,0.34745958
dash101,0.3474595
Cashrunner,0.34745923
Burgerkrieg,0.34745798
ReallyForeverAlone,0.34745634
PokerFace247,0.3474562
trivialretort,0.34745488
tyrroi,0.34745395
SkippyWagner,0.34745377
KosherNazi,0.34745365
hornwalker,0.3474535
MidwestDrummer,0.34745336
F1A,0.34745258
twitch1982,0.3474518
Bortjort,0.34745166
compto35,0.34745166
Twitch89,0.34745166
Bacon_Man123,0.3474508
ezaviar,0.34744897
emr1028,0.34744847
pryme,0.34744823
pinumbernumber,0.34744498
AtTheLeftThere,0.34744474
commentsurfer,0.34744442
PingPing88,0.34744376
Extraltodeus,0.34744334
IAmAnAnonymousCoward,0.34744257
asperatology,0.34744254
bobofatt,0.34744218
TheOneTrueCripple,0.34744152
FizzCrack,0.34744138
ArchangelPT,0.3474412
Hesherkiin,0.3474407
rakust,0.34744057
ForScale,0.3474403
A_Water_Fountain,0.34743926
jdgrafton,0.3474376
spirit_spine,0.34743744
Splatterh0use,0.3474363
sk3pt1c,0.34743622
Arachnatron,0.34743503
AppleBlossom63,0.3474344
Miroudias,0.34743413
Elchidote,0.34743413
HINDBRAIN,0.34743398
Xanthon,0.34743357
derkman96,0.34743345
mishagale,0.34743226
hippiechan,0.34743065
Gimme_The_Loot,0.3474292
Kuonji,0.3474292
fishy007,0.3474286
colkurtz7,0.3474276
kosanovskiy,0.3474274
Abeneezer,0.3474274
CrypticFalcon,0.347427
Milhouse_is_a_meme,0.3474262
HyperspaceHero,0.3474256
THE_BANANA_PALADIN,0.34742552
Sightful,0.3474245
TheRagingHerp,0.3474244
dude_from_pdx,0.3474238
Myte342,0.3474237
Picklwarrior,0.34742352
elperu27,0.34742346
bleekicker,0.34742337
GreggoryBasore,0.34742275
Kynaeus,0.34742197
Andypwns,0.34742165
ArabRedditor,0.347421
BeBenNova,0.34741673
SplodeyDope,0.34741575
Throwaway_4_opinions,0.3474155
microtrash,0.34741473
jettj12,0.3474147
Smaktat,0.3474147
TomMorrow2,0.34741393
Gonza200,0.34741378
razzark666,0.347413
pecet,0.3474127
dudester567,0.34741217
SikhGamer,0.34741187
frankreddit5,0.3474114
TheSpiffySpaceman,0.34741095
foxh8er,0.34741002
bananinhao,0.3474087
swanpenguin,0.3474083
Frankeh,0.34740812
jambox888,0.34740588
kpingvin,0.34740588
Lostinwords,0.34740525
fiveandcounting,0.34740505
thatwaffleskid,0.34740475
RedSeven4,0.3474039
SpaceAzn_Zen,0.34740365
mszegedy,0.34740323
agapornis,0.3474028
SSII,0.3474027
CantSeeShit,0.3474027
cowboyhaze,0.3474024
jinnyjuice,0.34740213
WholeWideWorld,0.34740207
noodlesfordaddy,0.34740195
Sirbinkai,0.3474016
Toriankel,0.34740067
samdman,0.34740058
numandina,0.34739992
zombiegirl2010,0.34739974
scoofy,0.3473988
a_posh_trophy,0.3473981
empw,0.34739745
kris_lace,0.34739527
freewibblebon,0.34739417
Matti_Matti_Matti,0.3473938
Duke_of_Chutny,0.3473936
Spungey,0.34739354
Bioluminesce,0.34739354
FenrirIII,0.34739268
wazzym,0.34739187
Master_mind_,0.34739172
Madonkadonk,0.3473915
stormageddon103,0.3473913
Killhouse,0.34739083
happycrabeatsthefish,0.34739056
Armonster,0.34739017
xebo,0.34739012
Kylde,0.3473898
scharfca,0.34738964
nmyi,0.34738892
Ohh_Yeah,0.34738877
HorizonShadow,0.34738833
YouArentReasonable,0.34738824
CressCrowbits,0.34738803
sidianmsjones,0.34738776
the_dayman,0.34738716
qqg3,0.3473865
danth,0.34738594
kulrajwashere,0.34738585
monopixel,0.34738436
monotoonz,0.3473842
GreyMatter22,0.34738344
tyrannosaurus_fred,0.3473833
JustAnAvgJoe,0.347383
JMaboard,0.34738278
johninbigd,0.34738094
Mictlantecuhtli,0.34737945
jojimboy,0.34737927
Cohtoh,0.34737882
RockyCoon,0.34737873
PunPuncher,0.3473785
Diasparo,0.3473784
dumanyac,0.34737822
jrizos,0.34737715
Aschebescher,0.34737697
JoshAndArielle,0.34737688
tizorres,0.34737584
MrLadyfingers,0.34737554
curbstickle,0.34737417
kuttanpilla,0.34737396
googolplexbyte,0.34737387
ragogumi,0.34737343
Sabenya,0.34737334
andrey_shipilov,0.34737265
TangoZippo,0.3473726
Cookiemobsta,0.34737247
Proportional_Switch,0.3473722
freetonik,0.34737182
Theropissed,0.34737152
iambecomedeath7,0.34737095
battierpeeler,0.34737086
Andy_Glass,0.34737018
monk3yboy305,0.34737018
itsclearimhappy,0.3473701
SleepySheepy,0.34736958
NilCealum,0.34736916
Technolog,0.3473687
AnalogDan,0.3473682
illeatyourheart,0.34736773
Defrostmode,0.34736717
stesch,0.34736708
DSice16,0.34736645
rastacola,0.3473664
patrik667,0.3473664
Diamano,0.3473664
Decapod73,0.34736606
smurge,0.3473659
tmoney34,0.3473654
scartol,0.34736505
MFBATZ,0.34736505
thenotoriousbtb,0.34736502
fuzzyblackyeti,0.34736425
InsightfulLemon,0.34736422
patriotaxe,0.34736237
Electri,0.34736222
Moncole,0.34736213
mdawgig,0.3473615
senorjohhny,0.34736058
jake10house,0.34735918
dragonsky,0.34735835
waffle569,0.34735826
brashet,0.34735757
Thai_Hammer,0.34735745
viksra,0.34735712
teryxc,0.34735695
arghnard,0.34735656
Xemeriba,0.34735635
CyrisXD,0.3473562
Vegerot,0.34735587
SaxSalute,0.34735587
danyukhin,0.34735578
JonLuca,0.3473556
how_would_kobe_react,0.34735554
JustCallMeJoker,0.34735513
AllMightyGuy,0.34735513
themarknessmonster,0.34735507
Rubb3rDucky,0.34735498
thejellydude,0.3473549
elessarjd,0.3473547
qervem,0.34735423
vernazza,0.3473533
picardo85,0.34735325
grapesandmilk,0.3473527
matrixifyme,0.3473522
moby323,0.3473522
mpavlofsky,0.34735173
brigodon,0.3473515
leoberto,0.3473513
elephantpoop,0.3473513
Metaphoricalsimile,0.3473513
jshrlzwrld02,0.3473494
iLiekBoxes,0.34734935
ArchmageJesus,0.34734908
SIThereAndThere,0.34734902
shanoxilt,0.3473475
lanismycousin,0.34734684
THeShinyHObbiest,0.34734643
abcleanonme,0.34734643
Carnae_Assada,0.3473461
ggpurehope,0.34734517
ChemEBrew,0.34734517
murfi,0.34734502
megustaPRO,0.34734455
tresser,0.34734443
vutall,0.34734443
lethalweapon100,0.34734425
finaleclipse,0.34734395
godisanatheist69,0.34734386
gizmola,0.34734368
namenottaken94,0.34734312
R3p3rTh3l3n,0.34734303
Hotwir3,0.34734273
gryphonlord,0.34734255
NeroJoe,0.34734243
corey561,0.34734228
epheterson,0.347342
BlackNut,0.34734172
twitchMAC17,0.34734145
RPMiSO,0.3473406
ofsinope,0.3473404
mowing,0.34733978
ruskeeblue,0.3473393
x420Y0L0SWAG666,0.34733924
held818,0.34733915
BashfulArtichoke,0.34733906
leonprimrose,0.34733906
electropulses,0.34733897
pandanomic,0.34733874
SambobmaS,0.3473386
jostler57,0.3473386
Procrasturbator11235,0.34733847
scamperly,0.34733772
Miketheguy,0.34733754
mybrosteve,0.34733737
Pots_And_Pans,0.34733707
not_a_Dr,0.34733668
thetafferboy,0.34733668
Capatown,0.3473364
Kromey,0.3473359
blaspheminCapn,0.34733567
politicaldan,0.34733567
emarkd,0.34733555
Novasry,0.34733486
L2attler,0.34733468
Dvdrummer360,0.34733444
charles_kafka,0.34733436
Gengar11,0.34733352
BreakfastBurrito,0.34733343
caligula213,0.347333
the_moonface,0.34733245
PR3CiSiON,0.3473322
M374llic4,0.34733215
dan_blather,0.3473318
josh6499,0.3473312
TickleTh1sElmo,0.3473312
SCARfaceRUSH,0.3473311
sfitsea,0.34733087
ZeosPantera,0.34733078
JeffMcBiscuit,0.34733072
PriitySiick,0.3473307
BlameTheHippies,0.34733024
IByrdl,0.34733012
Vergil25,0.34732905
Ketrel,0.34732887
SCHROEDINGERS_UTERUS,0.34732872
sprremix,0.34732872
nutshells,0.34732798
lessobvious,0.3473278
bastiVS,0.34732714
cbarrett1989,0.34732705
brenan6,0.34732658
BIAATTCH,0.34732586
brazilliandanny,0.34732562
desi_fubu,0.3473246
TTSDA,0.34732425
Slayner,0.34732383
ebilgenius,0.34732348
anotherDocObVious,0.34732333
taario,0.34732333
ameliamirerye,0.34732333
Sir_George,0.34732273
da1inchpunch,0.34732258
MentalToast,0.34732208
modman2,0.34732187
thatoneguy249,0.34732178
ThePipes123,0.3473215
iisdmitch,0.3473215
cbfw86,0.34732097
redditlurkernoob776,0.34732082
b0red,0.34732082
trevdak2,0.34732082
Xeon06,0.34732077
Nomlin,0.3473205
funnyfaceking,0.3473205
provoko,0.3473204
i_post_gibberish,0.34732035
Jedi-Mocro,0.34731993
mcbordes,0.34731993
Gaston44,0.34731936
jbrake,0.3473191
sterling_mallory,0.34731886
Dr_Oops,0.34731883
breticles,0.34731853
Prcrstntr,0.34731734
ecnepsnai,0.3473172
TheSuperSax,0.34731695
lulzcakes,0.34731683
email_with_gloves_on,0.34731662
niobe127,0.34731644
Ravage123,0.34731638
Crux315,0.3473162
ShezUK,0.34731594
TEmpTom,0.34731594
Software_Engineer,0.34731585
Ipskies,0.34731543
grouperfish,0.34731528
appropriate-username,0.3473142
Dragonic2020,0.34731397
zalemam,0.34731388
polezo,0.34731382
DarkStrobeLight,0.34731373
Thunder_Thighs,0.34731296
RobertF23,0.3473128
tianan,0.3473128
avicide,0.34731248
AibohPhobiA,0.34731242
TyPiper93,0.3473113
otakuman,0.34731096
cyrilio,0.34731025
mcjiggerlog,0.34730983
ildabears,0.34730974
Paradox,0.34730905
yomomma56,0.34730884
TROPiCALRUBi,0.34730864
kylelee,0.34730825
jon2kx,0.34730825
TacticalSandwich,0.34730807
plasker6,0.34730777
hazysummersky,0.34730777
Canopus_2,0.34730676
Alec693,0.34730658
KUmitch,0.34730625
ThePantsThief,0.3473062
_emordnilaP,0.34730613
cottonheadedninnymug,0.3473061
The_Reverend,0.34730554
9000sins,0.34730518
heres_one_for_ya,0.34730518
dabisnit,0.34730482
TheSimonToUrGarfunkl,0.34730437
pengo,0.3473042
ReactionDude,0.34730396
Charwinger21,0.3473039
xSPYXEx,0.34730387
americanpegasus,0.34730387
iTrollYhu,0.3473037
tnick771,0.3473036
erviniumd,0.34730324
bemmu,0.34730285
manikfox,0.34730247
badillin,0.34730223
Hurinfan,0.34730205
deejaymikeyg,0.3473018
willo_sea,0.3473014
THLycanthrope,0.3473013
GoogaNautGod,0.34730077
samx3i,0.34730038
timex40,0.34730026
ruff0214,0.34729958
Le_Reptile,0.3472988
kukukele,0.34729856
allpro1337,0.3472983
TheSheepdog,0.34729806
gueriLLaPunK,0.34729806
Dunskap,0.34729785
MrVonBuren,0.3472977
ab001atr,0.3472975
MarioneTTe-Doll,0.34729743
CheesyChips,0.34729734
Myrandall,0.34729734
ProfessorMcHugeBalls,0.34729725
vinspiration,0.34729725
Warlizard,0.34729707
lordlicorice,0.34729707
Naruhodo,0.34729674
esPhys,0.34729674
TheFullMonty1394,0.34729633
CopEatingDonut,0.34729624
Atari1337,0.347296
AuPhoenix,0.34729582
doluto,0.3472957
pigferret,0.3472956
flippinkittin,0.34729534
shmadorable,0.3472952
michaelwc,0.34729475
SolKool,0.34729463
jmf145,0.34729442
dieselgeek,0.34729442
chevybow,0.34729418
project_twenty5oh1,0.34729362
aboothemonkey,0.3472935
ShamefulIAm,0.34729332
atheist_verd,0.3472933
HadManySons,0.3472932
Selcouthit,0.34729248
virginpresident,0.34729236
Reavus,0.34729195
p0x0rz,0.34729144
BB2921,0.3472913
BroccoBaba,0.3472906
Cerberus73,0.34729004
The_Other_Other,0.34729004
soapinmouth,0.34728962
Native411,0.3472894
verbify,0.34728914
Linksawake,0.3472891
MrRykler,0.34728873
bittercupojoe,0.34728873
Codidly5,0.3472882
Haz3rd,0.347288
RobotKitten,0.34728757
bbouerfgae,0.3472871
MaBay,0.34728664
anticommon,0.3472864
pyrowolf8,0.34728605
g-dragon,0.34728533
yashchand,0.347285
nosenuggets54,0.34728482
murdurturtle,0.34728467
Slippyy,0.3472846
DodiGharib,0.34728408
shaggorama,0.34728375
mpg1846,0.34728375
seriouschiz,0.34728366
kimboslice11,0.3472836
Pareeeee,0.3472835
ikilledyourcat,0.3472834
bigDean636,0.34728318
Bad_Zoo_Boy,0.34728262
nexxus-s,0.34728256
shitwhore,0.34728202
MJsdanglebaby,0.34728158
GrixM,0.34728158
Brutalitarian,0.34728125
Caraes_Naur,0.3472812
touyajp,0.34728095
bahaki,0.34728032
captainbawls,0.34728003
NegimaSonic,0.34727943
jordanbeff,0.347279
BoonTobias,0.347279
DearSergio,0.347279
hexag1,0.34727895
modomario,0.3472788
CP70,0.34727836
mrpanafonic,0.34727824
Chastain86,0.347278
jb2386,0.34727782
algo,0.3472776
aznprd,0.3472773
mehatch,0.3472772
ZackZak30,0.34727716
KingGeb21,0.347277
t3hwookie90,0.34727687
Sidekicknicholas,0.34727675
PokemasterTT,0.34727636
sjmarotta,0.34727553
RotatorX,0.3472754
MythOfLight,0.3472754
preggit,0.34727475
wolf2600,0.34727472
Ovedya2011,0.34727457
ChickenPotPi,0.34727427
showstopping,0.34727412
420TreeHugger,0.34727412
sobermonkey,0.3472737
racutt,0.34727365
Wisdom_from_the_Ages,0.3472734
Pezking343,0.34727308
Kongo204,0.3472729
cleantoe,0.34727257
Superego366,0.34727243
aazav,0.34727234
aMANescape,0.34727228
allgameplaya,0.34727204
EditingAndLayout,0.34727195
shadow8449,0.34727144
wisyf,0.3472714
SubtleMockery,0.34727132
kepleronlyknows,0.34727094
OccupyMyBallSack,0.34727067
TheCakeDayLie,0.34727067
thesepigswillplay,0.3472706
polysemous_entelechy,0.34727025
tiradium,0.34727013
Sariel007,0.34727013
Emayarkay,0.34726968
Onlyhereforthelaughs,0.34726965
eskimopie26,0.3472696
NotSoSlenderMan,0.3472695
ChaosMotor,0.34726942
OvidPerl,0.34726912
Rhaps0dy,0.34726912
Ahanaf,0.34726912
el_monstruo,0.3472686
Pabrunthhu,0.34726843
bobcat,0.34726837
dafootballer,0.3472677
fozzarz,0.34726718
docodine,0.3472671
drock4vu,0.34726706
185139,0.3472668
YourWelcomeOrMine,0.34726632
Retawekaj,0.34726593
SolidKGB,0.3472658
bugzrrad,0.34726575
keineliebe,0.3472655
Yashoki,0.34726512
Fibonacci35813,0.3472648
noseonarug17,0.3472648
SOwED,0.34726378
Illuminatesfolly,0.3472636
mylifeisanocean,0.3472632
Brendancs0,0.34726313
crookedhead,0.3472629
Literati,0.34726223
BravoTeam127,0.34726185
ItsAFuckingCrocodile,0.3472617
SpookyAssGhost,0.34726164
Kakoose,0.34726152
loganemar,0.34726113
sgamer,0.34726074
CZbwoi,0.3472606
lookitsdan,0.34725973
vteckickedin,0.34725973
Retro21,0.34725964
woizard,0.34725958
smartalec98,0.34725958
t3rneado,0.3472595
harris0n11,0.3472593
hestonkent,0.34725899
abusmakk,0.34725875
serenity10,0.34725842
MonsterIt,0.34725812
tsenaku,0.3472578
kn0thing,0.3472574
Clockwork757,0.34725708
OrgasmicKoala,0.34725648
Mybrainmelts,0.34725618
TombSv,0.3472561
Sutekhy,0.34725565
Tegyukfel,0.34725565
Juffin,0.3472556
mattyg5,0.34725502
redwormcharlie,0.34725493
acusticthoughts,0.3472547
SirSchilly,0.3472547
DubTeeDub,0.3472546
scottg96,0.3472545
Mogwoggle,0.34725443
Conash,0.34725443
lettuceman44,0.34725434
deuteros,0.34725404
Mattxy8,0.34725395
musical_hog,0.3472539
odigo2020,0.34725335
sirberus,0.34725302
brewzombie,0.34725237
summatclever,0.34725237
Vinsanity9,0.34725228
Plowbeast,0.34725186
Grimsonite,0.34725127
Swiss_Cheese9797,0.34725124
Cordicuss,0.34725124
starrychloe,0.3472511
Snak_The_Ripper,0.34725103
haikuginger,0.34725094
waterandshade,0.34725094
Ax3boy,0.34725064
likeBruceSpringsteen,0.34725055
bowhunter6274,0.34725016
AgeMarkus,0.34724995
pretzelzetzel,0.34724995
b33k3rz,0.34724972
RedManDancing,0.3472492
lud1120,0.34724912
rb7_brady,0.3472486
MrDubious,0.34724817
Mr_A,0.34724817
tripled153,0.3472476
indrora,0.34724757
SearchNerd,0.34724748
CSRain,0.34724745
mrkees,0.34724736
LG193,0.3472473
phazshifter11,0.34724715
Animedingo,0.34724706
JustAnotherRedditor1,0.3472468
fuzzyferret,0.34724665
toucher,0.34724653
sageDieu,0.34724644
pup2551,0.34724617
fuzzy_dunnlop,0.34724608
smacksaw,0.34724602
summerofevidence,0.34724593
Terox15,0.34724578
pajam,0.34724578
Cern_Stormrunner,0.34724557
Keeks_marone,0.34724516
saldejums,0.34724507
JustTVsFredSavage,0.34724492
LeetModule,0.3472447
plazman30,0.3472446
blisstonia,0.3472445
FriesWithThat,0.34724393
taughtmonk,0.34724393
Wolvenfire86,0.34724352
Billobatch,0.3472434
dieyoubastards,0.34724325
VZW_Matt,0.34724325
series_of_derps,0.34724313
ALLCAPSON,0.34724286
Emperor_NOPEolean,0.3472426
BlindStark,0.34724256
mjbat7,0.34724236
datdaz84,0.34724227
Leadboy,0.3472421
MNGaming,0.34724203
David_Crockett,0.347242
skinkbaa,0.34724146
haddock420,0.3472414
broostenq,0.347241
TankorSmash,0.34724072
CyruscM,0.34724054
SetYourGoals,0.3472405
BlorfMonger,0.34724024
AnotherClosetAtheist,0.34723994
Samamaniac,0.34723985
BillOneyPaige,0.3472398
ABemusedHorse,0.3472397
spencerawr,0.3472391
DoTheEvolution,0.34723878
Timisaghost,0.34723878
JonnyBrah,0.3472387
joi1369,0.3472387
AnotherCrazyChick,0.3472387
haluter,0.3472386
omni_wisdumb,0.34723848
GODDAMNFOOL,0.3472383
old_snake,0.3472382
nerfezoriuq,0.34723803
ferio252,0.34723747
TheGreenShepherd,0.3472367
ImNotJesus,0.3472367
arsenale,0.34723625
Azor2500,0.34723592
KOWguy,0.34723583
johnbarnshack,0.34723568
iRuisu,0.3472356
Riddla26,0.3472356
craftadvisory,0.34723547
dropstop,0.34723532
Muter,0.34723523
scarface910,0.34723505
deafblindmute,0.34723505
OldPeopleHateMe,0.34723473
RenegadeSpade,0.34723464
darkpwnage,0.3472345
Artrw,0.34723428
Llim,0.34723428
SSChicken,0.34723428
debrad1207,0.34723416
steak21,0.34723413
Simbrian,0.34723383
IsNotANovelty,0.34723365
ephphatha,0.3472334
lancerevo98,0.3472334
hadhad69,0.34723333
metrogdor22,0.3472329
GodOfAtheism,0.3472324
10GuyIsDrunk,0.3472323
Asassin4TW,0.34723207
Ytoabn,0.34723184
Lion10,0.34723178
Portgas,0.34723178
FearMeForIAmDan,0.3472316
factor591,0.3472315
Reddhedd13,0.3472314
BlackBrown123,0.3472313
Adium,0.34723103
radonchong,0.3472309
alllie,0.34723082
Warhawk_1,0.34723058
mynamespaghetti,0.34723052
ArchChisUm,0.34723035
wistan,0.34723002
IamtheOceanAMA,0.34722996
RhettS,0.3472294
NunsOnFire,0.34722912
jarstult,0.34722897
doctor_rocketship,0.34722868
SevFTW,0.3472285
VaccusMonastica,0.3472285
momentum77,0.3472283
dragonboltz,0.3472282
napster2k6,0.3472282
loopuleasa,0.34722787
live4hisglory,0.3472277
IAmNotJoshua,0.34722736
aaoun,0.34722722
HonoraryMancunian,0.34722716
Minifig81,0.34722695
happy_otter,0.34722695
Corpsman223,0.3472269
Jaxkr,0.34722677
MrGoodGlow,0.3472265
psych00range,0.34722632
abig7nakedx,0.3472261
orsini1138,0.34722573
CodenameCaboose,0.34722546
Omnifire,0.34722546
scuczu,0.3472253
GeniusIComeAnon,0.34722525
webdevbrian,0.34722468
rage-quit,0.34722462
Falkner09,0.34722453
Seikoholic,0.34722444
grandfatherbrooks,0.34722367
EugeneMJC,0.34722364
Lesmothian,0.34722352
Mylesd13,0.34722352
Frankfusion,0.3472234
PSIStarstormOmega,0.3472233
Naly_D,0.3472233
heavymetalpancakes,0.34722322
kmck96,0.34722322
bknutner,0.34722307
expiredcheese,0.3472228
tmotom,0.3472224
Cruxius,0.3472224
reddit_like_its_hot,0.3472223
Edibleface,0.3472222
Hawk_Blue,0.34722194
Ohsin,0.34722188
davetbison,0.3472218
Crazysaxycool,0.34722158
Mustaka,0.3472214
One_Giant_Nostril,0.34722131
HDATZ,0.34722126
Dear_Occupant,0.34722126
juxtaposer43,0.34722126
sourcreamjunkie,0.34722108
CaptainRandus,0.347221
Romulet,0.3472207
HighwireAct,0.3472203
typtyphus,0.34722024
cefarix,0.34722015
rycokamoore,0.34721997
Stellar_Duck,0.3472199
Clint_Swift,0.34721982
saywhatisobvious,0.34721977
kflipz,0.3472196
steelpan,0.34721947
SeriouslyLaughing,0.34721944
DanjerBob,0.34721944
TheFifthCan,0.3472193
647,0.34721917
rdudejr,0.34721902
DJ_Spock,0.34721884
makaveli151,0.34721884
reidhasguitar,0.34721863
survum,0.34721845
chumprock,0.34721836
13_0_0_0_0,0.34721833
troublesomeness,0.34721833
Tarkaan,0.34721825
Zaino14,0.34721687
0011110000110011,0.34721673
Peacockblue11,0.34721658
FarSide792,0.34721622
maynardftw,0.3472162
IAMA_SWEET,0.34721604
vivvav,0.34721595
WideLight,0.3472151
sapiophile,0.3472151
unknown_name,0.34721497
whatthefuckguys,0.34721488
TrevorSarazin,0.3472148
Brak15,0.3472148
mrlr,0.34721446
Big_Theta,0.34721428
jakerman999,0.34721357
unforgiven91,0.34721354
santaschesthairs,0.3472134
Philipp,0.34721303
nametheoccupation,0.34721285
TheAmazingSkoof,0.3472128
tehrabbitt,0.3472125
iamnotfacetious,0.34721228
Jdban,0.34721178
toomanynamesaretook,0.3472117
Thunder-ten-tronckh,0.34721166
BrazilianRider,0.34721157
spooget3,0.34721145
AFDIT,0.34721133
davaca,0.3472113
LawBobLoblaw,0.34721106
omgitsjo,0.34721082
Yokuo,0.34721068
Escobeezy,0.34721038
INGWR,0.34721014
burnsz11,0.34720996
SilverAce88,0.3472097
gangstabunniez,0.3472095
theKalash,0.34720916
Cryptic-Panther,0.34720907
flaim,0.34720853
Sportsfanno1,0.34720832
Ilovewhatredditdoes,0.3472083
fallingtopieces,0.34720814
Anheroed,0.3472079
zubie_wanders,0.3472079
AndySocks,0.34720787
somethingaboutfire,0.34720787
Dragonfire138,0.34720755
Dudwithacake,0.3472073
Waddupp,0.3472073
RalphiesBoogers,0.3472071
jessarojas,0.3472071
timsandtoms,0.347207
Lepertum,0.34720692
Thefriendlyfaceplant,0.34720692
Semen-Thrower,0.34720683
exophrine,0.34720677
SaggyBallsHD,0.3472064
bruce656,0.3472064
Bonya,0.34720632
Iheartdragonsmore,0.34720632
dave_g17,0.34720594
vpxtreme,0.34720582
bluetidepro,0.34720567
jokes_on_you,0.34720516
attosama,0.34720507
samuraialien,0.34720495
imnotlegolas,0.34720486
cacophonousdrunkard,0.34720463
joetheschmoe4000,0.34720463
Uber_Nick,0.34720448
BrianTheLady,0.34720394
DomStud,0.3472037
ravenpride,0.34720325
Wizuhd,0.3472032
RossD123,0.3472031
technoskittles,0.34720287
nonubiq,0.34720278
quinn_drummer,0.34720278
RufusMcCoot,0.3472024
thebrownkid,0.34720233
phunkystuff,0.3472021
essidus,0.3472021
everyother,0.34720203
Vincent_Karma,0.34720194
aknutty,0.34720185
BelmontZiimon,0.34720185
AmiroZ,0.34720147
DisregardMyPants,0.34720138
krazyfreak123,0.3472012
Mates_with_Bears,0.3472011
spoone,0.3472009
CanadianWhovian,0.34720087
talzer,0.34720072
SlyyyTendencies,0.34720066
BitchesLove,0.34720063
Anitor,0.34720024
hannahjoy33,0.34720007
etm124,0.34719986
had0ukenn,0.34719983
JHoward777,0.3471998
hero0fwar,0.34719977
rustyarrowhead,0.3471997
JaseAndrews,0.34719953
iia,0.34719944
el_drum,0.34719938
smdaegan,0.34719932
mobuco,0.3471989
Shanesan,0.34719867
ozone63,0.34719864
jimmithy,0.3471985
PeteDarwin,0.3471984
DumaDuma,0.34719837
ASiCat,0.3471983
BeefPieSoup,0.34719822
Jobeanie123,0.3471982
Ochobobo,0.34719816
gatsby365,0.3471978
YourFavoriteHippo,0.34719777
bonkeyfonkey,0.34719777
something224,0.34719768
Locusthorde300,0.34719753
dishie,0.34719738
TheMorningDeuce,0.34719738
markender,0.34719735
GamerKingFaiz,0.34719726
iambookus,0.34719718
troglozyte,0.34719718
berrics94,0.3471971
demidyad,0.347197
sdc_sketchez,0.3471969
MrFantasticGDB,0.34719673
SenorFluffy,0.34719673
ShaolinShade,0.34719673
brilliantmojo,0.3471965
uJellie,0.3471964
serupento,0.3471963
jordan3434,0.3471963
DiabolicallyRandom,0.34719625
adwarakanath,0.34719625
porh,0.34719616
BoredomCalls,0.34719574
rickthecabbie,0.34719533
SimonSays_,0.34719506
sectorfour,0.34719485
88rarely,0.34719485
The_Lolbster,0.34719458
007T,0.34719458
xtrasneakygastro,0.34719425
evoken1,0.3471941
Extract,0.34719396
roger_,0.3471938
gerusz,0.34719366
ramma314,0.3471936
trauma_kmart,0.34719333
Mitcheypoo,0.34719282
LowSociety,0.34719262
Valtieri,0.34719238
JALsnipe,0.34719235
Chewie316,0.3471922
Jamy18,0.3471922
nps,0.3471916
brainburger,0.3471916
tazcel,0.34719118
ddxxdd,0.3471911
PhiladelphiaIrish,0.3471911
MrDanger,0.34719095
Zirenth,0.34719086
Urschleim_in_Silicon,0.34719077
rbevans,0.34719077
Deathbybunnies,0.34719068
LegendaryJay,0.34719053
IlCattivo91,0.3471902
NotARandomNumber,0.34719005
Dakar-A,0.34718987
VoRicebowl,0.3471898
Elesium,0.34718975
libertao,0.34718972
gonzoblair,0.3471897
MrMango786,0.3471894
BaconZombie,0.34718937
UniverseAtLarge,0.34718937
aryary,0.3471891
Caseycrowe,0.34718895
renome,0.34718844
kekembas17,0.34718838
colinodell,0.3471883
nexxai,0.34718817
jordypants,0.347188
rv77ax,0.34718752
Randyh524,0.34718725
Seamannator,0.3471872
Blackglade,0.34718716
godlesspaladin,0.34718713
iamslm22,0.34718698
cammyfawkes,0.34718674
Z4KJ0N3S,0.34718665
e7ric,0.34718665
AdamSC1,0.34718648
hipnosister,0.34718642
badmood247,0.34718615
jwchen,0.3471859
veribaka,0.3471858
orangepill,0.34718537
redhatGizmo,0.34718537
YNot1989,0.34718513
rahrness,0.34718496
stealthcreeper,0.34718484
douglasman100,0.34718472
flippityfloppityfloo,0.3471846
GallifreyanRavenclaw,0.3471845
Micosilver,0.34718442
NotSayingJustSaying,0.34718424
cookedbread,0.34718424
LagunaGTO,0.34718424
myrpou,0.34718418
Coaltrain2371,0.34718385
401vs401,0.34718373
Pooh_Bear,0.34718353
suntzu345,0.34718347
Zutart,0.34718338
daniellemx,0.34718314
Meshiest,0.34718305
MileHighBarfly,0.347183
TestZero,0.34718296
Ieuan1996,0.3471829
Ottetal,0.34718287
Falldog,0.34718287
geoffyou,0.34718272
saintdominic,0.34718263
CaptainGrandpa,0.34718245
JakeSteam,0.3471821
happywaffle,0.347182
JoeDaEskimo,0.3471818
Chairboy,0.34718168
shadyabhi,0.34718132
Chuckgofer,0.34718075
Reddit-Hivemind,0.34718058
ColonelMolerat,0.34718058
15amathis,0.34718046
CyborgDragon,0.34718037
DashFerLev,0.3471802
julesasner-dt,0.34717977
brumbrum21,0.34717968
InTheBay,0.3471795
greath,0.3471795
-RobotDeathSquad-,0.34717938
dgb75,0.34717917
ZeroShift,0.3471791
mordocai058,0.347179
FusionX,0.34717876
benfbat,0.34717867
Doxep,0.34717852
soupyhands,0.34717843
XxMiKeNjD17xX,0.34717825
explodingbarrels,0.34717825
GeminiVI,0.34717816
cosmicsans,0.3471779
thegodsarepleased,0.3471778
skeeto,0.34717757
klinquist,0.34717754
j0be,0.34717745
CHEEZYSPAM,0.34717736
RedHerringxx,0.34717694
LerithXanatos,0.34717688
jack456123,0.34717688
meeeow,0.34717646
lolpancakeslol,0.34717637
Imanari,0.34717613
varrogath,0.3471761
GreenDirector,0.3471761
chrisgelb,0.34717605
KoRnyWayz,0.3471759
N8CCRG,0.34717584
Justicles13,0.3471758
wArchi,0.3471758
ButSheLooked18,0.34717566
mph1204,0.34717566
Albuyeh,0.34717566
not_again123,0.34717557
dlogan3344,0.34717557
N4N4KI,0.34717536
PrincessPi,0.34717494
_HeXagon_,0.34717494
needmoney90,0.3471748
110110,0.34717447
Agenttable077,0.347174
Maxrdt,0.3471738
comix_corp,0.3471738
bblemonade,0.34717366
Laurentius_the_pyro,0.34717357
iSunMonkey,0.34717357
EpicRageGuy,0.3471733
cycophuk,0.3471732
WinterCharm,0.34717312
sutr90,0.34717312
nshaz,0.3471727
TehEmperorOfLulz,0.3471727
kmccormi,0.3471725
bobbaphet,0.34717232
mandal0re,0.3471721
f00d4tehg0dz,0.34717208
eighthgear,0.347172
antonia90,0.34717166
Eat_Bacon_nomnomnom,0.34717155
dumnezero,0.3471715
AnnArchist,0.34717107
tritter211,0.34717107
beauseph,0.34717074
Zarqu0n,0.34717047
DeanOnFire,0.34717035
wrigsam,0.34717026
ikarios,0.34716994
yellownumberfive,0.34716967
Khatastrophe,0.34716958
qp0n,0.34716943
dum41,0.34716943
mattXIX,0.34716916
theCarryAll,0.347169
ProbeIke,0.34716892
bcr8tiveYT,0.3471689
rasmus9311,0.34716883
macaroni_veteran,0.34716874
WoopAhhh,0.34716865
He11razor,0.3471686
IamBOXBOY,0.34716833
GoldenMoe,0.3471683
TareXmd,0.34716815
Sampo,0.34716815
jweebo,0.34716794
infernal_llamas,0.3471678
tnethacker,0.34716776
CobaltSmith,0.3471677
Ragozi,0.34716734
lomoeffect,0.34716728
Wailordfan,0.34716722
weggles,0.3471672
Anofles,0.34716713
yti555,0.347167
cullen9,0.34716693
RedPaintedHouses,0.3471667
NahSoR,0.3471665
WoozleWuzzle,0.34716627
Ninjatertl,0.34716618
gt14199,0.34716618
KilgoreTroutQQ,0.34716597
pekayer10,0.34716597
Zephine,0.3471659
Brownt0wn_,0.34716588
voyetra8,0.3471657
badblueboy146,0.34716558
footcreamfin,0.34716555
scribbling_des,0.34716555
finkton,0.34716523
SoundManCO,0.34716508
Skrillex4ever,0.34716487
ipiranga,0.3471647
i_pee_in_the_sink,0.34716427
Dark_Saint,0.3471642
laaabaseball,0.3471642
Muscles_McGeee,0.3471642
ReesesForBreakfast,0.3471638
ispoiler,0.34716374
BenitoBro,0.3471632
DaItalianFish,0.34716317
The_Bhuda_Palm,0.34716272
EliteHunting,0.3471625
femaiden,0.34716228
xCessivePresure,0.3471622
gangrenous_ghoul,0.34716198
sbarias20,0.34716183
kosif,0.34716174
GrandmasterSexay,0.34716165
Grays42,0.34716162
GoldenGonzo,0.3471614
Goochiman,0.34716132
C_IsForCookie,0.34716132
NonstandardDeviation,0.34716132
AhhBisto,0.34716126
ThraShErDDoS,0.34716126
Fun1k,0.34716108
TylerDurdenJunior,0.3471607
wallawalla22,0.3471607
squiggitysquashua,0.34716064
AndrewPresnal,0.34716064
just-jake,0.34716046
sergeyuf,0.3471603
marquis_of_chaos,0.3471603
LHoT10820,0.3471603
cloudedsky,0.34716022
snowgimp,0.34716007
bastocrat,0.34716007
Tynictansol,0.34716
Ryan2534,0.34715998
TitanicMan,0.34715992
woodyallin,0.34715965
MagicSandwich27,0.34715965
cfschris,0.34715956
Bpbegha,0.34715948
bleachmartini,0.34715933
slumslum,0.34715918
woooooahnellie,0.34715918
xoxoyoyo,0.34715918
7UPvote,0.34715897
Boredom_rage,0.34715897
dashdanw,0.3471589
Casedilla,0.34715882
jlopez24,0.34715873
unsurebutwilling,0.34715873
Executioner1337,0.34715864
Lupinefiasco,0.34715852
RamsesThePigeon,0.34715816
TheMellowestyellow,0.347158
IncidentOn57thStreet,0.3471579
sacredserenity,0.34715778
mezzizle,0.34715775
filo4000,0.3471577
TheCl0ne,0.34715766
MSaadJilani,0.3471576
malakistiri,0.3471576
Always_Leaves_You_Ha,0.34715754
FrailRain,0.3471575
LiiDo,0.3471575
jackgopack4,0.3471575
makesureimjewish,0.34715718
Modestjake,0.347157
LordAnubis10,0.34715694
strallweat,0.34715655
deathril,0.3471564
playa_mar_cielo,0.34715632
Mxrgan,0.34715623
malufor,0.34715608
crocomut,0.34715608
lordnahte42,0.34715587
daprice82,0.34715587
eorld,0.3471555
calantorntain,0.3471554
TooSmugToFail,0.3471554
orangeslash,0.34715536
Gfresh404,0.34715518
FullSizedForks,0.3471551
apgbadboy,0.3471551
linkazoid,0.3471551
HeyItsJay,0.347155
paulthepenguin,0.34715486
LazarusRises,0.34715486
moldyxorange,0.34715483
TTTNL,0.34715483
thermal_shock,0.34715474
cometparty,0.3471546
Tiberius666,0.3471546
PeterPorky,0.34715426
bperki8,0.34715426
WhatTheFDR,0.34715402
InternetLoveMachine,0.34715402
ImminentFate,0.34715384
lastoftheyagahe,0.34715375
Cyc68,0.34715372
Brandonspikes,0.34715363
mohiben,0.34715337
JamesOfTheYear,0.34715337
Strader69,0.34715337
charlemang,0.34715328
LeSpatula,0.34715328
jurble,0.34715295
Tuco_bell,0.3471528
klipse,0.3471528
PolarBurs,0.3471528
HaydenTheFox,0.34715253
bleedgreen96,0.34715253
AbbyMoriah,0.34715244
Grimmbles,0.3471524
TWI2T3D,0.34715238
dukishlygreat,0.34715217
openxmind,0.34715202
texacer,0.34715194
Tzpike05,0.3471516
DaedalusMinion,0.34715152
speedyleedy,0.34715152
TheDuskDragon,0.3471515
stock_character,0.34715143
weeyummy1,0.34715122
imaybemeesh,0.34715116
robotshoelaces,0.34715107
AloeRP,0.34715107
townshend445,0.34715077
CoolVito,0.34715077
a11city,0.34715065
PerplexD,0.3471502
TransPM,0.34715015
shmup,0.34715006
mygrapefruit,0.34715006
Bank_Gothic,0.34715006
mindspread,0.34714994
meiotta,0.34714988
R3miel7,0.34714973
bunka77,0.34714964
speckz,0.34714964
mightymdc,0.34714964
studcase,0.34714955
MKorostoff,0.3471495
SimplisticX2,0.3471494
facedefacer,0.34714937
zigzag32,0.3471493
cheetahlip,0.34714916
vvarden,0.34714884
ktool,0.34714866
Indy_Pendant,0.3471483
gijyun,0.34714815
elmntguy12,0.34714815
DougDante,0.34714806
Sporkinat0r,0.34714806
Reed18,0.34714806
acman319,0.34714782
NeverOC,0.34714782
tehreal,0.34714773
KerrickLong,0.34714773
db82,0.34714758
FAderp91,0.34714755
TwisterAce,0.3471475
Flatline334,0.3471475
PinkMonkeySlippers,0.34714702
coolhandluke45,0.34714696
david-me,0.3471467
wakeupsheep,0.3471467
Kaer,0.34714657
fishsandwich,0.34714648
MegaHz,0.34714645
kites47,0.34714627
FishBonePendant,0.34714615
gnashville,0.347146
m0pi1,0.34714535
zigzagzig,0.34714535
critcal_kurt,0.34714526
cpt_bluebear,0.34714517
sandhouse,0.347145
Otters4455,0.34714484
ralph122030,0.3471443
jdylopa,0.3471443
Smipims,0.34714425
jwatkins29,0.34714416
jimmahdean,0.34714368
Condhor,0.34714362
IAMHab,0.34714335
teuast,0.34714317
GeauxHouston22,0.3471431
GoodLeftUndone,0.34714285
Coriron,0.34714285
trafc,0.3471427
spatchcock,0.3471426
edwartica,0.34714234
sakasama_bridge,0.34714234
DrossGnostic,0.3471423
don_majik_juan,0.3471423
sygede,0.34714228
RevWaldo,0.34714207
CantankerousMind,0.347142
MisterGone5,0.34714183
vviikkrraanntt,0.34714174
yhelothere,0.34714168
Ancel3,0.3471416
Kingelmobap,0.34714144
Zeratas,0.34714139
tamifromcali,0.34714139
eternal_wait,0.34714139
boommmmm,0.3471413
ch00f,0.34714097
jeffAA,0.3471409
risto1116,0.34714073
Wolven49,0.3471407
Mr_Philosopher,0.3471407
admiraljohn,0.3471407
j1002s,0.34714064
British_Monkey,0.3471406
stylezDWhite,0.34714055
sid9102,0.34714028
thethiefstheme,0.34714028
DuncanDonutz,0.34714025
enad58,0.34714016
travkram,0.34714004
Jaksongitr,0.34714
amosko,0.34714
TheMagicLlama,0.34713995
JOEY2X,0.34713987
mach-2,0.34713978
UnholyDemigod,0.3471397
Arve,0.34713966
47L45,0.34713933
ImNotAnAlien,0.34713927
Lokipokie504,0.34713927
Sommiel,0.34713924
labago,0.34713846
HappyManatee,0.34713823
izmatron,0.34713814
MHoffy,0.34713796
XiKiilzziX,0.3471379
GEN_CORNPONE,0.34713763
elmfuzzy,0.34713745
juror-number-8,0.3471371
Patrick_the_Saint,0.34713656
Caligineus,0.3471365
kevler9oh,0.3471365
Justintime233,0.34713635
TooDrunkToTalk,0.3471362
pandawooper,0.34713614
jsalazar3,0.34713614
theruins,0.34713608
CVBrownie,0.3471358
pencer,0.34713557
TheSimpleArtist,0.34713557
ejchristian86,0.34713557
datenwolf,0.34713554
deadsoldier,0.34713516
djspacebunny,0.3471349
sje46,0.34713486
mintberrycrunk,0.34713477
sumiriously,0.3471346
Searchlights,0.3471344
nittick,0.3471344
jlew24asu,0.34713402
dudewhatthehellman,0.34713396
InternetTourGuide,0.34713387
nyarr,0.34713387
bigshmoo,0.3471338
dossier,0.34713376
TopHATTwaffle,0.3471337
al3xwuzhere,0.34713367
Yawehg,0.34713367
Iamien,0.3471336
JDawg2332,0.34713358
markevens,0.34713355
ZachPaj,0.34713307
touchable,0.34713292
rocketman0739,0.34713283
7D4Y_WEEKENDS,0.34713283
atthegreenbed,0.34713274
syuk,0.34713274
caross,0.34713265
TheSwedeIrishman,0.3471326
Pyrao,0.34713253
DocJawbone,0.34713253
eatcrayons,0.34713253
Tox77,0.34713244
yeahHedid,0.34713244
DarkSideofOZ,0.34713227
staomeel,0.34713227
armedNINJA,0.347132
xXSJADOo,0.3471319
killerado,0.3471319
Sir_Llama,0.3471319
jam3zz,0.34713188
RAGErER,0.34713167
Finnishalzheimerskid,0.34713158
NoahsArcade84,0.3471312
Scorch8482,0.3471312
jvacek996,0.3471312
footballfan123,0.34713086
Operatics,0.3471307
jeffiethepirate,0.3471305
luxpsycho,0.3471305
expert_at_SCIENCE,0.34713042
HanktheDog,0.34713036
BritishEnglishPolice,0.34713036
mgrier123,0.34713012
Soccer21x,0.34713006
DrSnaipa,0.34712967
lilstumpz,0.34712934
TheRealCalypso,0.3471292
Skylerguns,0.34712914
Santa_Claauz,0.34712914
mike413,0.3471291
namsilat,0.34712896
karhall,0.34712887
CoolGuySean,0.3471288
ion-tom,0.3471283
mspk7305,0.3471282
Salsadips,0.34712812
scythesabre,0.34712812
taliriktug,0.34712803
MonksWithSticks,0.34712785
TheBird47,0.34712753
Caesar071,0.34712744
meatwad75892,0.34712738
ZeMeest,0.3471273
swiftpants,0.3471273
alaskanloops,0.3471272
CoCo26,0.3471271
chico12307,0.3471271
nomau,0.34712702
thefaith1029,0.3471269
sage_of_majic,0.3471268
Petrarch1603,0.3471268
Pwnacus_Maximus,0.34712642
Galaxyhiker42,0.34712622
BiggityBates,0.34712622
staiano,0.34712613
mike23pizzo,0.34712613
Justmomsnewfriend,0.3471259
PenName,0.34712577
Lancaster1983,0.34712547
Scarytownterminator,0.3471253
ANAL_PLUNDERING,0.34712505
nomanoid,0.34712493
mikejohnno,0.3471246
drucey,0.34712443
sp4ce,0.3471244
chromer123,0.34712434
blaizedm,0.34712434
EpicCookieMan,0.34712383
itsrattlesnake,0.34712356
GlenThen,0.34712356
Zappastuski,0.34712338
BadgerGecko,0.34712315
ManWithoutModem,0.347123
ggskater,0.34712282
prematurepost,0.34712282
runningraleigh,0.34712273
woflcopter,0.34712264
cooncave,0.34712252
Jadis4742,0.34712243
Makinporing,0.34712243
rockeh,0.34712216
alan2500,0.34712192
mequals1m1w,0.3471216
NominalCaboose,0.3471215
coastermonger,0.34712142
Cshock84,0.34712133
rmill3r,0.3471211
wondertwins,0.3471211
SimonPlusOliver,0.34712082
Mewoko,0.34712082
sircmpwn,0.34712052
ridik_ulass,0.3471205
TheForceiswithus,0.3471205
The_Messiah,0.34712043
sararules2,0.34712037
farquezy,0.34712029
timothy53,0.3471201
LFryo,0.3471201
netpastor,0.34712005
ohohb,0.3471198
socalnonsage,0.34711966
1ceyou,0.34711954
peanutmanak47,0.34711948
mrhappyoz,0.34711942
Plumerian,0.34711918
garbageeater,0.347119
MoarBaconStrips,0.34711894
Oiiack,0.3471189
PenguinCowboy,0.3471187
RepostFrom4chan,0.34711862
martentk,0.34711856
price0416,0.34711838
SgtMaj_Obvious,0.3471183
Inane_Asylum,0.34711805
ajsadler,0.3471177
pzycho,0.34711766
ProjectDusk,0.3471176
coolkid1717,0.3471176
WatersofNazareth,0.34711757
Sarke1,0.34711757
Yupitsnuge,0.3471175
Sir_Dr_Dickface_IV,0.34711742
sivadneb,0.3471172
turbie,0.34711713
Treviso,0.34711713
ed1380,0.34711713
Aktve,0.34711713
rriz7,0.34711713
Dreckerr,0.34711704
chancegold,0.34711695
Tater_Nuts,0.34711662
Sam1r,0.34711662
gigglestick,0.34711653
Jmgill12,0.34711644
moontanned,0.34711644
RRuS,0.3471163
brosen87,0.3471163
TheDarkishKnight,0.3471161
saadakhtar,0.3471161
LyleLanley99,0.34711573
heresybob,0.34711573
Sasquatch99,0.34711573
doctorsound,0.34711558
HooptyDooDooMeister,0.34711558
unusualbob,0.34711555
nikiverse,0.34711555
finsup,0.34711546
Darrkman,0.34711537
themightypierre,0.3471151
thevideoclown,0.34711495
kevvvn,0.3471149
Mattho,0.3471149
PuroMichoacan,0.3471146
PinkPajamaPenguin,0.34711456
poobicus,0.34711447
hotstickywaffle,0.3471144
sorcon,0.34711418
Pressedlee,0.3471141
Max_W_,0.34711397
travcurtis,0.34711364
nomcow,0.34711355
baylithe,0.34711322
Protuhj,0.34711322
vorin,0.3471132
949paintball,0.34711313
Toliver182,0.34711304
dhamster,0.3471129
luag,0.34711263
_deffer_,0.34711263
paulfromatlanta,0.34711245
LelahMunster,0.34711236
Timmybee,0.34711233
amorpheus,0.34711224
xarkonnen,0.34711224
riokou,0.3471116
zosobaggins,0.3471116
LeanBean17,0.34711155
mackk,0.3471115
mikeleus,0.3471115
Whoa_Bundy,0.3471114
Beave1,0.3471113
skarface6,0.34711096
professorpan,0.3471109
Rejexted,0.34711078
Googunk,0.3471107
Orangemilk,0.3471107
MikeOfThePalace,0.34711057
rspix000,0.3471104
cderry,0.34711033
Hoyarugby,0.34711027
GFandango,0.34711018
Slashered,0.3471101
pkmnBlue,0.34710985
roflbox,0.34710985
odinist,0.3471095
Sagerian,0.34710914
r3dh3rring,0.347109
Sanwi,0.347109
LaugeGregers,0.347109
spez,0.34710845
killerwin,0.34710842
Cutzero,0.34710833
ohnoitsrambo,0.3471083
Clarketk,0.3471081
xanton,0.3471081
th3thund3r,0.3471074
Sidewinder77,0.34710732
scudd,0.34710723
LewisKiniski,0.3471071
RDR911,0.34710702
Shagga__son_of_Dolf,0.34710702
solateor,0.34710702
LoneWolfComando,0.34710652
dusters,0.34710652
Raual,0.34710652
Trojanbp,0.34710652
Roflmoo,0.347106
Iloldalot,0.34710562
grantmoore3d,0.34710556
dicaxe,0.34710556
hearo,0.34710556
abgafi_laffy,0.34710535
weaselbeef,0.34710523
hseldon10,0.34710518
ChingShih,0.3471051
Freshenstein,0.3471051
ivegotagoldenticket,0.3471051
andywarno,0.34710506
TopScruffy,0.34710497
hexprocess,0.34710482
jehe,0.3471048
phillyfanjd,0.3471048
Faneste123,0.3471048
VictoriousPR,0.3471046
kasutori_Jack,0.3471046
Langly-,0.34710452
hachi6,0.34710437
Anadyne,0.3471042
iLiketrains131,0.34710407
brownboy13,0.34710398
hax2damax,0.34710374
s-mores,0.34710357
sleepynow,0.34710342
Piemonkey,0.3471032
nayson9,0.34710303
BeingDS,0.34710294
Darth_InvadeHer,0.3471029
FortuitousAdroit,0.34710285
daxl70,0.34710282
DangerousDetlef,0.34710276
LittleTillyFooFoo,0.34710255
Lumpzor,0.3471024
burnner_,0.3471024
CGWLP,0.34710237
DarthWeezie,0.3471019
magicmurph,0.34710154
colacadstink,0.34710142
Halaku,0.34710133
FelixR1991,0.34710133
nomofica,0.34710133
synopser,0.34710112
ChemicalOle,0.3471008
mago184,0.3471005
downhillmojo,0.3471005
mr_pleco,0.34710008
RubyRod,0.34710002
food_bag,0.34710002
echeese,0.34709993
nathanl1192,0.3470998
iaman00b,0.3470998
cessna182er,0.3470997
i_is_surf,0.34709948
Danarky,0.34709948
The_Doctor_00,0.34709942
leafeator,0.34709924
astappaerts,0.34709916
kcell,0.34709904
B-Jamz,0.34709904
orko1995,0.34709904
Acenus,0.3470989
sovietsrule,0.34709886
BeerIsMyFriend,0.34709886
Spartancarver,0.34709886
promonk,0.34709874
6stars,0.3470987
Pabl0Esc0bar,0.34709853
Sidetracking,0.34709817
Aiken_Drumn,0.3470981
klassik891,0.34709784
windoverxx,0.3470977
Mixed-Signals,0.34709758
sirkyle,0.34709758
itsallgoodie,0.34709722
bge,0.3470967
xAsianZombie,0.34709665
dbcspace,0.34709656
djonn,0.34709638
onscreenlol,0.34709623
elemenohpee,0.34709617
122ninjas,0.34709617
trshtehdsh,0.34709594
cheezus_lives,0.34709585
dracoirs,0.3470957
eternallylearning,0.3470957
Spam4119,0.3470956
Schnapplegangers,0.34709525
done8989,0.34709516
silentstorm2008,0.34709495
PotatoMusicBinge,0.34709486
kleopatra6tilde9,0.34709474
MathGrunt,0.34709468
scolbert08,0.3470945
guelahpapyrus,0.3470945
ripster55,0.34709445
tt_frog,0.34709442
Spamsational,0.34709442
thunder216,0.34709433
potato1,0.34709418
Yanrogue,0.34709403
Aegist,0.34709382
l33tSpeak,0.34709376
spekter299,0.3470932
Their_Police,0.34709308
jamers89000,0.34709284
Doomburrito,0.34709236
skepticaljesus,0.34709236
C_sharp_minor,0.34709212
hyperbad,0.34709185
bundleogrundle,0.3470918
margaryna,0.34709173
azizinator25,0.3470917
doodooeyes,0.34709167
cavitycreep,0.34709153
DarthOtter,0.34709144
Grant638,0.34709132
jaxspider,0.34709123
quaxon,0.34709123
highintensitycanada,0.34709102
Russbear,0.3470906
Fishooked,0.34709057
noeatnosleep,0.3470903
Phydeaux,0.34709013
GiveMeBackMySon,0.34709007
Dekanuva,0.34709007
burgplayer,0.34708998
TCBloo,0.3470898
grey_sky,0.3470898
Topper2676,0.3470896
vaginitischlamydia,0.34708956
JayTbo,0.34708947
timotab,0.3470892
jguacmann1,0.3470892
MasCapital,0.3470892
that1guywithredhair,0.34708917
RedSquaree,0.34708893
hirashirou,0.34708875
Omar_Indeed,0.34708852
Evadregand,0.34708846
ne0lithic,0.34708837
enfdude,0.34708837
Dropbear81,0.34708828
listn2moremetal,0.34708825
Poptorts,0.34708816
johnmedgla,0.34708816
callmenighthawk,0.34708807
Kuklachev,0.34708732
Sgtstudmufin,0.34708723
EmceCocks,0.34708714
Guest101010,0.34708706
FrenchieSmalls,0.34708703
sabotourAssociate,0.34708673
windowbreaker9,0.34708673
ToThisDay,0.34708655
badbrutus,0.34708613
benjamari214,0.3470861
no_turn_unstoned,0.34708574
TheWaterTemple,0.34708568
kidzior,0.3470855
Stenzy,0.3470855
RSismylife,0.34708518
Steel_Ninja,0.3470849
freeogy,0.34708467
Amandrai,0.34708467
Codyyblake1,0.34708458
bazzaretta,0.34708446
captainstan,0.3470844
blacjack,0.3470844
Kavec,0.34708434
loudtyper,0.34708425
kookoo831,0.34708425
jyapman,0.34708422
yeebok,0.34708408
metabeing,0.347084
thegillenator,0.3470834
tomasziam,0.34708336
Fergals1107,0.34708312
Likes_Information,0.34708288
Vorchun,0.34708285
TheNateMonster,0.34708276
1pnoe,0.3470826
jermslice,0.34708259
ItWillBeMine,0.34708244
jabask,0.34708235
Kuro_yami,0.34708232
LoyalTillTheEnd,0.34708193
Atomicbob11,0.34708178
gentlemandinosaur,0.34708178
watchesyousleep,0.3470816
rohirs,0.34708154
dcwj,0.34708148
VulcanRyu07,0.34708145
rizz360,0.34708145
zarmin,0.34708145
DominicDom,0.34708136
feelbetternow,0.3470813
itmightbeaseizure,0.34708124
Birch_Tree,0.34708086
4alex6,0.34708083
cespes,0.34708074
harry20larry,0.34708056
EunByuL,0.34708053
no1name,0.34708053
SSJwiggy,0.34708053
mi1kman_dave,0.34708044
randoh12,0.34708044
Twice_Knightley,0.3470803
yousaidicould,0.3470802
Vpolne,0.3470802
DeviousRetard,0.34708002
TheFugget,0.34707978
Ownsin,0.34707946
aJarofDirt,0.34707922
atticus138,0.34707898
foehammer111,0.34707883
Rickolas,0.34707883
Vindexus,0.34707862
amadea56,0.34707853
thedeadhipster,0.3470785
Travv,0.3470784
Banko,0.34707835
h0bb3z,0.3470782
hoowahoo,0.34707773
dan3659,0.34707764
RoverDaddy,0.3470775
pikadrew,0.34707737
PeacePig,0.34707722
devitodevito,0.34707713
llnk,0.34707645
OVdose,0.34707606
St1cks,0.347076
kmad,0.3470759
sodypop,0.3470759
CptCoatrack,0.34707588
fapfap_ahh,0.34707558
VeinyPickle,0.34707558
rdfiii,0.3470754
I_did_not_rape_her,0.3470753
we1shknigh7,0.34707525
TheBlazingPhoenix,0.34707516
WyattFlem,0.34707507
henry10937,0.3470749
MessiahX,0.34707475
awood785,0.34707475
King_of_the_Lemmings,0.34707466
SnakeyesX,0.3470744
matt01ss,0.34707433
nyuncat,0.34707433
brownmagician,0.34707415
mamba_79,0.34707385
huckstah,0.34707382
EvalJow,0.34707367
trmaps,0.34707358
RndmHero,0.34707335
yellowtag,0.34707335
Commander_Ninja,0.3470733
brocccoli,0.3470732
BrosEquis,0.34707275
paintedsaint,0.34707266
Grapeboy,0.34707266
Fadic4,0.34707263
FredWampy,0.34707257
I_LOVE_SHEEP,0.3470724
rdelamora1,0.34707233
greiger,0.34707215
Clark-Kent,0.34707215
NeonFights,0.347072
haakondafo,0.34707198
rougetoxicity,0.34707192
BionicSammich,0.34707174
SW4506,0.34707174
scattyckot,0.34707165
Womec,0.34707162
ryan3243,0.34707162
karthus25,0.34707162
Ultravod,0.34707153
jonesguy14,0.34707135
skibble,0.3470713
kleinergruenerkaktus,0.34707093
AjdinSamurai,0.3470707
Ryan_Konky,0.34707063
pedro19,0.3470706
Rlight,0.3470704
J-DawgDBZ,0.34707028
spoofex,0.34707028
lozdogz,0.34707028
notamustache,0.34707
lemonfreedom,0.34706995
BusyPedro,0.34706986
kilo73,0.34706986
slapFIVE,0.34706977
MercurialMadnessMan,0.34706968
Airazz,0.34706968
SuckingDiesel,0.34706968
Perma,0.34706968
_Synth_,0.34706947
polydorr,0.34706947
tuckertucker,0.34706938
FuzzBuket,0.3470693
skyline_kid,0.3470693
coreyf,0.34706905
RandomName01,0.3470688
armyn1,0.34706855
auriumius,0.3470684
Joelsaurus,0.3470684
ujemvi,0.3470684
evolvish,0.3470684
Alexanderr,0.34706804
SpaceOdysseus,0.34706786
VonAether,0.34706783
Purecheetodust,0.34706783
piepei,0.34706777
makemisteaks,0.34706762
acteon29,0.34706736
HawkFood,0.34706736
seaburn,0.34706724
aliaschicnine,0.34706718
krispykrackers,0.34706706
absentmindedjwc,0.34706667
Autopilot_Psychonaut,0.34706643
CasioQuartz,0.34706643
vanillathunder12,0.34706628
tha_dood,0.34706616
verygoodyear,0.34706607
JustZisGuy,0.34706596
big_tuna2,0.3470658
JoshuaLyman,0.34706572
Phritz777,0.34706557
craig3010,0.34706548
empyreanmax,0.34706548
Cup_O_Coffey,0.34706545
StutMoleFeet,0.34706536
trumpet_23,0.34706506
1leggeddog,0.34706506
MrLeekspin,0.347065
kriswone,0.3470649
antifolkhero,0.34706482
bakerie,0.34706467
downtothegwound,0.34706458
AtheistAgnostic,0.34706458
Areat,0.3470645
likwidtek,0.3470643
hoodedbob,0.34706423
Nicb903,0.347064
canipaybycheck,0.34706384
05senses,0.34706384
thenicky0,0.34706315
EdgarAlanPwnd,0.34706277
terrorTrain,0.34706247
billgarmsarmy,0.34706223
Nesyaj0,0.3470621
SQ_Minion,0.34706205
weeeaaa,0.3470619
Chompski1213,0.3470618
Maple_D,0.3470617
theoneringnet,0.3470617
lejefferson,0.34706166
mapryan,0.34706157
YHofSuburbia,0.3470615
UnhiDEER,0.3470614
marky6045,0.3470612
unclesam_0001,0.3470612
latenightnerd,0.3470611
stormclaw11,0.34706092
caustictoast,0.3470606
KyleKingCDN,0.34706056
longhairedfreakyppl,0.34706044
Swede_Babe,0.34706035
HasNoClue,0.34706026
TheShittyBeatles,0.3470602
Sabvegas,0.34706005
IRunIntoThings,0.34705988
typical_thatguy,0.34705967
sobeach,0.34705967
RedditINator70,0.34705958
loopscadoop,0.3470592
RhapsodyQ,0.34705895
Shaleensinha88,0.34705868
jupiter0,0.34705853
doug3465,0.34705845
freshmozz,0.34705836
jiblet84,0.34705827
kindofstephen,0.34705827
deadlyenmity,0.34705827
byeberlin,0.34705794
somedude456,0.34705767
dudelsac,0.34705764
dave32891,0.3470576
IronOhki,0.34705743
Unboxermail,0.3470574
PortixArsenal,0.3470573
mi-16evil,0.34705725
nickbob18,0.34705713
GoFlight,0.34705698
nmpraveen,0.34705696
ronconcoca,0.3470569
rpm1984,0.34705678
foamed,0.34705672
Remdawg,0.34705645
Papa-Lazarou,0.34705645
TheBioself,0.3470564
PantsHasPockets,0.3470563
mwada1,0.3470563
nodnodwinkwink,0.3470558
Orangutan,0.34705552
HeezyB,0.34705544
RainieDay,0.34705538
0rigin,0.34705535
ymmajjet,0.3470551
username5550123,0.34705508
OPKatten,0.34705502
julian88888888,0.34705502
sn44,0.34705502
fb95dd7063,0.34705457
xtirpation,0.34705448
XavierMendel,0.3470542
TypicalHaikuResponse,0.3470542
Fuzzymuzzy,0.34705406
xenmate,0.34705374
poops_all_berries,0.3470533
potatosss,0.34705296
bojank33,0.34705287
BioGenx2b,0.34705248
ancientworldnow,0.34705225
_Woodrow_,0.34705216
throwaway555789,0.3470521
GenghisKhanX,0.3470521
Goldd,0.34705195
iiCUBED,0.34705195
anexanhume,0.34705174
Eraser1024,0.34705147
MootBear,0.3470514
FakeChowNumNum1,0.3470514
You_coward,0.347051
bigsol81,0.3470509
8bitmorals,0.3470509
StickleyMan,0.3470506
bitshoptyler,0.3470501
KevlarYarmulke,0.3470501
shellbullet17,0.34705
Oderdigg,0.34705
xavierfox42,0.3470499
Kwasbeb,0.3470498
financialbabe,0.34704968
jdbee,0.34704968
supersonic3974,0.34704968
Ederek_Cole,0.347049
shzadh,0.34704885
belandil,0.3470488
Zmodem,0.34704858
Spastic_colon,0.34704837
JakeBurnsRed,0.34704828
brodesto,0.34704792
sulaymanf,0.34704766
Chef_Kevorkian,0.3470476
RockasaurusRex,0.34704736
Frashizzle,0.34704727
StrawberrieDream,0.34704718
Browsing_From_Work,0.34704712
Jazzy_Josh,0.34704688
Lygar,0.34704688
kulaboy94,0.34704688
zamwut,0.3470468
dafunkmasta,0.34704652
deeperkyo,0.34704635
creesch,0.3470462
Pandalism,0.34704617
NotaMethAddict,0.34704605
Bennyhick,0.34704584
El_Pinguino,0.3470457
Clit_Commander,0.34704536
ubomw,0.34704512
NeverrSummer,0.34704497
Acidyo,0.3470442
stixz101,0.3470441
Lostinyourears,0.34704405
vetcmb,0.34704396
Nondo,0.34704396
Platinum1211,0.3470436
CyanogenHacker,0.34704345
Kadrik,0.34704328
KeruxDikaios,0.34704328
SkeptiCalhippoh,0.34704322
Teckel22,0.34704313
Tripudelops,0.34704295
rock217,0.34704295
FauxShizzle,0.3470429
sexi_squidward,0.3470428
lttljimmy,0.34704256
firstdibbz,0.34704256
whicketywack,0.34704256
paintingunicorn,0.34704223
MarkBC,0.34704214
GoblinTechies,0.34704205
laristocrate,0.347042
CHollman82,0.34704196
yannisv,0.34704188
exatorp,0.34704173
spankr,0.34704173
ToBadForU,0.3470417
Taedirk,0.34704146
KizzyKid,0.3470414
blore40,0.34704128
Dathadorne,0.34704128
Integralds,0.34704122
frisky_business2,0.3470411
Spineless_John,0.34704104
yakpimp,0.34704104
KillEmAll83,0.34704053
martiniman,0.3470404
RackballJoe,0.34704033
Devistator,0.34704033
SadDragon00,0.34704024
Bergolies,0.34703985
Acrio,0.34703982
Geckos,0.34703982
kyuronite,0.34703982
misnamed,0.34703967
CLSmith15,0.34703958
867stevo,0.34703955
Sweddy,0.3470393
HyphyBonez,0.34703925
spacelemon,0.34703898
Ruddiver,0.34703848
zonination,0.34703794
inaaace,0.34703767
Ginganinja888,0.34703752
brody10123,0.34703726
adrenaline786,0.34703717
zillah1985,0.34703717
rolobrowntowntony,0.34703675
jonez450,0.34703672
brandonisgreen,0.34703666
willreavis,0.34703666
iamjakeparty,0.3470366
ITEM_NINE_EXISTS,0.3470365
epilis,0.34703645
ablebodiedmango,0.3470364
ontherok,0.3470363
nomsecretly,0.34703624
CharlieBear26,0.34703603
dwaxe,0.34703603
wjfox2009,0.34703586
chronic2001,0.34703562
callmecatalyst,0.34703562
SaltyChristian,0.3470354
fernandoandretn,0.34703532
danielblakes,0.34703508
solidwhetstone,0.34703502
SebbenandSebben,0.34703484
DFGdanger,0.34703475
TylerL320,0.3470346
B_anon,0.34703445
flipzmode,0.34703445
Rainieri,0.3470341
AmunRa666,0.34703407
aerobat97,0.3470339
canard_glasgow,0.34703365
cptcliche,0.34703353
dmk2008,0.34703344
feedthecollapse,0.34703317
happytrees,0.34703314
Occupier_9000,0.3470328
GuidoZ,0.3470328
MadScientist14159,0.34703273
richardveevers,0.34703255
obsessive_cook,0.34703246
Nekrogoblikon,0.34703228
neocow,0.34703228
slayeromen,0.34703204
fattylewis,0.3470313
IronOxide42,0.34703094
Mx-yz-pt-lk,0.34703055
NMeiden,0.34703055
fact_hunt,0.3470305
Pizza_The_Hutt,0.3470303
ginja_ninja,0.34703013
alienth,0.34702998
Aduckonquack97,0.3470299
paranoidbillionaire,0.34702966
Usht,0.34702966
nomemory,0.3470292
Bersonic,0.34702915
IronA1dan,0.34702906
inquirewue,0.34702906
ahampster,0.3470288
PiggyWidit,0.34702864
namer98,0.3470285
pavel_lishin,0.34702843
garychencool,0.34702826
OstriNarwhalForce,0.34702826
dagbrown,0.347028
fluffyponyza,0.34702778
danwin,0.34702733
zeug666,0.347027
SecularScience,0.3470269
Kattzalos,0.3470269
gnuworldorder,0.34702674
FuriousLamb3,0.34702674
jremz,0.34702656
ddesla2,0.34702656
broccolibush42,0.34702635
CarlLady,0.34702626
Rhythmic,0.3470262
shniken,0.34702617
apatt,0.34702584
Reminemaril,0.34702492
promek,0.3470249
ProfessorCaptain,0.34702483
ReplyYouDidntExpect,0.34702468
ma6ic,0.34702465
jettrooper33,0.34702426
Tauna,0.34702417
DZ302,0.34702417
NotYourMothersDildo,0.3470241
theghostofme,0.34702381
SonicWafflez,0.3470238
dzamir,0.34702355
idma,0.34702328
madsohm,0.34702328
SmokehTheBear,0.34702316
miklaen,0.34702313
jpsquill,0.34702295
LKS,0.34702268
someredditorguy,0.34702262
purpleolive,0.3470218
HIVEvali,0.34702173
Dr_Sandvich,0.34702164
DuckDragon,0.34702122
COOKIEEE,0.3470209
ustbro,0.3470204
strangelycutlemon,0.34701964
CityWithoutMen,0.3470194
bumblingmumbling,0.3470191
BipolarBear0,0.34701905
Kolumbz,0.34701866
vaselinepete,0.34701815
gologologolo,0.34701797
amj00,0.34701785
Qusqus73,0.34701762
CleanBill,0.3470174
joka86,0.34701738
decode1101,0.34701735
HITMAN616,0.3470173
zoot_allures,0.34701672
Rawtashk,0.34701663
veron101,0.34701654
lloganwebb,0.3470165
MisssBadgerEnt,0.34701616
Tenstone,0.34701574
PdoesnotequalNP,0.34701532
headasplodes,0.3470148
acidroach420,0.34701473
Wagosh,0.34701467
CountGrasshopper,0.3470145
gloomios,0.3470142
pseudolobster,0.3470133
theonlyalterego,0.34701318
FellKnight,0.347013
Liquidkp,0.3470129
LowlifePiano,0.34701252
LawrenceLongshot,0.3470124
1tepa1,0.34701234
EvanC313,0.34701216
Genesis09,0.3470101
alexkoeh,0.3470101
earthDF,0.34700996
TheRiseOfMaths,0.34700984
Kalfira,0.3470098
Zeulodin,0.3470092
brianfizzle,0.34700912
t0lk,0.34700882
kernowgringo,0.34700838
leet_hacksaw,0.34700787
beernerd,0.34700772
InternetNinjacy,0.34700766
agnesb,0.34700742
sprawld,0.34700716
metaranha,0.34700644
drunkentune,0.347006
Servious,0.34700534
AwkwardDev,0.34700504
B33sting,0.34700462
exitstrateG,0.34700456
Salanderson,0.34700435
jbrooks21,0.34700358
AlexBeeInBim,0.3470035
xlarukux,0.34700334
nasdaf,0.34700325
catch22milo,0.3470032
georedd,0.3470031
Innova,0.34700248
l3un1t,0.34700224
mage_g4,0.34700218
resonatingfury,0.34700203
menes40,0.34700134
HeavensNight,0.34700128
djweswalz,0.34700128
ThatSodomite,0.34700117
ksaj,0.34700033
inmatarian,0.34699956
stonesfcr,0.3469994
k0mbaticus,0.3469992
Skanh,0.34699902
MrCobaltBlue,0.34699833
CUB4N,0.34699827
I922sParkCir,0.34699783
QuoteOfTheHour,0.34699774
Maxscape7,0.34699765
Markus_Antonius,0.3469976
Ihearcolor,0.3469973
nomalas,0.34699723
AtomicDog1471,0.34699705
Simcom,0.34699687
srubt242,0.3469962
Killgraft,0.34699595
Izick,0.3469954
theskabus,0.34699532
Xeonit,0.3469951
mehdbc,0.3469937
supercheetah,0.3469934
averagemonkey,0.34699285
jay456,0.34699276
lordcarnage,0.34699258
UseWhatName,0.34699112
physicscat,0.3469907
yourcitysucks,0.34699053
MichaelJahrling,0.3469903
Spezzle,0.34698978
cubedG,0.3469895
SethBling,0.34698942
treebog,0.34698927
lovetape,0.34698892
Unicornholio,0.3469889
Pravusmentis,0.3469888
intortus,0.34698853
Kingtorm,0.34698844
Heelincal,0.346988
Cadoc,0.34698787
grimskrotum,0.34698707
garmachi,0.34698668
Stewie977,0.346986
cr5315,0.3469845
needuhLee,0.3469842
parles,0.34698257
megustcizer,0.34698126
NoseFetish,0.34698084
BkkGrl,0.34697977
jonnyd005,0.34697878
swampsparrow,0.3469763
Patrick5555,0.34697413
Master-Thief,0.34697378
carny666,0.34697348
marmz111,0.34697327
whipnil,0.34697306
drumcowski,0.34697303
cusoman,0.34697282
D3cker,0.34697226
p337,0.34697178
JBHUTT09,0.34697098
d1dOnly,0.34697053
pianobadger,0.3469702
gzcl,0.34696996
not-a-cylon,0.3469653
orthros,0.34696493
DickRhino,0.34696475
Gehalgod,0.34696355
Natural_RX,0.34696233
pocodot,0.34696016
knobiknows,0.34695974
happyFelix,0.34695786
oliverhart,0.34695613
jetsparrow,0.34695587
Live4FruitsBasket,0.34695518
Xenophon1,0.34695405
peterabbit456,0.34694767
Random_Fandom,0.34692866
