username,GNN_Influence_Score
崔听筠,1.0
普瑞-赛斯_,0.97013503
月海_Tsugumi,0.9691548
M-V-T,0.96731925
薛定谔的狸花咕咕咕,0.966345
降萝伏莉仙帝,0.96360636
誓约寒,0.9628931
GLALXX,0.96263313
三添不贱,0.9625681
厌蠢之人,0.96217823
水族馆的大梨子,0.96211326
克喵可爱捏,0.9617232
茹大宝宝,0.96113914
冷心市民小玉,0.960685
大乔617,0.96062016
洁之良品---David,0.96023107
糸凛凛糸凛,0.96010137
fbi9527_,0.9600366
名字是一首歌,0.9599068
红石方块Max,0.9599068
一枚云朵轻飘飘,0.95990634
栗子暴打兔子,0.9597125
梓故zzz,0.9596477
Zachary照尘,0.9596477
泡澡香香的猫,0.95945334
nofish21,0.9593886
xym12345,0.95932376
烟雨不稀烟雨稠_,0.95932335
阳华与苹果酒的诗文,0.9593228
嘉泽胤阳,0.95931673
椰蓉の糯米糍,0.95925903
高筱珏,0.95925903
calmdown002,0.9591941
云淡啊风轻,0.95919406
美的空调,0.95912945
风雨之中任逍遥,0.95912945
35982787195_bili,0.9590647
清池处处起涟漪,0.9590647
picturesqueboat,0.9590647
迷之逊,0.95906454
稳重一点啊,0.9589999
_The_God_,0.9589999
沃洛嘉-,0.95899945
蓝曦Lences,0.9589352
辰溪轩道,0.9589336
GTA5Cyberpunk,0.95892924
一本正经的回忆录,0.9588705
首席高木厨,0.95886886
乌托村夫,0.9588056
cutewp,0.9588056
狐_hao,0.9588056
-芝士不好椰-,0.9588056
森set,0.9588056
许若潇,0.95874095
观岚岚吖,0.95874095
AHPbLIS,0.95874095
NEm0意为无人_,0.95874095
逃离实体,0.95874095
辛弃疾Simcheegy,0.95874095
41朵蓝玫瑰,0.9586762
在陆亨克这了,0.9586762
潜水的鱼n,0.9586762
芥_弥,0.9586762
亻五我鸟,0.9586114
颜值并不一定正义,0.9586114
tyzhende,0.9586114
我不是梦中人,0.9586114
漫游者__,0.9586114
一枚鸭梨,0.9586114
韩美娟Amire,0.9586114
My丶Dearest灬SU,0.9586059
KEX-Monika,0.9585467
正片叠底绘画战士,0.9585467
Yooofox,0.9585467
橘喵敲可爱,0.9585467
栀桦惜缘,0.9585461
活在阳光下是温暖的,0.95848197
一向如此真的吗,0.95848197
还没熟的鱼蛋,0.95848197
阑荀夕,0.95848197
-LostCity-,0.95848197
风度桑_EA,0.95848197
别vi我,0.95848197
原汁儿,0.95848197
黄益达哒,0.95848197
天王星-乌拉诺斯,0.95847803
龙君Long,0.9584173
-赵Mou-,0.9584173
月球队长makoto,0.9584173
Mi迷醉,0.9584173
刃下狼血,0.9584173
曦熙婉,0.9584173
百分之60的派蒙,0.9584173
无芳离逝,0.9584173
雾都冰火,0.9584173
Luloce,0.9584173
比格Bigsk,0.9584173
给端午打工,0.9584173
凛黦,0.9584173
望神侞㕃,0.9584173
花硬币改名啦,0.9584173
EVNSR,0.9584173
何不扬了它,0.9584078
默蜂QAQ,0.9583526
Callme祎一,0.9583526
常星林,0.9583526
独矿者-OMPn,0.9583526
鲨鱼的左膀右臂,0.9583526
中老年人签名藏彩蛋,0.9583526
银彩-SilVirbe,0.9583526
寂寂钟鱼柏满轩_,0.9583526
空城旧梦xzx,0.9583526
L3-猛汉猎人,0.9583526
一个稳健的玩家,0.9583526
十六不会做饭,0.9583526
分肠道辘,0.9583526
XT鸢尾,0.9583526
haigusang,0.9583526
夏日丨邮局,0.9583526
小宇游戏xy,0.9583526
店长工具人007,0.9583526
淆小青鱼,0.9583526
锐展XD,0.9583526
orzorz_,0.9583525
活在南极的热带鱼,0.95828784
UNICODE2025,0.95828784
kay1ey,0.95828784
极速小飞鱼fly,0.95828784
努力的小博士,0.95828784
AAA_千目东路跑车维修,0.95828784
希茵今天还在河里,0.95828784
初末寻辞,0.95828784
神秘的b站用户123456,0.95828784
科比,0.95828784
金德翼Golden_Daley,0.95828784
Gz小阿拐,0.95828784
QI--祺,0.95828784
无竺兰,0.95828784
名将杀,0.95828784
焚琴煮鹅,0.95828784
新建文档XP,0.95828784
学校你牛逼,0.958282
摩西菌vvvv,0.95827734
恭请邱小姐出嫁,0.95822316
凉簟残烛,0.95822316
没干劲de蚊子,0.95822316
nonane2077,0.95822316
来根大白菜,0.95822316
导坏,0.95822316
青春耄耋梦到曼波学妹,0.95822316
只要脊椎,0.95822316
楽しいかわいい子猫,0.95822316
面要多加香菜,0.95822316
十二刀语,0.95822316
q青药师p,0.95822316
锂葵,0.95822316
特工小鸡zzz,0.95822316
三国百将牌,0.95822316
Anastasiaying,0.95822316
容川居士,0.95822316
顾阿小,0.95822316
半东白皮,0.95822316
THX2012,0.95822316
白布林不_,0.95822316
MoonBit月兔,0.95822316
豌豆味老干妈,0.95822316
甘意ganyi,0.95822316
盒饭中的果冬咚冻,0.95822316
旗帜工作室,0.95822316
我也要吃鸡翅吗,0.95822316
香蕉皮の神,0.95822316
花生于竹南,0.95822316
为什么野兽没有我聪明,0.95822316
MiguelKosugi,0.9582231
馬馬雨,0.9582141
城南輕舟,0.95815855
西住学姐,0.95815855
尘风一枚,0.95815855
醒醒别oyi了,0.95815855
不死骨灰,0.95815855
小言La,0.95815855
DECO2077,0.95815855
Chalice_W,0.95815855
可爱的土狗哥,0.95815855
室盐,0.95815855
Lennon不会起名,0.95815855
苏九思-,0.95815855
中雨转大鱼,0.95815855
艹此用户不存在,0.95815855
风三月柒,0.95815855
昨日的曦,0.95815855
九月会很热,0.95815855
起飞ww,0.95815855
九ノ离,0.95815855
無_三,0.95815855
bl9f,0.95815855
旭日之舟,0.95815855
孚乃有庆,0.95815855
不见曦月3498,0.95815855
斜陽LilaS,0.95815855
Iris_lyric,0.95815855
与辞浅,0.95815855
华彩月,0.95815855
甜口豆瓣酱ovo,0.95815855
strangeineed,0.95815855
末薯名者,0.95815855
开背蒜蓉虾,0.95815855
Fierga伏尔加,0.95815855
Joy_326,0.95815855
w显眼包w,0.95815855
请叫我夕霧老师,0.95815855
拉拉小飞侠,0.95815855
星ToBe,0.95815855
玫瑰鹿bbs,0.95815855
撒野小树,0.95815855
豆腐腐腐腐fu,0.95815855
-MiAoo-,0.95815855
栗子鼠1940,0.95815855
来自律队的大拇哥,0.95815855
奕寯,0.95815855
彩叶の八千代,0.95815855
皇后区的热心邻居,0.95815855
夜泠ovo,0.95815855
鬼清明,0.95815855
五更瑠璃丶黑猫,0.95815855
彩色的风123,0.95815855
大保底不歪臻菌,0.95815855
诞水弧,0.95815855
卦挂呱,0.95815855
曾文的旋律,0.95815855
Slytherin-xsh,0.95815855
糖盐一定要在一起,0.95815855
魔君林澈s,0.95815855
物喜寄悲,0.95815855
蓝色懒猫一只,0.95815855
SocianZeStof,0.95815855
Space丶JS,0.95815855
维焉,0.95815855
鲁路修·Vi·布里塔尼亞,0.95815855
苦瓜哇_,0.95815855
芊九沫,0.95815855
神络局外规划社,0.95815855
超高校级の女装大佬,0.95815855
流客不知名,0.95815855
伏特加爬山斗地主,0.95815855
堂唐塘,0.95815855
泊鈞,0.95815855
-KU-MA-,0.95815855
折纸无忧,0.95815575
想画画的七辰,0.95813924
流萤Soar,0.95812273
给你补个蛋蛋鼠,0.95809376
余余余余泠,0.95809376
过热的史莱姆,0.95809376
大山妖重明,0.95809376
10lxr,0.95809376
渡个毛,0.95809376
你大大大爸爸鸭,0.95809376
啊又过了一天呢,0.95809376
一只小梵茄,0.95809376
北冥系咸鱼,0.95809376
第七命,0.95809376
Inno_etc,0.95809376
-超级赛车王-,0.95809376
_Sao,0.95809376
秦丙辰,0.95809376
路过瞅你一眼的一只汪,0.95809376
元素AMG___,0.95809376
希儿希尔希希希,0.95809376
毛毛的从前,0.95809376
榴莲流奶牛角Bao,0.95809376
盼思返,0.95809376
灬贝莉尔灬,0.95809376
活捉一只小松许,0.95809376
励磁石,0.95809376
NeverSettle_,0.95809376
还会更差吗,0.95809376
瓏龍籠,0.95809376
好喜欢明日香-,0.95809376
死兆星之彩,0.95809376
xxx欲しい,0.95809376
深海绿gou咯,0.95809376
墨语默言,0.95809376
让子弹飛一会er,0.95809376
佐佐木卡西欧,0.95809376
你守哥来也,0.95809376
零篇川,0.95809376
偏激筱丶明,0.95809376
Melaniesmelon,0.95809376
天台美厨一位丌-丌,0.95809376
灰灰大王666_,0.95809376
灰溜溜儿,0.95809376
网卡又重连,0.95809376
承诺能信麽,0.95809376
美好Brave,0.95809376
YMQLL,0.95809376
走猫步的鲨鱼,0.95809376
Lei雷明Ming,0.95809376
imitator_,0.95809376
lin1270,0.95809376
瀚天2077,0.95809376
忆酒1,0.95809376
Strips139,0.95809376
paradox2333,0.95809376
凤凰之于飞-,0.95809376
--千椰椰--,0.95809376
LmHudRui,0.95809376
唐完就宋oh,0.95809376
猫猫和东东,0.95809376
全不灵,0.95809376
我永远喜欢高人先生,0.95809376
罐装盒头,0.95809376
咸桪不想哭,0.95809376
-月之语-,0.95809376
迈耶诚不欺我,0.95809376
胖虎酱啊,0.95809376
sunberun,0.95809376
summer丶埘绱,0.95809376
一只野生的文科生,0.95809376
你安全得救了,0.95809376
吧唧1口小漂亮,0.95809376
怎么不在家,0.95809376
斯胺叁,0.95809376
别吵快睡着了,0.95809376
时栖Hoho,0.95809376
该成为怎样的人,0.95809376
_white_,0.95809376
katerrrlhyu,0.95809376
再往前是远方,0.95809376
skylouis,0.95809376
KevinSxz,0.95809376
怣,0.95809376
多年ye,0.95809376
不想学理科的理科生,0.95809376
透镜星云,0.95809376
银的艺术,0.95809376
是懒人不是赖人,0.95809376
香爵可爱毛豆,0.95809376
一只雨欣丫,0.95809376
海比天藍,0.95809376
ALTLOVE,0.95809376
异常有用的垃圾桶,0.95809376
是小颜捏,0.95809376
花哨政,0.95809376
李惟张yq,0.95809376
影只猫Shadow,0.95809376
白风QAQ,0.95809376
9jllol,0.95809376
耶路撒冷沈阳路,0.95809376
彦伯英字子午,0.95809376
厄余eyu,0.95809376
猫咪子_,0.95809376
不二月诗,0.95809376
青雨清泉,0.95809376
是大熊哦,0.95809376
囷囷不困困,0.95809376
3角公式,0.95809376
3993,0.95809376
山海重工,0.95809376
我是天才蛙,0.95809376
特玛头拒绝成为番茄酱,0.95809376
聪明的高坚果,0.95809376
好奇的迷彩风筝,0.95809376
小主想睡觉,0.95809376
改头换面aaasa,0.95809376
是Q同学呀,0.95809376
LabMem_No004,0.95809376
单挑于北宸,0.95809376
卖盒饭的小哥,0.95809376
塰鸦,0.95809376
账號已注销2333,0.95809376
GGu3,0.95809376
SIG_SAUER-SP2022,0.95809376
Milktea椰,0.95809376
纳石矢,0.95809376
开朗的真爱坤,0.95809376
两大大碗稀饭,0.95809376
元气满满的柠柒吖,0.95809376
丢失的免写卷,0.95809376
北岛牧师,0.95809376
一锤定印,0.95809376
盘旋的千眼,0.95809376
阿潇不会吹箫,0.95809376
喂羊先锋,0.95809376
沈昇x,0.95809376
2k时期冷冻罗非鱼,0.95809376
梁永欣沃爱腻,0.95809376
原野绿电位分析,0.95809376
盒菌子,0.95809376
一念窥光,0.95809376
循湮26,0.95809376
瑾年丶亮,0.95809376
你的豌豆呀呀呀,0.95809376
自宅警備員のペンギン,0.95809376
海围着的陆地叫岛,0.95809376
可以让我退退,0.95809376
忧伤的冬瓜,0.95809376
烈豹乔亚,0.95808464
Rainman_E,0.9580788
半串钵钵鸡,0.95805943
听张xz,0.95805806
是王朝吖,0.9580522
bili_45506813630,0.9580291
喵喵眯眯呜,0.9580291
鸟畜,0.9580291
_SKH_,0.9580291
濠江南,0.9580291
夜礼服假面的红蔷薇,0.9580291
大伟囚,0.9580291
四叶Luckyclover,0.9580291
bili_45628101523,0.9580291
蔚海彦彦,0.9580291
礼亭,0.9580291
bili_45780123422,0.9580291
苜制茗,0.9580291
hinhin的鱼尾纹,0.9580291
埃里克ww,0.9580291
肆意丶梓,0.9580291
朱扎记,0.9580291
四区的尾椎骨,0.9580291
大耗司,0.9580291
桉子诺,0.9580291
予七语,0.9580291
YushawnChen,0.9580291
minostar,0.9580291
苏筱哲,0.9580291
老手勾大爷邓肯,0.9580291
改一个名字要我6个币,0.9580291
塔帕酱,0.9580291
ZENFE_09,0.9580291
白泽拓,0.9580291
见严冬,0.9580291
maggie_szh,0.9580291
_seagulll,0.9580291
未知1参上,0.9580291
luwenwuNB,0.9580291
蘭陵笑笑聲,0.9580291
茶杯里的非鱼,0.9580291
iridescent2024,0.9580291
曲奇如丝,0.9580291
茶茶stella,0.9580291
kong_yu_jun,0.9580291
Zoenash,0.9580291
沙沙沙尘暴,0.9580291
图tu_,0.9580291
晚夜溢晚,0.9580291
calvinOvO,0.9580291
我好想你呢_,0.9580291
喝不了冰啤酒,0.9580291
鳌拜得弟弟熬夜,0.9580291
松籽ker,0.9580291
葵九歌,0.9580291
啸温风,0.9580291
月的-六便士,0.9580291
熵增二踢脚,0.9580291
cnzjlaoluan,0.9580291
独孤东炎,0.9580291
杨月yang,0.9580291
月弥阶釤,0.9580291
阿祖卡布珈德,0.9580291
imksc,0.9580291
dc不重启不改名,0.9580291
Zoe7oe,0.9580291
夏花迷蝴蝶,0.9580291
唱唱反调呢丶,0.9580291
高松的灯,0.9580291
木梓渝,0.9580291
bili_69904352393,0.9580291
大家好滴滴,0.9580291
理塘的哲学家,0.9580291
lifeline你的生命线,0.9580291
喵喵折app旗舰版,0.9580291
想想晚饭吃什么_,0.9580291
茶橘reo,0.9580291
_月明共潮生,0.9580291
被消耗掉的6枚硬币,0.9580291
biupa嘣,0.9580291
曼珠沙华の彼岸花,0.9580291
被又耽误的电影公司,0.9580291
halo_nk,0.9580291
asd_-_,0.9580291
andymsu,0.9580291
喵卫阳裔,0.9580291
朔月清风qwq,0.9580291
hatomogi,0.9580291
杉本铃美,0.9580291
某不知名二字蔬菜,0.9580291
nemo_qq,0.9580291
精神大夫,0.9580291
灬暗夜神灬,0.9580291
生盐诺亚_Official,0.9580291
猫儿是大橘,0.9580291
乔砸のh,0.9580291
白色轮毂,0.9580291
棉花糖_MELLO,0.9580291
十万伏特Thunderboy,0.9580291
帆儿啦儿啊,0.9580291
哎呀我不想取名字,0.9580291
十一诗语,0.9580291
二次元恒星,0.9580291
二零老师,0.9580291
云柒July,0.9580291
云梦夜鼠,0.9580291
云织光,0.9580291
云鵃,0.9580291
猫吃鱼_鱼爱猫,0.9580291
海贝壳有海,0.9580291
赛博老登单推人,0.9580291
亡棋林,0.9580291
河马朋友,0.9580291
八部HCJPSM,0.9580291
空城一の猫,0.9580291
载易杞,0.9580291
半岛台吹吹风,0.9580291
wE1xUqU,0.9580291
閃刀姬丶零衣,0.9580291
有机生命,0.9580291
不想为取啥名字而烦恼,0.9580291
丙纯,0.9580291
一只小INKQWQ,0.9580291
不漾仙10032,0.9580291
唱骑速食,0.9580291
无法查询Nber,0.9580291
不狂人,0.9580291
沫惜亿,0.9580291
狐柳黄白灰,0.9580291
法厄同星尘,0.9580291
法厄同的暮暮,0.9580291
路灯的搬运工XD,0.9580291
新时代赛博扎克伯格,0.9580291
荷华千言,0.9580291
白李呀,0.9580291
专业吃瓜群众hhh,0.9580291
疯狂衡灵,0.9580291
两手-空空-,0.9580291
吃花椒的秃酱,0.9580291
疏篱淡月寒鸦,0.9580291
无忘筱筱,0.9580291
仁糍粑,0.9580291
眨巴眨巴眼睛真酸涩,0.9580291
李简请69,0.9580291
無聊又邊緣的普通人,0.9580291
再见徐,0.9580291
热爱和平的小董同学,0.9580291
烦恼休息,0.9580291
你是我左边的风景,0.9580291
其愚不可及也,0.9580291
共鸣鸽子,0.9580291
炒鱼,0.9580291
炎日西時,0.9580291
漠上凉,0.9580291
俺们控,0.9580291
剑灬神灬,0.9580291
饿货33,0.9580291
六喰,0.9580291
漫游者Kairo,0.9580291
97有山,0.9580291
胆小鼠残梦,0.9580291
光武帝劉秀,0.9580291
克拉UwU,0.9580291
入梦bai,0.9580291
逆天改命乌鸦陈天雄,0.9580291
行走的詩,0.9580291
努力的小杨322,0.9580291
斯巴拉西zzx,0.9580291
冰心一弦雪,0.9580291
薄荷巧克力小蛋糕,0.9580291
今生ww,0.9580291
寒面东风,0.9580291
职业迷妹,0.9580291
喵kiri_颂,0.9580291
片-------爿,0.9580291
纪风笑,0.9580291
涵盖芦,0.9580291
叶片D2,0.9580291
柠檬芝士_,0.9580291
伍水硫酸曈,0.9580291
阿冉的N次方,0.9580291
伏二金,0.9580291
会玩闪光的麦卡利,0.9580291
老实人秋水,0.9580291
传奇月球守门人,0.9580291
水野幽香,0.9580291
章鱼烧暴L,0.9580291
惣又介,0.9580291
在有风的日子里晾衣服,0.9580291
佐腾酱,0.9580291
去房间整把枪w,0.9580291
眼里只有蓝色,0.9580291
葡萄尸体,0.9580291
哈哈哈_会和,0.9580291
skr洋葱头,0.9580291
乳酸菌冷泡茶,0.9580291
记得叶贝妮曾经爱过你,0.9580291
solsetur__,0.9580291
sosomoli,0.9580291
ssssyrio,0.9580291
Noway_t,0.9580291
养只香蒲猫,0.9580291
eldiablo0820,0.9580291
superuuunir,0.9580291
江千尋,0.9580291
talonSG-FPV,0.9580291
哆啦丶小金Jinky,0.9580291
荥星中,0.9580291
梵意琉璃,0.9580291
纸窗亮着,0.9580291
三月莓六月花,0.9580291
纷扰趋静,0.9580291
栢丶川,0.9580291
和人kazuto,0.9580291
阳阳最萌,0.9580291
sir扎克斯,0.9580291
小恐龙゜,0.9580291
周淺,0.9580291
绽放的终点,0.9580291
江北残刀10,0.9580291
nouchiya,0.9580291
羽語於愈,0.9580291
美羊珜,0.9580291
ormoix,0.9580291
哭的火冒三丈,0.9580291
oy源源子,0.9580291
白胆杯子,0.9580291
很神秘的昵称,0.9580291
了了把事了了,0.9580291
仪子r,0.9580291
单影-遥呀遥,0.9580291
否视庭,0.9580291
普通老百姓在你家,0.9580291
海艺的小窝,0.9580291
罹难烬,0.9580291
罗非鱼p,0.9580291
缅腆猫,0.9580291
梦被光刷白,0.9580291
rucej,0.9580291
鱼鱼鱼与羊,0.9580291
灵骑思故我在,0.9580291
酷蕉,0.9580291
下一站缘,0.9580291
一天叭,0.9580291
夏亚的飞毛腿,0.9580291
希彼基,0.9580291
御秦枫,0.9580291
柊丶Heeragy,0.9580291
木斧锤,0.9580291
永远亭的宅女辉夜姬,0.9580291
叫荏苒的鸟,0.9580291
七乐该睡觉了,0.9580291
石猫四,0.9580291
汪汪北北,0.9580291
万年沿挂,0.9580291
万念一条鱼,0.9580291
矢速Velctor,0.9580291
三千万30000000,0.9580291
赫白同学,0.9580291
瞧这个,0.9580291
白秋鸽-_-,0.9580291
穷神小克说劲啊,0.9580291
取名字Jay难,0.9580291
上帝遗弃的小山羊,0.9580291
上衫一卿,0.9580291
神奇--阿呦,0.9580291
神知道怎么想,0.9580291
这不管那不管的牢B,0.9580291
可锁水面纸-,0.9580291
系统提示该用户已下线,0.9580291
任识的陌生人,0.9580291
吾乃高林也,0.9580291
急性发钱寒综合征,0.9580291
最初和最后,0.9580291
吴解语,0.9580291
蓝色的赭鳞蘑菇,0.9580291
yg王辰,0.9580291
听白TownBoats,0.9580291
吟游诗人握持,0.9580291
郁宁无瓜,0.9580291
君之南,0.9580291
向点何,0.9580291
魏俞轩,0.9580291
宅家的猫先生,0.9580291
逆梦meow,0.9580291
吃葡萄就_吐葡萄皮,0.9580291
超声刀削面,0.9580291
臻好真的很好,0.9580291
橘枳jessie,0.9580291
西柚味的木璟花,0.9580291
一只数学的狗,0.9580291
辞镜_Asuka,0.9580291
兔子要发疯,0.9580291
云溪不云惜,0.9580291
它它汁,0.9580291
小電龍,0.9580291
Coca_Fanta,0.9580291
待解救老司机,0.9580291
HewsonX,0.9580291
9FdusT,0.9580291
任归玄,0.9580291
宇宙交通领航员,0.9580291
许晚睡,0.9580291
齐市安格斯雪花牛肉,0.9580291
戟错啦,0.9580291
泥嚎比莉,0.9580291
情迷加勒比233,0.9580291
帕鲁狙击手,0.9580291
昏鸦派JT,0.9580291
马特2016,0.9580291
蓝染白衣,0.9580291
病弱吐血总司酱,0.9580291
大梦成真,0.9580291
浣_,0.9580291
五代进之介,0.9580291
那咋了和你有什么关系,0.9580291
安敖在摆烂,0.9580291
RTX1660Ti,0.9580291
Messi12356,0.9580291
翻斗花园屑老板,0.9580291
彼时的碎月,0.9580291
AadamBJ,0.9580291
职业躺平懒羊羊,0.9580291
日匀子,0.9580291
ROCKTIME2024,0.9580291
水色理,0.9580291
蓝莓味の小蛋糕,0.9580291
雾嘛噜,0.9580291
圆焰不拆不逆,0.9580291
星源2012,0.9580291
1零二六,0.9580291
星陨之约,0.9580291
微笑掩饰了忧伤,0.9580291
路人小涵,0.9580291
P_LS,0.9580291
OvOverlooked,0.9580291
V7KAcE,0.9580291
焚风___,0.9580291
小樱花のSakura,0.9580291
始皇大弟,0.9580291
ComEonL,0.9580291
御坂6470,0.9580291
Oasis09,0.9580291
身堅志殘的小林,0.9580291
星尚故事汇,0.9580291
NotrealRorschach,0.9580291
转生成核反应堆,0.9580291
师傅菜菜又饿了,0.9580291
6funny6,0.9580291
看见小丑直接拉黑,0.9580291
离开以后醒着做梦,0.9580291
6干锅居,0.9580291
药粟ys,0.9580291
小青蛙兮兮,0.9580291
我尼酱,0.9580291
安静的像头驴,0.9580291
小科笔肘妈妈,0.9580291
新号啊啊啊哇哇哇,0.9580291
小沐de音乐盒,0.9580291
小唐跳,0.9580291
武装蟑螂,0.9580291
时过境迁77,0.9580291
Kong素问,0.9580291
青苔的晴天,0.9580291
Kiti_Cedar,0.9580291
野粿酸酸酸,0.9580291
小鸡内裤。,0.9580291
林霞夕阳,0.9580291
朱子雀,0.9580291
第11封来信,0.9580291
小小阿宅Erin,0.9580291
番茄炒蛋冰淇淋,0.9580291
巴塞罗那的皮卡都,0.9580291
臭画画的弗拉恭,0.9580291
Quanziluuuuu_,0.9580291
新世代的Fans,0.9580291
Iris白一,0.9580291
Jayish,0.9580291
A今晚大老虎,0.9580291
黎曼可积,0.9580291
断发以明志,0.9580291
猫猫吼可爱,0.9580291
I正版受害者I,0.9580291
JJJJJJJJJJJson,0.9580291
整点稍麦,0.9580291
青芒微_美女蛇小青,0.9580291
方邡埅,0.9580291
施绪无解,0.9580291
李子炖鱼,0.9580291
小波961016,0.9580291
日夕KagLun,0.9580291
我问尼在肝神磨,0.9580291
迷茫的地球人,0.9580291
纯情火辣清道夫,0.9580291
雾岛u,0.9580291
寂月星尘,0.9580291
逆子打为父,0.9580291
寄人篱下的可怜鱼,0.9580291
Yuuuuuuuji,0.9580291
Alay666,0.9580291
你的鱼小摆,0.9580291
HCN氢氰,0.9580291
寒瞳鹤影,0.9580291
Alex-A哥爱溜达,0.9580291
良尘景,0.9580291
飞影云z,0.9580291
飞天xiu毛驴,0.9580291
无痕迹影,0.9580291
弱弱的小汤汤,0.9580291
Celine不熬夜,0.9580291
邹临,0.9580291
纸春时,0.9580291
马星瞳说,0.9580291
Andy-西西弗,0.9580291
嘻嘻恩优,0.9580291
LaPluma987,0.9580291
AnselSamson,0.9580291
婪隹Benitoite,0.9580291
macnndcheese,0.9580291
181边学习1边,0.9580291
顾景黎,0.9580291
Steven5990,0.9580291
-小景呀,0.9580291
Sternstunde桉溟,0.9580291
奈喜子,0.9580291
三三の九です,0.9580291
晓美焰の老公,0.9580291
是远大兄,0.9580291
没名字这么搞,0.9580291
F_eiuu,0.9580291
Sky风华雪月,0.9580291
惟江上清风山间明月,0.9580291
黑夜禁锢,0.9580291
葫蘆小C剛,0.9580291
黑喵不吃罗非鱼,0.9580291
Safaloers萨法,0.9580291
想一起吹海风,0.9580291
-桃课去看大明猩-,0.9580291
找不到出口的人,0.9580291
控评有罪,0.9580291
看那花多美,0.9580291
选择子午or弧矢,0.9580291
Daylight-567,0.9580291
Day_lily,0.9580291
佛系雨莹,0.9580291
橙子是魔王,0.9580291
紫月岚,0.9580291
怪奇界,0.9580291
-精神丧失-,0.9580291
-天希,0.9580291
重逢别中二了,0.9580291
-哲理的山路十八弯-,0.9580291
中二kg,0.9580291
YesToday_阿润,0.9580291
大藤王,0.9580291
赽泺熋尒,0.9580291
半机械蝴蝶k,0.9580291
Eric是喜哥,0.9580291
爱喝冰镇绿豆汤,0.9580291
要素集成体,0.9580291
山楂-西红柿-土豆,0.9580291
FL-风凌_,0.9580291
悟-wu,0.9580291
-BeYourself-,0.9580291
JimsDesign,0.9580291
Twinkle霆,0.9580291
晴不欢,0.9580291
非法火柴人,0.9580291
_兔叽果_,0.9580291
-Liseen-,0.9580291
音浪时光机,0.9580291
冰烧冬_,0.9580291
猪郁桢桑,0.9580291
失眠玖月十八蛋仔,0.9580291
巴巴塔_w,0.9580291
比目测丙鱼,0.9580291
岑皮啊,0.9580291
您的昵称包含低俗内容,0.9580291
Floyd_Young,0.9580291
抱抱薇妹,0.9580291
巨魔苗,0.9580291
卜艾卢-狄克,0.9580291
麋失鹿,0.9580291
守魂,0.9580291
识货App,0.9580291
阿吉日记,0.9580291
是时候改昵称了_,0.9580291
姜ヅ王,0.9580291
Refrain_it,0.9580291
愛白虎,0.9580291
鷇,0.9580291
Romantic丶鬼刀,0.9580291
10000MHz,0.9580291
是安好先生,0.9580291
想睡大觉嘎嘎乱杀,0.9580291
0号元素,0.9580291
DCZDHT,0.9580291
疗愈师小u,0.9580291
DA1R,0.9580291
贰寻-,0.9580291
DNA烘焙机,0.9580291
小鼠同学Minimouse,0.9580291
秋古羽,0.9580291
扶山,0.9580291
17th航,0.9580291
长峰嗑技,0.9580291
忍月愁,0.9580291
SHIFXJ,0.9580291
赵本山本山哈哈,0.9580291
1472615672,0.9580291
lili455,0.9580291
S-I-C-K,0.9580291
慕思集团,0.9580291
052NOSORA,0.9580291
DJingxxx,0.95802903
不狂啦,0.95802903
你见我钱包了吗,0.95802903
Glaxy_Rain,0.95802903
我也要助攻,0.95802903
不夜猫貓,0.95802903
请输入文本-1145141919,0.95802903
东方逸夜,0.958023
静梧楌,0.958023
yh_24,0.95802
没有道德的燕麦片,0.9579644
没错你真的卡了,0.9579644
江湖憨包,0.9579644
江边马子,0.9579644
抵达了他忠实的B站,0.9579644
沉着冷静咪,0.9579644
没完没了不改了,0.9579644
洋葱萝卜一生之敌,0.9579644
泽然Zn,0.9579644
才不会偷吃芒果,0.9579644
抱走枫妹,0.9579644
江韵宋瞳,0.9579644
打酱油的丁,0.9579644
大梦想家小飞,0.9579644
泼出去的儿纸嫁出去的水,0.9579644
扶老太太闯红灯----,0.9579644
沉穆乌云-十六月圆,0.9579644
我负责膨胀你负责收缩,0.9579644
才醒的,0.9579644
泉泉-niki,0.9579644
沙雕动画完结,0.9579644
沈朝溪,0.9579644
洌風,0.9579644
我要去只有萝莉的世界,0.9579644
扑朔呀,0.9579644
没走油的走油肉丶,0.9579644
沙雕二氧化硅,0.9579644
手头西瓜,0.9579644
沞苜,0.9579644
我要巫妖王药丸,0.9579644
我要这么大脸有何用,0.9579644
拉-乌,0.9579644
我觉得杨桃,0.9579644
江海涛的江清漓,0.9579644
沙漠二狗子,0.9579644
所谓烟雨之类,0.9579644
打L的都是魔鬼,0.9579644
战意电竞黑幻法爷,0.9579644
战神之王帝皇,0.9579644
战意电竞丶红中,0.9579644
战神dream,0.9579644
沐轩璇,0.9579644
法师必须死,0.9579644
护一只知更鸟,0.9579644
手机野人,0.9579644
把王杰希拐回家,0.9579644
汪淼队长,0.9579644
法浅寒,0.9579644
没有胖次的牛战士,0.9579644
法棍勇者手游废人,0.9579644
沁颉,0.9579644
夏日腥,0.9579644
把玫瑰叫成你的名字,0.9579644
扫你爸爸的头,0.9579644
沃部诗人,0.9579644
没泡芙我会死的,0.9579644
泪桥雨落下,0.9579644
披萨小圆子,0.9579644
SSS青,0.9579644
池中子,0.9579644
没尝过社会的险恶,0.9579644
没有好看头像,0.9579644
泥煤的昵称,0.9579644
没有美感的设计师,0.9579644
波妞波弟,0.9579644
波奇酱-Bocchi,0.9579644
泡物线,0.9579644
我鄂鄂,0.9579644
扌览辰,0.9579644
房里有好康的Kon-,0.9579644
沐雨知空音,0.9579644
戚爱,0.9579644
我问问撒手,0.9579644
一般通过利伯塔里安,0.9579644
我很简单23,0.9579644
我练瑜伽自己吸,0.9579644
温良的嬷嬷123,0.9579644
源游梦,0.9579644
源宇宙3,0.9579644
想吃烤肉TT,0.9579644
想念有雪的地方,0.9579644
源于朝露,0.9579644
游韧攻略,0.9579644
游淑女,0.9579644
游戏机制挺怪,0.9579644
想想可莉怎么炸鱼,0.9579644
想改名_,0.9579644
游戏F蛇,0.9579644
渲染流年似水,0.9579644
AF23986,0.9579644
愁草瘞花銘,0.9579644
温特尔森,0.9579644
想去北极的企鹅_,0.9579644
感谢地心引力,0.9579644
慕斯喲,0.9579644
温柔姐姐恩雅,0.9579644
渡重洋,0.9579644
渔夫移山,0.9579644
清风归客725,0.9579644
皓月明空星辰大海,0.9579644
清蒸盐鱼,0.9579644
慕溶雨淅,0.9579644
Szaskaite,0.9579644
清玄叶一,0.9579644
憨来书枉,0.9579644
清晨van游戏,0.9579644
成绩单又丢了,0.9579644
溪南亭,0.9579644
是条滑光仔,0.9579644
洛剑卡子,0.9579644
漠倾baaaaa,0.9579644
十里春风十里送,0.9579644
恶鬼小诺,0.9579644
十一躺好,0.9579644
悄悄亲清清,0.9579644
O猫腻了鱼,0.9579644
潘引壶的熊窝,0.9579644
潇潇努力干,0.9579644
悠妍晓琳,0.9579644
您巳急哭,0.9579644
漾漾爱吃西瓜,0.9579644
漾无航空B9742,0.9579644
您有事吗2018,0.9579644
您的云空间已满,0.9579644
漫步晴雨中,0.9579644
悲伤忧郁马铃薯,0.9579644
溪荷竹汐,0.9579644
漂弗不定,0.9579644
滿身泥濘,0.9579644
滹沱河c,0.9579644
悲伤的畸形香蕉,0.9579644
悲傷の魚,0.9579644
滴哒滴辣,0.9579644
惜惜煜,0.9579644
满脑子可爱的Sherry,0.9579644
Badwoman-空眠,0.9579644
满山桃桃,0.9579644
满分试卷加油_学习,0.9579644
想依,0.9579644
想到再来告诉你,0.9579644
溯光丶,0.9579644
我_要_放_假,0.9579644
清丫呀,0.9579644
我一定会懒得更地,0.9579644
我是我觉得最好看的人,0.9579644
流年衫,0.9579644
我星廾,0.9579644
我是52饼干的狗,0.9579644
潜水羊羊,0.9579644
活在梦里的橙汐,0.9579644
我是䨻,0.9579644
我是一颗B站用户,0.9579644
我是初小晨,0.9579644
我是咬央,0.9579644
活体鲤鱼王,0.9579644
洞九幺九,0.9579644
洛雪璃灬,0.9579644
洛阳之夕,0.9579644
千树怜w_w,0.9579644
我是挽星a,0.9579644
深蓝车友红茶,0.9579644
我是果冻啊怎么了,0.9579644
我是無名小卒,0.9579644
洛洛雨笙,0.9579644
我是瘸子别踹我腿了,0.9579644
我是神人吗-,0.9579644
我是菜鸟-想寄就剂,0.9579644
洛泪溟,0.9579644
一个洛杉矶老司机,0.9579644
我来看鬼畜的无聊,0.9579644
我没有名字-_,0.9579644
我的吹笛者,0.9579644
我的板QAQ,0.9579644
我的闲暇小憩,0.9579644
我约等于人,0.9579644
我才起床_,0.9579644
流心苏酥,0.9579644
流星宇之夜,0.9579644
流萤尺间,0.9579644
以诺克之风,0.9579644
Akuei,0.9579644
我予满穗,0.9579644
我先占个id,0.9579644
深蒼Arc,0.9579644
深海海草,0.9579644
深海利剑八一,0.9579644
深夜种花的二哥,0.9579644
涼城以南,0.9579644
蔻蔻爱美丽,0.9579644
涤尘畅饮HCLO,0.9579644
涛昇pa,0.9579644
千屿白川,0.9579644
我刚刚改了个名,0.9579644
消费者热线,0.9579644
海野雲,0.9579644
我可能是一只土豆,0.9579644
我听着呢小基米,0.9579644
我喜欢煎蛋Juan,0.9579644
海东青泽,0.9579644
浮尘寄雪,0.9579644
我在死海漂泊两千年,0.9579644
浩松陈,0.9579644
我好q1,0.9579644
一拳哥哥,0.9579644
浦田纯子,0.9579644
浅梣chen_,0.9579644
我已不在梦也成空,0.9579644
汉堡包emn,0.9579644
汝羌,0.9579644
乌啦啦吧啦,0.9579644
汀羽在听雨,0.9579644
林雨萱-SNL,0.9579644
星柒幺幺哒,0.9579644
极限上行,0.9579644
枕鸯丞,0.9579644
林子Kily,0.9579644
林尘歌深,0.9579644
林籽linz,0.9579644
林野有余粮,0.9579644
果goo,0.9579644
星海plus,0.9579644
星期八逃离地球,0.9579644
果粒澄ovo,0.9579644
果酱喵Mia,0.9579644
枝菌格格,0.9579644
word富勤,0.9579644
星月观云,0.9579644
星星月亮的搬运工,0.9579644
星核律者,0.9579644
极客湾Geekelwan,0.9579644
时光旅行者-114514,0.9579644
東門702,0.9579644
李晴天win,0.9579644
李知恩哎呦好美,0.9579644
是太极而不是太急,0.9579644
是只羊咪,0.9579644
杜小慷_com,0.9579644
杞正海,0.9579644
来点猫毛吗,0.9579644
昭の杂货铺,0.9579644
星赫逍遥,0.9579644
春秋六霸王一公,0.9579644
春生夏长空心菜,0.9579644
松本奈奈美,0.9579644
春江水暖鲤先知,0.9579644
春困丶夏乏,0.9579644
星降る夜の星野,0.9579644
星野已死,0.9579644
星如雨-_,0.9579644
枣巳波,0.9579644
星冬青,0.9579644
旺汪旺碎冰冰,0.9579644
柯昶枫27,0.9579644
柳_梦璃,0.9579644
柳之之枝,0.9579644
柳如墨,0.9579644
柴七小高,0.9579644
昂joy,0.9579644
树懒懒得出奇,0.9579644
旺旺奥利给,0.9579644
枫叶Zing,0.9579644
时间冰雪a,0.9579644
树霖Zeyne,0.9579644
栖栖www,0.9579644
时的中,0.9579644
时已过境迁,0.9579644
时光海里的重症患者,0.9579644
栗悟饭和龟波功-tina,0.9579644
柯博文马格斯,0.9579644
明日香未官宣男友,0.9579644
查无此猪咪网友,0.9579644
柠檬茶先森,0.9579644
星之役,0.9579644
某M先生,0.9579644
昔年酱阿,0.9579644
易铵盐,0.9579644
某不知名散修S,0.9579644
易散,0.9579644
某个小花,0.9579644
某人的门,0.9579644
某可爱的梦酱,0.9579644
某科学的DeathNote,0.9579644
柑橘羅勒,0.9579644
明明如楽,0.9579644
柒喜Q1,0.9579644
柔情小涩狼,0.9579644
柚子胡椒磨成粉,0.9579644
子非涵菲子,0.9579644
李总同学-,0.9579644
是小结丫,0.9579644
有那么一丶意思,0.9579644
小小冰块奶油,0.9579644
晨思夜_00,0.9579644
晚雲暮,0.9579644
有画要说的Lindy,0.9579644
晚点听网易云,0.9579644
有真心會掉眼淚丶,0.9579644
有股媚劲,0.9579644
朔望月的回眸,0.9579644
木春青,0.9579644
望惜夕,0.9579644
朝南墨,0.9579644
晚枫Jay,0.9579644
朝哥家小朋友在线刷题,0.9579644
期刊9,0.9579644
木同言,0.9579644
木心木杮,0.9579644
有上进心的一只山竹,0.9579644
普通的魔王,0.9579644
月雨小号,0.9579644
靖安司都尉中郎将,0.9579644
Singularity-24,0.9579644
瓶瓶的CX330航行日记,0.9579644
暴走的EK,0.9579644
暗风游行穗,0.9579644
曹静淇,0.9579644
暖小语,0.9579644
晴空四叶草,0.9579644
最爱妮子兔,0.9579644
晴天上午,0.9579644
最美不过小白时,0.9579644
月岛arl逗号,0.9579644
晴天Komorebi,0.9579644
晴乄箜,0.9579644
月月兔牌口香糖,0.9579644
普通的黄头发妹妹,0.9579644
晓炙晨曦,0.9579644
木有名纸QAQ,0.9579644
李大犬,0.9579644
是澪不是零啦,0.9579644
昵称昵称昵称咪咪,0.9579644
本昵称需要消耗硬币,0.9579644
昵称已被占用45823,0.9579644
朴基熊丶//////,0.9579644
机智的沙翎yu,0.9579644
是雨落樱本人,0.9579644
是红中啊,0.9579644
机智詹詹,0.9579644
木木夜丶,0.9579644
杀老师bulibuli,0.9579644
杂烩煎鱼,0.9579644
是日星TodayStar,0.9579644
花镇骄,0.9579644
李不李猫啊,0.9579644
李光洙李先彬,0.9579644
李君渡,0.9579644
本心影视,0.9579644
本大爷不想取名字,0.9579644
末酱不是酱,0.9579644
末始铃摇,0.9579644
晓晓巫巫,0.9579644
木王大子,0.9579644
木琴不是木头,0.9579644
艺天Showz,0.9579644
晏子羽,0.9579644
木辛子16,0.9579644
未名DotNEF,0.9579644
未命名勇士,0.9579644
嘎巴菜米茶热干面,0.9579644
未知实验体417号,0.9579644
未知银,0.9579644
昼雨_Dayrain,0.9579644
昼空之夜,0.9579644
昵称没有饭香,0.9579644
未见青山的居士,0.9579644
栗酱子喵,0.9579644
时久觉,0.9579644
永恒轮回转寿司,0.9579644
摔东西的小老鼠,0.9579644
正版白如苏,0.9579644
摞纸盒,0.9579644
正经的冷淡,0.9579644
此地无休三百斤,0.9579644
步川羽衣,0.9579644
打车斯巴鲁,0.9579644
武帝万岁,0.9579644
摇铃衬,0.9579644
正仝口,0.9579644
武帝指点十万军,0.9579644
武林萌主14,0.9579644
歪比巴布不是歪比巴卜,0.9579644
CarterstayTuned,0.9579644
残心love,0.9579644
残翼祭,0.9579644
残荷败竹,0.9579644
正是江南好风景Q,0.9579644
摸鱼D,0.9579644
早点柿做,0.9579644
橡皮战服,0.9579644
橘子猫不是猫,0.9579644
改咕,0.9579644
改名要花六个bi,0.9579644
改个昵称真的好烦啊,0.9579644
擎苍挽弓,0.9579644
橘荷白菓,0.9579644
橙子OAG,0.9579644
撕辰,0.9579644
摸鱼摸鱼-w-,0.9579644
欠揍の仓鼠,0.9579644
欠揍调音师,0.9579644
欢言乐,0.9579644
正一丶张之维,0.9579644
正义de蓝白,0.9579644
正义的怒吼,0.9579644
撒野O_o,0.9579644
殪遙,0.9579644
殺風景,0.9579644
每天长高半厘米,0.9579644
永恒的近视眼,0.9579644
接yrh超绝事业运,0.9579644
氵比冫淡,0.9579644
据说没有bug,0.9579644
永世爱雷姆,0.9579644
永恒痕星,0.9579644
Jioautumn_,0.9579644
换方位的岱泽,0.9579644
捂猩上酱,0.9579644
比企谷八番队,0.9579644
挥手道别思君,0.9579644
拿皇与法兰西,0.9579644
拥有惊世智慧的钟表头,0.9579644
拔罐男模の甜美爱情,0.9579644
拔剑问心95,0.9579644
拓海-ovo,0.9579644
拒绝周董三次,0.9579644
水默cp最无敌,0.9579644
水镜影,0.9579644
水里没有猫哇,0.9579644
水遁-雾隐之术,0.9579644
氨百LJ-,0.9579644
氪两块钱的肝帝,0.9579644
水g-,0.9579644
水也SkyPond,0.9579644
水华月彩,0.9579644
摇摇又滚滚,0.9579644
摆烂之水,0.9579644
水星鱼suiseifish,0.9579644
搪瓷starry,0.9579644
水木清华-Jerry,0.9579644
水無月梨花,0.9579644
搖滾弦,0.9579644
水爅梧桐,0.9579644
仗助老师,0.9579644
水花sunshine,0.9579644
橘子汽水欧尼,0.9579644
橘味龙猫王,0.9579644
樹石桑,0.9579644
旋转妙脆角,0.9579644
无敌真寂寞9900,0.9579644
无处不在的morse,0.9579644
无名祗,0.9579644
无事小神仙Flyflyyyy,0.9579644
漫无为,0.9579644
无为的mr,0.9579644
无且无与无,0.9579644
旅途小呆,0.9579644
亿个麻袋,0.9579644
梓米葉,0.9579644
方案公布,0.9579644
梚绘洢夭夭,0.9579644
梦糖LoWH,0.9579644
新风秋月,0.9579644
新宇不太菜,0.9579644
梦见云逸,0.9579644
无朋workdead,0.9579644
无根水呀,0.9579644
梅狸猫教头,0.9579644
桔酱白斩鸡,0.9579644
旧事重提y,0.9579644
日常_____,0.9579644
格格明天更美好,0.9579644
桂哥梦想笑了,0.9579644
日出可是不等人的kkk,0.9579644
桐酒てつあき,0.9579644
桑尼老师丶,0.9579644
无语的蛤蟆,0.9579644
loveJY飘渺,0.9579644
海恩文森特戴尔,0.9579644
桔子的各种日常,0.9579644
无聊就睡觉333,0.9579644
桔羽糖,0.9579644
NH会长,0.9579644
撑伞共此时,0.9579644
梦见紫棋出专辑,0.9579644
新世界与你,0.9579644
樱落风语,0.9579644
楽空,0.9579644
棱鲤,0.9579644
散装达闻西,0.9579644
椰子糕314,0.9579644
楚国有瑜,0.9579644
楼上的你好,0.9579644
乌鱼蒸虾头_,0.9579644
散步不需要伴侣,0.9579644
榝噠,0.9579644
斯神小七,0.9579644
散华··礼弥,0.9579644
樂峖,0.9579644
故零十一,0.9579644
故李云卷云舒,0.9579644
樱庭未晴,0.9579644
故-我,0.9579644
改头换面天选之人,0.9579644
森贵人,0.9579644
森森系sen,0.9579644
棠梨泫,0.9579644
棒金银,0.9579644
诸葛大捷豹,0.9579644
番薯祖宗,0.9579644
梦过程记录,0.9579644
斯教快扣他们分,0.9579644
断线_丶,0.9579644
斑马鱼的星期六,0.9579644
斑马亦未见,0.9579644
梦里美好的理想,0.9579644
文西答文西,0.9579644
梦里美子,0.9579644
梨子正在输入,0.9579644
文箜,0.9579644
文文不玩了,0.9579644
棂鉴漴,0.9579644
棍母棍父一家亲,0.9579644
库库乱造,0.9579644
----Ezreal----,0.9579644
层层awa,0.9579644
这个世界贼傲娇,0.9579644
辛普_祯,0.9579644
辞旧先生-,0.9579644
辰CXN,0.9579644
辰子昂-BG4MAX,0.9579644
辰星SAMA桑,0.9579644
辰睡时刻ASMR,0.9579644
近余菌,0.9579644
还在抽传统香烟,0.9579644
还是打不出字,0.9579644
这一炮以示主权,0.9579644
这个人很能活,0.9579644
乔瑟ジョゼ,0.9579644
这个杀手是只羊,0.9579644
这是一个好good的名字,0.9579644
这是何物哇,0.9579644
这沙U子呀,0.9579644
这白很云_云白,0.9579644
这里是麒麟啦,0.9579644
进击の技术宅,0.9579644
连吃五碗米饭,0.9579644
连山黛_Eleven,0.9579644
述麓,0.9579644
辛弃疾_yyds,0.9579644
轻软的有关系,0.9579644
软糖好吃吗讨厌世界版,0.9579644
转角巷子里的猫,0.9579644
超大号的柠檬,0.9579644
超文艺技术宅,0.9579644
超无限Superstorm,0.9579644
超爱鸡丝凉面,0.9579644
超级人参哟,0.9579644
超级芒小果,0.9579644
超级馅饼大盗,0.9579644
超级鹅鹅花,0.9579644
超超超要努力吖,0.9579644
超高校级的茶理,0.9579644
越予歌,0.9579644
越供但共,0.9579644
跛浪,0.9579644
路任甲甲甲,0.9579644
路痴嘟嘟鱼,0.9579644
路西法ym,0.9579644
路飞双修的游戏佬,0.9579644
蹦齐恰卡,0.9579644
躺平-柠檬,0.9579644
躺平猫猫吖,0.9579644
转接线1226,0.9579644
迷之歌,0.9579644
九时烛,0.9579644
钛白涂,0.9579644
重拾_星光,0.9579644
郲LAI,0.9579644
酒場レーダー,0.9579644
酒茱萸醉酒,0.9579644
酥酥TAN,0.9579644
M3rcuryzz,0.9579644
酷吗酱,0.9579644
醉仙乄肝爆,0.9579644
醉里挑灯做梦,0.9579644
釅Y,0.9579644
采菊不成采了个滚木,0.9579644
孤独丶吃喝玩乐,0.9579644
日暮奔赴,0.9579644
野靍,0.9579644
bl_box,0.9579644
一只谷人-Guren,0.9579644
夜鹿的不解之谜,0.9579644
金越茬冶,0.9579644
金開閉羅巧夢,0.9579644
金鱼rrr,0.9579644
銀河鉄道の企鹅,0.9579644
銄钖呀,0.9579644
鎏謃獄,0.9579644
郭郭1012,0.9579644
飘子和阿飘不认识,0.9579644
郭zt,0.9579644
郑茶色,0.9579644
迷人的骨折眉毛,0.9579644
迷茫的寻路者,0.9579644
追忆黄昏,0.9579644
追梦少年张三,0.9579644
逆光丶追影,0.9579644
逆风的散羽,0.9579644
逍遥一朵小毒花,0.9579644
逍遥风ShiaoYao,0.9579644
進撃のJAVA,0.9579644
逸云隐鹤,0.9579644
遇事不决_君子不救,0.9579644
邀祈百千年之约,0.9579644
那就这样吧人类,0.9579644
就叫小蛐蛐,0.9579644
那是我的铜锣烧,0.9579644
那边那个星星酱,0.9579644
木对啃,0.9579644
邵九璃,0.9579644
郁郁林中树丶,0.9579644
郁闷的豌豆,0.9579644
郑小桁想升6级号,0.9579644
起个名字也太难啦,0.9579644
赵小泉儿,0.9579644
走召走召走戉走戉,0.9579644
螃螃是杯不呐呐,0.9579644
虚界锚,0.9579644
虚空番茄,0.9579644
虫枼丶,0.9579644
蚂蚁遛个弯,0.9579644
蚌埠代言人,0.9579644
蛙野仙人,0.9579644
蛤蟆先生抑郁了,0.9579644
蜜栗团,0.9579644
蜜梨啵,0.9579644
蜥蜴是内个,0.9579644
螺瓷姑,0.9579644
赛鸽不是电动车,0.9579644
行破,0.9579644
衰气的船只,0.9579644
搞机推荐官,0.9579644
被坑弟弄出悲催情怀,0.9579644
被空气绊倒,0.9579644
装修小思妹,0.9579644
栀无限,0.9579644
褡包Q,0.9579644
西伯利亚哒仓鼠,0.9579644
西条七海遠花火,0.9579644
虔洄,0.9579644
不见星空不回家,0.9579644
藕丙不是Orange,0.9579644
藍海獭,0.9579644
蓝颜_知已,0.9579644
ZEX泽曦,0.9579644
蓝鹰小旋,0.9579644
蓦然如风,0.9579644
蓬松女士,0.9579644
蔚过留痕,0.9579644
蔻德n,0.9579644
蕴漾,0.9579644
蕾姆-22,0.9579644
薄荷薄荷要开花,0.9579644
薇儿Tracy,0.9579644
深渊教教主,0.9579644
薇薇安-薇薇安,0.9579644
薛佑蛋,0.9579644
mendr,0.9579644
薛定谔与阿猫阿狗,0.9579644
御前带指甲刀侍卫,0.9579644
薛定谔的萱,0.9579644
薜饵小狐狸,0.9579644
薯条工作站,0.9579644
薯片味的彩虹,0.9579644
西瓜奶酪棒冰,0.9579644
西瓜瓜g丶,0.9579644
西红奇柿,0.9579644
说来说去是童话,0.9579644
请叫我蓝神-,0.9579644
请点击输入文字和文本,0.9579644
请督促我变成学习大咖,0.9579644
诺诺想吃掉,0.9579644
读着倒要字名123,0.9579644
月光尼龙,0.9579644
谁枫,0.9579644
谷祇,0.9579644
豆本豆豆糕_,0.9579644
卡卡贞,0.9579644
豆豆栀子,0.9579644
贝拉的晃悠悠,0.9579644
账号2389168,0.9579644
贰仇,0.9579644
贰次类人元,0.9579644
贰陆难取名,0.9579644
贺虞yuu,0.9579644
贾斯汀jjj,0.9579644
赎罪漫馆,0.9579644
赛克斯比克_Saxbik,0.9579644
赛博报丧人,0.9579644
请原地结婚__,0.9579644
说好的幸福哈,0.9579644
西西huuu,0.9579644
下北沢の大天使ちゃん,0.9579644
清朝第一机枪手,0.9579644
西郭浩然,0.9579644
要十字的名字才能过吗,0.9579644
要搬砖吗一元一块,0.9579644
覃诗00,0.9579644
觉觉觉觉觉晓,0.9579644
觉醒之石,0.9579644
角逗斯,0.9579644
解压主理人,0.9579644
言浔还在,0.9579644
言灵枫滞,0.9579644
記憶丶永葆童心,0.9579644
訫梦ing,0.9579644
誰よりきっと,0.9579644
计算叽,0.9579644
让人喜的小熊,0.9579644
让我猜猜康,0.9579644
记住这棵树,0.9579644
记得多喝水___,0.9579644
记忆的碎片96,0.9579644
诗酒XD,0.9579644
钇钠呀,0.9579644
钟二病ng,0.9579644
摸不着的叶子,0.9579644
马子孤单单,0.9579644
飞舞鲤鱼王,0.9579644
MommmXY,0.9579644
飞船脏脏,0.9579644
飞花泪痕,0.9579644
飯糰貓咯,0.9579644
饕餮小龙虾,0.9579644
饭大团团团,0.9579644
饭平安,0.9579644
饿啦就吃肉,0.9579644
香辣-牛油果_,0.9579644
马小战,0.9579644
织羽姬,0.9579644
马罕默德,0.9579644
马达怪侠,0.9579644
马首富B站拉票员,0.9579644
驰名的帅章鱼,0.9579644
骑士打,0.9579644
骰子大乱斗,0.9579644
歪儿一,0.9579644
高贵的土嗨,0.9579644
高风险玩家,0.9579644
魅族科技官方旗舰店,0.9579644
飘在太空中的风信子,0.9579644
风韵犹存的三婚宝妈,0.9579644
风起亦见我,0.9579644
风正天,0.9579644
青橙-C,0.9579644
青空の小雲,0.9579644
一颗星的夜゛,0.9579644
青絮咩咩,0.9579644
青葉蘋果,0.9579644
青鲤戏石,0.9579644
青龙岁暮,0.9579644
静静、的雪,0.9579644
面条爱喝AD钙,0.9579644
韦泠峰,0.9579644
音乐剧小白,0.9579644
顶级独角兽,0.9579644
顶级老婆厨,0.9579644
预制壬,0.9579644
颜控的王道,0.9579644
颜星糖,0.9579644
颠疯召唤石,0.9579644
风吹海空,0.9579644
魚鱼渔虞榆,0.9579644
风好大的雨QAQ,0.9579644
风托起一片树叶,0.9579644
魔术师的自画像,0.9579644
魔法Gigi,0.9579644
钢纲寄灵电影L_鋒-27,0.9579644
黑绘澪,0.9579644
麻蛋起个名字还要试半天,0.9579644
麻酱鸡架,0.9579644
麻麻木马嘛,0.9579644
黎明后的白昼,0.9579644
黑塔塔别刮啦,0.9579644
黑岩JIN,0.9579644
黑川茜就是我的爱,0.9579644
黑白支配者,0.9579644
黑白猫诶,0.9579644
黑篙,0.9579644
黑芝麻蛋黄酱,0.9579644
魔物小囧,0.9579644
黑虎18,0.9579644
黑蛋炒饭,0.9579644
黑鳶,0.9579644
鼠linta鸽鸽,0.9579644
鼹鼠会挖洞,0.9579644
鼻梁勇者,0.9579644
龍檀L,0.9579644
龍鬿鬼,0.9579644
龘齾亹齉邉鬮麤櫜,0.9579644
龙抬钰鼍,0.9579644
麻烦让我去study,0.9579644
麦小鼠日记,0.9579644
麦克的贴身高手,0.9579644
鹿柯爱米fltq,0.9579644
鱼学长啊,0.9579644
鱼尾鳍轻微晕,0.9579644
鱼森-,0.9579644
鱼渔魚鱼渔魚,0.9579644
浅忆空野,0.9579644
鱼糜Yomi,0.9579644
鱼鱼凌凌子,0.9579644
鲍灵均,0.9579644
鲨鲨鲨什么,0.9579644
鲸也会搁浅,0.9579644
鲸惊景静经,0.9579644
鳄鱼会出现,0.9579644
鳐-Yao,0.9579644
鳙鳙鱼_,0.9579644
鸭梨柿多的,0.9579644
鸽神死体,0.9579644
鹅鹅鹅T0T,0.9579644
鹤04,0.9579644
鹤媆,0.9579644
鹰头猫lll,0.9579644
鹿克夏大结巴,0.9579644
青梦古灵,0.9579644
青岚之后-,0.9579644
虾子笼子,0.9579644
阿址今天唱歌了吗,0.9579644
问问号号号号号,0.9579644
闲逛的卤蛋,0.9579644
闻人雾尘,0.9579644
阐述N的梦,0.9579644
防控眼镜,0.9579644
阳陈林,0.9579644
阿勒个基米德,0.9579644
阿南6997,0.9579644
阿吧啦吧波叭,0.9579644
阿呆是我的,0.9579644
阿堃堃堃堃堃,0.9579644
青丝暮snow,0.9579644
阿拉斯加牛蛆,0.9579644
阿政114514,0.9579644
阿斑TTT,0.9579644
阿柳不六,0.9579644
阿浑_Moon,0.9579644
路过の沢田纲吉,0.9579644
阿火丁,0.9579644
阿烟炒鸡帅,0.9579644
阿狄亚塔尔蔬果商,0.9579644
阿琪_-_,0.9579644
问酉,0.9579644
羽次郎奥特曼,0.9579644
问思_,0.9579644
闪光彰人姐,0.9579644
钱树小画家,0.9579644
铁达尼号的时候,0.9579644
铁锅逇大迗,0.9579644
铃可Link,0.9579644
铭仔来也,0.9579644
银河霓虹,0.9579644
锁弱点是gay,0.9579644
忽晚yc,0.9579644
锄禾2399,0.9579644
AdY一天,0.9579644
键盘侠是砖家吗,0.9579644
镹歧,0.9579644
长日浮世,0.9579644
长木椅下有只猫,0.9579644
azhehe_米泽,0.9579644
长河清-辽海阔,0.9579644
跬志,0.9579644
长满青苔的木头,0.9579644
长白山楂花,0.9579644
长飞不度,0.9579644
门夹过的核桃吃了脑子还好吗,0.9579644
彬彬有礼的宾宾,0.9579644
阿瓦隆啃麻瓜,0.9579644
阿秋不想打喷嚏,0.9579644
雪上奏,0.9579644
雪天的绿森林,0.9579644
雪染红装,0.9579644
风沙温存,0.9579644
雪花cbb,0.9579644
雪花冰寒,0.9579644
雪野风铃奈,0.9579644
雪霁梦疏香,0.9579644
雪颜梦妖狐,0.9579644
深渊星晨happy,0.9579644
零上低温_,0.9579644
零戚幺,0.9579644
雷伊纳Riena,0.9579644
球球的大可爱,0.9579644
雷伊队长,0.9579644
雷欧力欧力,0.9579644
雾切苗木,0.9579644
雾晚柒,0.9579644
需同步学同步,0.9579644
霖渊4926,0.9579644
青一呢,0.9579644
青与知更鸟,0.9579644
雪中寒客falling,0.9579644
雪ノ下yukino1,0.9579644
阿莱说哈皮是英语天才,0.9579644
雨辰QAQ,0.9579644
阿蝎罗,0.9579644
阿酋RC,0.9579644
阿酶米娅,0.9579644
陈小二-_-6,0.9579644
陌星沉潇,0.9579644
陌生小狗,0.9579644
限量版惠面,0.9579644
院长啪啪,0.9579644
除妖师珊瑚,0.9579644
陽树咩,0.9579644
随缘梦羽,0.9579644
随风入墨,0.9579644
隐绅状态,0.9579644
隐身窃零食,0.9579644
雨天好读书,0.9579644
雨滴iii,0.9579644
雨笙ivi,0.9579644
雨色蔓延,0.9579644
雨萤moonlight,0.9579644
雨落ノ,0.9579644
雨落长安夜l,0.9579644
蓝阳仔,0.9579644
蓝莓山药要尿尿,0.9579644
蓝色林木,0.9579644
白开水号河,0.9579644
疏影流金,0.9579644
疯子1040,0.9579644
疯狂的阿孜猫,0.9579644
針不綽,0.9579644
瘦月疲夜,0.9579644
癫猫Crazy_Cat,0.9579644
白予诗-,0.9579644
白云飘的好敷衍,0.9579644
白哔哩,0.9579644
白嫖怪2025,0.9579644
白弓米弓粥粥,0.9579644
白虎山居士,0.9579644
白泽冰bling,0.9579644
白琳bailin白,0.9579644
白白大闹小卖部,0.9579644
白白白白盖,0.9579644
白白蒙,0.9579644
白百心百灵,0.9579644
白米东,0.9579644
白羊YHCC,0.9579644
白色天空之下,0.9579644
白芷江淮竹,0.9579644
番茄CrystalVibes,0.9579644
略略略哎呀好气啊,0.9579644
略略略-547,0.9579644
画心还,0.9579644
珍珠翡翠白钰粥,0.9579644
理想是成为上帝,0.9579644
喵彑菌,0.9579644
琉璃若梦丶,0.9579644
琥珀炸鸡啊,0.9579644
琳奥森,0.9579644
琴心灬霓裳舞,0.9579644
瑪奇瑪灬,0.9579644
璃奈板板rin,0.9579644
一位注定成王的骑士,0.9579644
璎泠,0.9579644
瓏一,0.9579644
瓦尔登湖水怪,0.9579644
瓷砖电视,0.9579644
海镜尧,0.9579644
甜君大人,0.9579644
甜梦风breeze,0.9579644
生冰的冰人,0.9579644
田所浩-1919810,0.9579644
由纪Yukisnow,0.9579644
申承焱,0.9579644
白蒲水烧,0.9579644
白衣渡江丿,0.9579644
蓝色婷妮,0.9579644
祖安再逃看门老太太,0.9579644
碰壁碎冰当啷响,0.9579644
碳二氢六氧,0.9579644
碳化硅猫silicon,0.9579644
礼声闻未艾,0.9579644
社恐人永不言败,0.9579644
社椒牛柳,0.9579644
祁䌾,0.9579644
祈司喵,0.9579644
祈愿_KL_,0.9579644
祈鸢Iris,0.9579644
恰逢小雪绵绵,0.9579644
百变的男桑,0.9579644
神仙马老六,0.9579644
神圣小黑猫,0.9579644
看到学习请叫学习去我,0.9579644
神奇小猪搞笑集,0.9579644
神奇的小H,0.9579644
神棍喵大师,0.9579644
神様かみぃさま,0.9579644
神秘的旅行者O_o,0.9579644
神秘眼镜猫头鹰,0.9579644
神秘醉步男,0.9579644
石头见到-布,0.9579644
短尾鹊,0.9579644
知秋繁星,0.9579644
知名TACOS鉴赏家,0.9579644
皆有各自的月亮,0.9579644
皮皮的油豆泡,0.9579644
盐水发生,0.9579644
盟钴上单,0.9579644
直升机器,0.9579644
相信光y,0.9579644
平凡friend,0.9579644
相嬗于无尽,0.9579644
相隔距离是次元,0.9579644
看到我名字的欧气满满,0.9579644
看起来有猫病,0.9579644
真主three,0.9579644
真理与酱油号,0.9579644
眠雾_乐,0.9579644
眷霜天,0.9579644
眼睛不太舒服,0.9579644
睎光,0.9579644
睡不醒的奶糕,0.9579644
督导提醒,0.9579644
瞎元,0.9579644
瞎学的疏忽,0.9579644
珊珊chily,0.9579644
玩偶Hongkong_Doll,0.9579644
玗藴,0.9579644
爆抽劳王,0.9579644
焦小梅琳娜,0.9579644
焦脆鲨,0.9579644
焱垚焱垚3456,0.9579644
照见未来,0.9579644
煮马鱼_别念ID求求,0.9579644
熊大shine,0.9579644
燃近,0.9579644
偏执藤壶,0.9579644
燕归环,0.9579644
燮蹀攀援,0.9579644
万能の奇奇,0.9579644
王末--末终,0.9579644
爆炸小刺根,0.9579644
爱兰德尔红豆泥,0.9579644
爱兴奋的米老鼠,0.9579644
爱冰哦,0.9579644
神刀现,0.9579644
爱吃松松面包的松松子,0.9579644
爱吃柠檬嘞,0.9579644
爱吃老王的鼻涕,0.9579644
爱吃莫迪的饼干,0.9579644
爱喝柚子茶喵,0.9579644
焠弦,0.9579644
焚心千劫,0.9579644
焖鸡兄,0.9579644
热风真香,0.9579644
林沛行,0.9579644
潮汐监狱的王,0.9579644
磊菌4T,0.9579644
潮自信,0.9579644
澄清的生石灰,0.9579644
澪雅QAQ,0.9579644
火乐菌,0.9579644
火次1,0.9579644
火锅年年不要钱,0.9579644
灰浅冈,0.9579644
灰色森灵,0.9579644
灵活的月半子77,0.9579644
灵辄辄,0.9579644
炎宇t,0.9579644
炜呀,0.9579644
炸天箫炎,0.9579644
点点の时光,0.9579644
点赞的事情怎么算白,0.9579644
烈阳男子重度依赖,0.9579644
烊烊深度睡眠中,0.9579644
烨汁冻,0.9579644
爱喝胰岛素,0.9579644
爱好是洗澡,0.9579644
爱学习的老贝贝,0.9579644
狗子小恶是也,0.9579644
狗都不当研究牲,0.9579644
狭狗,0.9579644
无敌的海蛇,0.9579644
狮心人A,0.9579644
狮王冰冰,0.9579644
狸猫_M_,0.9579644
发霉的记录,0.9579644
狼的追随者,0.9579644
狼蛛键盘垃圾做工,0.9579644
猛Do,0.9579644
猪偶偶偶,0.9579644
钢牙杨,0.9579644
猫团在画本,0.9579644
猫妖拦路打劫交出欧气,0.9579644
猫猫gy,0.9579644
猫猫叹气__,0.9579644
猫猫爱薯片,0.9579644
猫脑袋鹰,0.9579644
猫跑得比你快,0.9579644
王徵羽iiwi_,0.9579644
王木木_IHIL,0.9579644
狗狗的辅助手枪,0.9579644
狗头砖家,0.9579644
爱思考的音乐任,0.9579644
狗与弟的日常,0.9579644
爱慕砂紫,0.9579644
爱打玻璃胶,0.9579644
爱斯基摩土著人,0.9579644
爱普泰克网易拍DV8600,0.9579644
爱玩gal的ID,0.9579644
爱笑的chen同学,0.9579644
爱笑的尸体,0.9579644
爱笑的枫,0.9579644
爱路的洗切兵,0.9579644
爷永远喜欢JK触发器,0.9579644
牛汤的幻想,0.9579644
牛牛娃呀,0.9579644
牛魔王元元,0.9579644
牢吴鸭,0.9579644
牢大牢二肘法信仰玩家,0.9579644
牧牡大魔王,0.9579644
撰,0.9579644
周一好困困困,0.9579644
犯困的爱德华,0.9579644
狂岚不息,0.9579644
狂飙1号639,0.9579644
神级HC,0.9579644
神里只因,0.9579644
bili_41564694824,0.9579644
芋泥bobo奶茶10086,0.9579644
與貳煕,0.9579644
舍車shegy,0.9579644
航zyh_,0.9579644
艸花椒的喵酱,0.9579644
艾伦只爱自由,0.9579644
艾尔西荅,0.9579644
艾拉凫鱼,0.9579644
艾斯家的喵喵,0.9579644
艾瑞婵娅,0.9579644
艾育黎拔力八达,0.9579644
芋粥唱晚,0.9579644
8012大当家,0.9579644
芒果mg果,0.9579644
莫克雷德,0.9579644
芙宁娜の佩佩,0.9579644
芝麻烩TOAST,0.9579644
竹染580,0.9579644
花化四月,0.9579644
花椒味儿相柳,0.9579644
花生3号,0.9579644
花生酱喂,0.9579644
花糖有多甜,0.9579644
致敬清掘宗,0.9579644
至夏Aurora,0.9579644
54131254,0.9579644
至仁至善至高至强-,0.9579644
秋水伊人186,0.9579644
老A阿,0.9579644
老六之皇,0.9579644
老弥hyhx,0.9579644
海沐燕,0.9579644
老酸檬,0.9579644
耿直的鱼丸,0.9579644
联合利华中国,0.9579644
聪明の焕式,0.9579644
肉揪揪肉肉,0.9579644
肥脸兔子,0.9579644
背景人路人丁,0.9579644
胖乎乎的金毛,0.9579644
胖虎起飞,0.9579644
胡义库保,0.9579644
胡尔魔辉,0.9579644
脑干失想史,0.9579644
脑洞之巅,0.9579644
脸皮真疼,0.9579644
臣妾百口莫辩_,0.9579644
自由海风mushroom,0.9579644
花草橘子,0.9579644
苏既白-,0.9579644
苏润就叫苏润,0.9579644
菜鸟就是小菜鸟,0.9579644
華里河,0.9579644
萌山海,0.9579644
萌渣炸,0.9579644
萌特娇圈,0.9579644
萌球之星,0.9579644
萝卜酥哦,0.9579644
萨沙不会死,0.9579644
幻小翼,0.9579644
落喀lokka,0.9579644
落日入东海,0.9579644
落花如簇,0.9579644
落菓菓,0.9579644
董小姐是暖妹,0.9579644
董角田2778,0.9579644
葵奎是你一爹,0.9579644
蒋在野,0.9579644
蓄谋已久啊,0.9579644
蓝小兰丶,0.9579644
蓝星诗,0.9579644
Larutan-,0.9579644
蓝桉是一中的蓝,0.9579644
菠萝不吃密,0.9579644
菊然是令耶,0.9579644
苑来卉这样,0.9579644
莲花楼下留兰花,0.9579644
若樱roling,0.9579644
若逗道人,0.9579644
苯SY-冖冖子,0.9579644
苹果派321,0.9579644
范德彪秀念,0.9579644
茉茗YT,0.9579644
茉莉momo627,0.9579644
茜が散り残るを,0.9579644
茨威格死于昨日世界-,0.9579644
茶几上的杯具与餐具,0.9579644
茶餐厅在逃夜宵,0.9579644
草莓秋千-,0.9579644
荒野乱斗赵小R,0.9579644
隐形的伙计,0.9579644
药泥在这烧包,0.9579644
莆田神雕大侠,0.9579644
莎士比亚迪迦,0.9579644
莓果炒鸡大饼,0.9579644
莱茵钢化膜,0.9579644
莱韫_spring,0.9579644
莲业XZ,0.9579644
翎青盼水,0.9579644
美绫子,0.9579644
福禄桐生,0.9579644
笔电冷却攻城狮,0.9579644
窗外珠箔窗里月悬,0.9579644
窝在哪里啊,0.9579644
窝才是老大,0.9579644
白日幻想家甜长,0.9579644
窝西答辩罐头,0.9579644
立青家里没矿,0.9579644
竹林一风,0.9579644
竹筠丶,0.9579644
竹马lio,0.9579644
笑也算时间哦,0.9579644
笙樂家,0.9579644
美男子派大星,0.9579644
等待鸡年,0.9579644
筛芒,0.9579644
筠濨,0.9579644
简帙,0.9579644
箱穗,0.9579644
米凹米奥,0.9579644
米奇妙妙屋159,0.9579644
米寳寳,0.9579644
米糖ovo,0.9579644
潇逸z_,0.9579644
窗外一,0.9579644
空青法木,0.9579644
空空淡淡,0.9579644
嬴阕,0.9579644
禹昼初欣95,0.9579644
禹逍遥,0.9579644
秉烛夜游Ⅱ,0.9579644
秋日の祭,0.9579644
秋氤夏氲,0.9579644
秋沐楠,0.9579644
秋澜秋岚,0.9579644
科幻君,0.9579644
Xetag,0.9579644
暗码编号24,0.9579644
秦岭亚非不是梦天玲雅,0.9579644
秦川一叶舟,0.9579644
秩序之光合作用,0.9579644
称之奇迹,0.9579644
移舟七星,0.9579644
種花兔,0.9579644
稳得一zz,0.9579644
穆小泠0fficia1,0.9579644
空想大梦,0.9579644
空洞惑星,0.9579644
空灵-Ethereal,0.9579644
米缸边缘的思考者,0.9579644
粉红大蝠鲼,0.9579644
粉色LJJ,0.9579644
纳格夏洛克福尔摩斯,0.9579644
纸羊papersheep,0.9579644
纸飞机papl,0.9579644
funchy-y,0.9579644
终不似少年游xx,0.9579644
终究宿命一塲,0.9579644
绘一帧江山画,0.9579644
绘梦星游,0.9579644
给你变成小傻子,0.9579644
老板来碗卤蛋,0.9579644
绝顶豆腐块,0.9579644
绮梦纸缘霭,0.9579644
绯兀兀兀,0.9579644
绳索的主人,0.9579644
绿瓜三明治Command,0.9579644
绿眼珠子HuaHua,0.9579644
缄言3636,0.9579644
缥缈孤鸿_,0.9579644
罗二狗_,0.9579644
罗卜林卡,0.9579644
羊羊家的观影树屋,0.9579644
美猴王王女士,0.9579644
纷沓江道,0.9579644
纯粹牙牙,0.9579644
糖什亓,0.9579644
纯爱牛头人MAX,0.9579644
糖糖和墩墩,0.9579644
系wawa,0.9579644
XAINGg,0.9579644
系统审核通知,0.9579644
我是广东人,0.9579644
紀ー,0.9579644
T-D-Lemon丶1900,0.9579644
紅い瞳に,0.9579644
紙神かみ,0.9579644
素素0513,0.9579644
索夜雨烦,0.9579644
紫夜鎏金,0.9579644
紫禁电慢CestmoiJzANG,0.9579644
紫筱Sa,0.9579644
紫色系大风车,0.9579644
紫轩雪蝶,0.9579644
繁星有名,0.9579644
红神冰可乐,0.9579644
Dr-Loom,0.9579644
纪纪纪纪纪华,0.9579644
纯情小狗我的爱,0.9579644
祝水秋叶,0.9579644
罐装史莱姆,0.9579644
恭迎小滢殿下,0.9579644
kami会来拯救吗,0.9579644
一个人的晚餐ya,0.9579644
imnotlavender,0.9579644
ioiuuuuuuui,0.9579644
itisafool,0.9579644
itsdoit,0.9579644
i繁茂i,0.9579644
j-x未知,0.9579644
jelly_powder,0.9579644
jjjkakajj,0.9579644
kara_谐反,0.9579644
huhu霖,0.9579644
karo_427_han,0.9579644
katrinalyl,0.9579644
kelthuzad0918,0.9579644
kk登哥,0.9579644
komorebi_soleil,0.9579644
kuronarns,0.9579644
langdilaile,0.9579644
lanhuasky,0.9579644
lavi酱,0.9579644
ifuuuaa,0.9579644
hmygxhy,0.9579644
lilyccyy啊,0.9579644
giovinetta,0.9579644
fbhsy,0.9579644
fenibook,0.9579644
ffffffff飞飞,0.9579644
fff嬴政,0.9579644
fork_ex,0.9579644
frbaj,0.9579644
fu_猫,0.9579644
fucguc,0.9579644
gilili酱,0.9579644
godzilla沈,0.9579644
hitdta,0.9579644
golden-flower,0.9579644
时七识,0.9579644
gooodbuy,0.9579644
hanpy,0.9579644
happy_woody_,0.9579644
happy第一视角,0.9579644
hawei_m,0.9579644
henenxiej,0.9579644
herobrine-----,0.9579644
lc_LsatCross,0.9579644
little-universe,0.9579644
emoattachment,0.9579644
s_hihai,0.9579644
pypypyyy,0.9579644
qwJKJK,0.9579644
qzx12345678,0.9579644
rarebirder,0.9579644
realomg,0.9579644
remix调味师,0.9579644
rooooot_,0.9579644
rtftftrs,0.9579644
ryyyywx,0.9579644
sanjin三禁,0.9579644
pose_V,0.9579644
shdmudbs,0.9579644
shsndjj,0.9579644
silent1266,0.9579644
sinplelove,0.9579644
skybackknife,0.9579644
stayHum_,0.9579644
suifengv,0.9579644
thekingxie,0.9579644
tina12308,0.9579644
powerLm,0.9579644
pm吖,0.9579644
littleduckskin,0.9579644
narniaworld,0.9579644
lllyyymob,0.9579644
lucklyDog-,0.9579644
lzm骗我感情,0.9579644
maxkaoa,0.9579644
mcapple1234,0.9579644
miingxi,0.9579644
miku-Origin,0.9579644
mileiniya7,0.9579644
mockingxy,0.9579644
nightlightNL,0.9579644
pigpigpigping,0.9579644
nike-tao,0.9579644
nomad8699524,0.9579644
nxhydm,0.9579644
oO叶尘Oo,0.9579644
oceanblue_123,0.9579644
opennew58,0.9579644
padoraxx,0.9579644
祁醉一果,0.9579644
peng鹏于晏,0.9579644
every_chae,0.9579644
edward_1226,0.9579644
乌鲁鲁不爱堵桥,0.9579644
all阿哩哩,0.9579644
_我叫蛋糕,0.9579644
_是阿龙呀,0.9579644
阿桐木只是位设计师,0.9579644
_晚枫qvq,0.9579644
_津岛__,0.9579644
_白白可乐,0.9579644
_蝰_,0.9579644
_陆小果大侠_,0.9579644
_鸮雀moss,0.9579644
august殇,0.9579644
_小圆圈圈_,0.9579644
awa张某人,0.9579644
a不会抽象b,0.9579644
baby可爱不可爱,0.9579644
badoggo,0.9579644
bahsuf,0.9579644
麻根锅锅,0.9579644
beihukasi,0.9579644
be美学信仰,0.9579644
biIi_l05I9722,0.9579644
_快乐贩卖机,0.9579644
_坠落东京塔,0.9579644
bigbaby-防弹版,0.9579644
Zoneme,0.9579644
ZGiaoYee,0.9579644
Zankan0206,0.9579644
Zara_Line,0.9579644
Zcs3985,0.9579644
Zeadee,0.9579644
Zeroes已经懒癌晚期啦,0.9579644
Zevin7,0.9579644
Zion1998,0.9579644
Zmorllt,0.9579644
Zx1on9,0.9579644
_到底哪个昵称不存在,0.9579644
Zzzzero鱼,0.9579644
Z丨-_-丨Z,0.9579644
Z小酸奶,0.9579644
_7Ep,0.9579644
_Agreas_,0.9579644
_B27947,0.9579644
_FlowWind,0.9579644
栗子橙Liz,0.9579644
__虹__,0.9579644
biaoxm,0.9579644
bili_12779866234,0.9579644
一块面包君0,0.9579644
caro回到未来,0.9579644
bili_9434570308,0.9579644
bili_大大滴,0.9579644
bili_概念还是实体,0.9579644
bili奈何,0.9579644
boyLYX,0.9579644
boyyor,0.9579644
butforld,0.9579644
b站神怭用户,0.9579644
c-ouo-c,0.9579644
cdwei0,0.9579644
bili_84654198669,0.9579644
cheems爱吃烤破退透,0.9579644
cidheb,0.9579644
coolumm,0.9579644
dawon-,0.9579644
deFdeUdeCdeK,0.9579644
dhc316,0.9579644
dontsendthissong,0.9579644
dt--wssf,0.9579644
dusk与感觉,0.9579644
bili_89254476675,0.9579644
bili_83862802450,0.9579644
bili_14952655579,0.9579644
bili_30562134552,0.9579644
bili_16659505537,0.9579644
bili_173371688,0.9579644
bili_21157517364,0.9579644
bili_2151558904,0.9579644
bili_25146983607,0.9579644
bili_26881693082,0.9579644
bili_28105539942,0.9579644
bili_29275612544,0.9579644
bili_29821165410,0.9579644
bili_3493292140398927,0.9579644
bili_7986423,0.9579644
bili_3494374220499549,0.9579644
bili_3706954589407718,0.9579644
bili_40131424806,0.9579644
bili_51260440254,0.9579644
bili_582874,0.9579644
bili_59340006201,0.9579644
bili_68557741757,0.9579644
bili_74059867530,0.9579644
阿斯图罗,0.9579644
ttcup,0.9579644
tuple丶,0.9579644
uni_田不田田不辣,0.9579644
不买立减百分百,0.9579644
三石在剪辑,0.9579644
上官带糖,0.9579644
上官星婉,0.9579644
YIandUY,0.9579644
上扬_,0.9579644
下一节什么课来着,0.9579644
下渣皮,0.9579644
不Fuc分子,0.9579644
不上TUB不改名,0.9579644
不会背道法选手,0.9579644
三水oooooo,0.9579644
不做好好先生,0.9579644
不偷月_,0.9579644
不吃萝卜的CRH380B,0.9579644
不喜欢肉肉肉,0.9579644
不喝百事啊呀呀,0.9579644
斧王马大三,0.9579644
不大的微风,0.9579644
不好喝的粥,0.9579644
不好意思在下豹子头零冲,0.9579644
三水一一o,0.9579644
三十五号机器人,0.9579644
不懈努力7274,0.9579644
一紧张就会打哈欠,0.9579644
一年学会小星星,0.9579644
一幽风之飞,0.9579644
戴蓝帽子的可乐,0.9579644
一枝鸟鸟鸟,0.9579644
一氧化二氢LBX,0.9579644
一片馒头-,0.9579644
一片黄金羽,0.9579644
一瓶蓝莓汁,0.9579644
尬白叉魚,0.9579644
一纸哟,0.9579644
万花瞳孔,0.9579644
一罐麻薯精,0.9579644
一袋坂蓝根,0.9579644
一道阿柴,0.9579644
一飞不是二飞,0.9579644
一龍一蛇,0.9579644
七刹天,0.9579644
七岁_Seven,0.9579644
七彩虹黛西,0.9579644
七界洲,0.9579644
不想改名字了awa,0.9579644
bili_3546627830712399,0.9579644
van万叶叶叶,0.9579644
bili_84977963349,0.9579644
东野居士,0.9579644
丝瓜秋,0.9579644
两边水,0.9579644
丨Demiz丨,0.9579644
丨隐秘灬角落丶,0.9579644
中初男同学,0.9579644
中文房间里的哲学僵尸,0.9579644
中秋和五月,0.9579644
中级电脑,0.9579644
临在时空13141916,0.9579644
东曦哦,0.9579644
丶丶丶丶丶丶哟,0.9579644
丶卜一丶,0.9579644
丶静影,0.9579644
丸澄-,0.9579644
主动一点吧,0.9579644
丿渔舟,0.9579644
丿灬紫枫丶,0.9579644
义恒2,0.9579644
之之的花,0.9579644
东曦既驾_听聆月华,0.9579644
东山在启,0.9579644
不抽象的蔡,0.9579644
不要再玩B站了,0.9579644
不撸站神,0.9579644
某爱玩矢量的一方大爷,0.9579644
不爱玩百战水,0.9579644
不爱背书的Sireal_,0.9579644
不甚燎了,0.9579644
不知名的up猪丶,0.9579644
不羡仙10101,0.9579644
新疆老虎不卖,0.9579644
不药_,0.9579644
不要和我抢我推,0.9579644
世界的尽头是你的声音,0.9579644
寒羽良_XYZ,0.9579644
不要给我喂饭了,0.9579644
不负韶华QuQ,0.9579644
不逝叭,0.9579644
不闲的小咸,0.9579644
与寒北伐,0.9579644
专业帮人换裤子,0.9579644
且行风_,0.9579644
世崩鸟啊噶赛,0.9579644
一坨波奇,0.9579644
一叶雩舟,0.9579644
一只鸭池,0.9579644
阿杳没有犄角,0.9579644
爱吃酒酿豆腐,0.9579644
-桃木,0.9579644
1aaaaaaaaaaannnn,0.9579644
666不爱盐,0.9579644
ABthat,0.9579644
Re叶天帝一刀233,0.9579644
叫你小东西你敢答应吗,0.9579644
爱白嫖的五香蛋,0.9579644
道长哥哥呀,0.9579644
鲸吟梦,0.9579644
xxooty,0.9579644
xyxdoh,0.9579644
y7uuuuuuuuuuuuuu,0.9579644
yida4056,0.9579644
youngzie,0.9579644
Peregrine_Y,0.9579644
yunT2,0.9579644
yy嘁嘁,0.9579644
z-ioDGP,0.9579644
小庄爱岁岁,0.9579644
极客壪,0.9579644
xuue的奇妙日常,0.9579644
一只野生的颜文字,0.9579644
whcl412,0.9579644
violetVE,0.9579644
volckerOK,0.9579644
vxyh2233,0.9579644
v板烧鸡腿堡v,0.9579644
疯狂欧派大大星,0.9579644
w_ch_Y,0.9579644
waiai歪,0.9579644
weeeeeeeeeeeeek,0.9579644
whato-o,0.9579644
wnajic,0.9579644
xuhe3329,0.9579644
woaishutiao,0.9579644
wood1208,0.9579644
worthyalong,0.9579644
woshi11111,0.9579644
wrusibxnxi,0.9579644
wudfheutu,0.9579644
wufengqiu888,0.9579644
wwxb1047,0.9579644
xiao乐崽,0.9579644
zhubii,0.9579644
zimuli222,0.9579644
zjzasl,0.9579644
一只努力吃胖的胖鸡,0.9579644
一个普通的学习账号,0.9579644
一个过路人的普通人,0.9579644
一之濑千帆,0.9579644
一仟摄氏度,0.9579644
一凡是二哈,0.9579644
一切死亡皆是自尽,0.9579644
一口二十八个伢,0.9579644
一口云团子,0.9579644
一只不大的猫,0.9579644
sky_果子,0.9579644
zmplqz,0.9579644
一只小小小米吖,0.9579644
一只小郝同学,0.9579644
一只欧兹,0.9579644
模组工艺gong_yi,0.9579644
一只没用屑,0.9579644
一只爱杠的咸鱼,0.9579644
一只猫神256,0.9579644
一只蛙蛙Froggy,0.9579644
一只言言狒,0.9579644
一个憨憨的阳光,0.9579644
一个很恶臭的人,0.9579644
一个叫自羽的文学作者,0.9579644
一个准一个,0.9579644
zuukaii,0.9579644
葡星人尤拉,0.9579644
zweieQ,0.9579644
zzzzzz陨,0.9579644
041444,0.9579644
z肖二千z,0.9579644
ことなみY,0.9579644
ずっと探しています,0.9579644
だんご勿忘,0.9579644
ど冲田总悟づ,0.9579644
はどう90,0.9579644
グミドリ,0.9579644
シトリス,0.9579644
ルザォGOGO,0.9579644
ー_く,0.9579644
二颦,0.9579644
㑈睿祢冯什么吋侯䂗a,0.9579644
一一一真,0.9579644
一个人的吔,0.9579644
ZETA熊猫,0.9579644
Yuri_flower,0.9579644
Yogurt_Cat,0.9579644
ComPory,0.9579644
ChenJia55491,0.9579644
Chloroventus,0.9579644
CillianVinci,0.9579644
Claramente,0.9579644
熊喵黑曜,0.9579644
Clike-J,0.9579644
Co_BH,0.9579644
Code.Villkiss,0.9579644
Columbinax,0.9579644
Come_on_Charles,0.9579644
Ch-AY,0.9579644
Cookie百分百,0.9579644
Creve_,0.9579644
Crow404,0.9579644
Crystalli1203,0.9579644
Cuber_二十七,0.9579644
CyberAgent2077,0.9579644
CynthiaLx_,0.9579644
CynthiaYang2002,0.9579644
DAWMNICK,0.9579644
CheNjIaY_1017,0.9579644
CerberToast,0.9579644
DREAM-未来梦,0.9579644
Bili-LC,0.9579644
AyA川尚内库,0.9579644
Az丶汐寒,0.9579644
BIGbedbed,0.9579644
BOPI,0.9579644
BYune,0.9579644
B_s11-o,0.9579644
Baibaobao666,0.9579644
BaoNing233,0.9579644
Bejng_self,0.9579644
Bili_196424940,0.9579644
Caspain-,0.9579644
Briswich,0.9579644
B站老鸽,0.9579644
CG_清辞鱼茶,0.9579644
CHENTONYCAI,0.9579644
CRIB_,0.9579644
Cameliy,0.9579644
Carlaliiii,0.9579644
Casesing,0.9579644
Caseywine,0.9579644
DOIT汐,0.9579644
DarienYz,0.9579644
HenryTheory,0.9579644
Genesis-1st,0.9579644
FreecssX一一,0.9579644
Frjranger,0.9579644
FxxxxxxxkOff,0.9579644
G15AY,0.9579644
GFTV国际兽圈电视_福迪,0.9579644
GNazunaG,0.9579644
GTI特战干员银翼,0.9579644
喜欢搞抽象所以单身,0.9579644
Games接近-虾,0.9579644
GhostiCraft,0.9579644
Floraaaa-,0.9579644
Ghost印TheShadows,0.9579644
Gobolka,0.9579644
Green_Grassland,0.9579644
Grey_Chariot,0.9579644
H-H-H_x,0.9579644
HHH_氢元素,0.9579644
HRヾ风铃草,0.9579644
HS_寒霜,0.9579644
Hello_Bunny,0.9579644
Fluix,0.9579644
FlippedFlora,0.9579644
Diana逾儿,0.9579644
EXIT李,0.9579644
Dinstein-,0.9579644
Do_ro,0.9579644
Dolores-Sun,0.9579644
Dosmxjsbnn,0.9579644
Dr-心骛,0.9579644
淡い日,0.9579644
Dswitch,0.9579644
DumbAI人工智障,0.9579644
ELF兔兔,0.9579644
Earendelux,0.9579644
Februaryfish27,0.9579644
Elyite,0.9579644
Emberblade,0.9579644
Empreans,0.9579644
Eternal-god-1,0.9579644
Eyepiece-Cat,0.9579644
FODEN_11,0.9579644
F_Fzx,0.9579644
FaNStam,0.9579644
FaZEのTw1stZz本人,0.9579644
Athoy,0.9579644
Ass0ciation,0.9579644
Asonlee,0.9579644
00568547,0.9579644
-氧气萌主,0.9579644
-江雪-,0.9579644
-白白白白子,0.9579644
-精氨酸布洛芬-,0.9579644
-薇薇ANN-,0.9579644
-薜定谔的猫猫,0.9579644
-辛辰-,0.9579644
-这是个昵称,0.9579644
-酸奶不吃鱼__,0.9579644
00特工喵,0.9579644
-柒城-,0.9579644
0117tt,0.9579644
0li-stay,0.9579644
11号猫头鹰,0.9579644
12345678火,0.9579644
1234伪人心,0.9579644
124687546646,0.9579644
12S7_,0.9579644
1900_ht,0.9579644
1a2b257,0.9579644
Fiskkkk,0.9579644
-枫兰兰-,0.9579644
Ar_SXR,0.9579644
-北徊-,0.9579644
恭喜又发财,0.9579644
---JO-JO----,0.9579644
超级快乐的肥仔,0.9579644
--丞哥blessme--,0.9579644
--子羽--,0.9579644
我吃好了-妈咪,0.9579644
-IxiciSoA,0.9579644
-_-小绿-_-,0.9579644
-joyfun,0.9579644
-可乐鸟-,0.9579644
饿火柴,0.9579644
-咩吔-,0.9579644
-咲羽-,0.9579644
-屰-,0.9579644
-悲爱-,0.9579644
-托腮,0.9579644
呱唧咕噜噜噜,0.9579644
-无微-,0.9579644
一只小虚末,0.9579644
不会取名啊啊额,0.9579644
1逗号3-丁二烯,0.9579644
20啷当赖赖唧唧,0.9579644
2333uuu,0.9579644
AlienNess,0.9579644
A_haw,0.9579644
A_junjunjun,0.9579644
只有吃饭的时候不困,0.9579644
Acce2085,0.9579644
AdinTS,0.9579644
Afroc0vTh,0.9579644
Agriperaon,0.9579644
Aleph_096,0.9579644
看到几十块垫脚石,0.9579644
Alsen_,0.9579644
23500147,0.9579644
AmericaCEO,0.9579644
Amo_coobee,0.9579644
AnXingH,0.9579644
Anemoia__,0.9579644
AntiTankGun,0.9579644
Apollocoo,0.9579644
AppleSeed_nZk,0.9579644
ApriLLLbiubiu,0.9579644
Aquila_鹰与夜刃,0.9579644
AV变BV啦,0.9579644
ATP扔掉了Pi,0.9579644
ALM_Loy,0.9579644
AKseem,0.9579644
28花火,0.9579644
32207,0.9579644
333-shan,0.9579644
bili_61227152083,0.9579644
380556188,0.9579644
40Cent,0.9579644
455876,0.9579644
4D-Hunter,0.9579644
4dw7,0.9579644
52kg斯科特,0.9579644
662号女战士,0.9579644
7712377123,0.9579644
956马导,0.9579644
9i镜流流,0.9579644
9丶Yue,0.9579644
AAA广陵沉淀王,0.9579644
AAA虹夏大天使,0.9579644
AAA香菜批发刘经理,0.9579644
AA土老帽批发商,0.9579644
Helloroom,0.9579644
Higgs_Boson,0.9579644
锅咯锅咯驾,0.9579644
Re0607,0.9579644
Q烦A烦Q,0.9579644
R-HR,0.9579644
R_Z_OWO,0.9579644
Rainko_,0.9579644
Rain的粪球,0.9579644
Raisushawaー,0.9579644
Raquellll,0.9579644
Ray_xxl,0.9579644
Rb_M4XVerstappen,0.9579644
Rei_澪,0.9579644
Qin_at,0.9579644
Reigen桑,0.9579644
Re世界第一可爱,0.9579644
RichBen_Lian,0.9579644
小柯啊小柯,0.9579644
Rio_ccc,0.9579644
Royal-Crown,0.9579644
Ruaast,0.9579644
Ruaitnes,0.9579644
Rybakiki,0.9579644
Qvoider,0.9579644
Qimel,0.9579644
SL-Ace,0.9579644
lulufi,0.9579644
Night_Of_Light,0.9579644
Ninelie47,0.9579644
Nogamenolife电玩か,0.9579644
NoneUwU,0.9579644
NotTheLord,0.9579644
Nukepayload2,0.9579644
OOK嘛,0.9579644
ORANGE-OC-,0.9579644
Ofeocc,0.9579644
OhYeongyi,0.9579644
Qian_0114,0.9579644
Ohyeeeeeeeeeeeee,0.9579644
OrlonX,0.9579644
P7GAB,0.9579644
Panena,0.9579644
Paranoid_Liu,0.9579644
Persistancemm,0.9579644
Petal_leo,0.9579644
Priestess25,0.9579644
QShaonian,0.9579644
S-Y商音,0.9579644
SODA酱NANA酱,0.9579644
Hildrun_,0.9579644
VictorJerry,0.9579644
Tocy陈,0.9579644
Tritium79,0.9579644
Tsukumoinori,0.9579644
Turbo_0v0,0.9579644
TylorSkywalker,0.9579644
Uranoo,0.9579644
Uurainn,0.9579644
VelproF1129,0.9579644
Vergilius_IlI,0.9579644
Vitality的马希洛本人,0.9579644
Thinkauc,0.9579644
Vivien00a,0.9579644
W_飛,0.9579644
WeChat13,0.9579644
Wiz1024,0.9579644
W乐嘉,0.9579644
XueZCL,0.9579644
YZQGJJ21,0.9579644
YamiiroAlice,0.9579644
YoRHa_4S,0.9579644
Tilance,0.9579644
Tendermistake蓝桉,0.9579644
爱_我所爱,0.9579644
SnowOye,0.9579644
SaChii_,0.9579644
Sakiの追う思,0.9579644
没有脸的无名氏,0.9579644
Septeen玖,0.9579644
Sherry香Sweet,0.9579644
SilkenChords,0.9579644
SiroYoru,0.9579644
Skelent_793,0.9579644
SlimeNull,0.9579644
Solomon的小饼干,0.9579644
肉酱安格斯厚牛堡,0.9579644
Sora嗦辣,0.9579644
Ss周防尊,0.9579644
StardewVa11ey,0.9579644
Starry_C,0.9579644
Sure_ger,0.9579644
Sy0472,0.9579644
S佐藤和真Q,0.9579644
TCY-Vilert,0.9579644
TatleCat,0.9579644
Night_Fox,0.9579644
NightFallD,0.9579644
NickLopez,0.9579644
Kingishu,0.9579644
Jocelyntien,0.9579644
Joey_MAKE,0.9579644
Johnson9z,0.9579644
KAKyoin_cherry,0.9579644
KatsumiDaido,0.9579644
Kelzina_95,0.9579644
Khalil-999,0.9579644
Kiley_zh,0.9579644
Kimix饭团,0.9579644
KleinMoriarty1,0.9579644
来点蓝莓慕斯,0.9579644
KtyQAQ,0.9579644
L-Ascorbic-acid,0.9579644
L-emotion,0.9579644
LOVE瑞吉儿,0.9579644
LO昕芋VE,0.9579644
LPtc,0.9579644
才不是狸猫ii,0.9579644
LTY_LSM,0.9579644
LV5节能炮,0.9579644
Jaoye,0.9579644
JUMLICKY,0.9579644
Neo3Day,0.9579644
INDUSTRY_BABY,0.9579644
HoneyPzz,0.9579644
HuOkee,0.9579644
HybirdQwQ,0.9579644
HyperHare,0.9579644
Hyperuns,0.9579644
Hypothet,0.9579644
H浩-幻想,0.9579644
I-桃夭-I,0.9579644
IIIMiracleJ,0.9579644
IO单OI,0.9579644
JMZSH,0.9579644
Ignis_焰,0.9579644
ImgnDrgn,0.9579644
Into_The_Void,0.9579644
必中天选的猫猫头,0.9579644
J4wew,0.9579644
JENNYCAtty,0.9579644
JH4ever,0.9579644
JHouse_,0.9579644
懒散贤者,0.9579644
LWJ_0803,0.9579644
LX落霞77,0.9579644
LYDoppeler,0.9579644
Moonquakes33_,0.9579644
MUSE_2,0.9579644
Material3600,0.9579644
Megdn,0.9579644
Mercury怜,0.9579644
Michael__Zh,0.9579644
MikiSayakaSL,0.9579644
MiniOrangeNB,0.9579644
MisakaZXC,0.9579644
Monica_渔,0.9579644
Mou-z,0.9579644
小怜悯心,0.9579644
My-Honest,0.9579644
MyLuckySeven7,0.9579644
NARUTO水门,0.9579644
NF13_,0.9579644
NGU-F,0.9579644
NaOH42,0.9579644
NamelessAshen,0.9579644
Neil桀骜,0.9579644
宁古塔穷留子,0.9579644
MOCHAKING,0.9579644
MK牧瀨红莉栖,0.9579644
少女爱拉屎,0.9579644
MEz2Luv,0.9579644
Lacrimee,0.9579644
Langba2014,0.9579644
Lelele拐,0.9579644
Lem大帝,0.9579644
Leonnav,0.9579644
Ler1Shy,0.9579644
Leslie----Cheung,0.9579644
Lezzer,0.9579644
LighterP,0.9579644
Line_64956,0.9579644
LittleRose,0.9579644
Logic-hero,0.9579644
Lu_QF,0.9579644
Luna-No-Tic,0.9579644
Luoyuu_,0.9579644
M1LKBOTTLE,0.9579644
MADAMADA-DANE,0.9579644
MCcarrot,0.9579644
labby妤小小,0.9579644
乌托邦的日子,0.9579644
hiioohmudc,0.9579644
乌龙茶啤酒和苦咖啡,0.9579644
好大一只咕咕,0.9579644
奖状收集楼,0.9579644
奥数洛里,0.9579644
女san,0.9579644
奶不思,0.9579644
奶油I可可,0.9579644
好久没追番了,0.9579644
好像什么都不知道哦,0.9579644
好名字都被抢光了.,0.9579644
好大一个碗,0.9579644
回到未来的方老师,0.9579644
奈总qwq,0.9579644
好耍啊好耍,0.9579644
好风可借力,0.9579644
如月疑云_,0.9579644
妄言猫猫,0.9579644
妇国大将军,0.9579644
妖精cpl,0.9579644
妖蛊笑,0.9579644
姓呼吖,0.9579644
姓羽隹,0.9579644
奕诺_Y,0.9579644
奇谋砍张角,0.9579644
大猫67,0.9579644
天狼座星云,0.9579644
大睡啊啊啊,0.9579644
大禹治水www,0.9579644
大脸MRA,0.9579644
大萝卜是大宝贝,0.9579644
天上江铃-demonic,0.9579644
天仙狂醉yun,0.9579644
天天扫雪,0.9579644
天律玄,0.9579644
天泽圣司雯,0.9579644
天罪星旺仔er,0.9579644
头发不稀,0.9579644
天野阳阳菜,0.9579644
無名1234,0.9579644
天青水绣1236,0.9579644
太凡乾元,0.9579644
太缁,0.9579644
太陽の息子,0.9579644
太饿了找吃的,0.9579644
失落的泰迪熊,0.9579644
风花满月,0.9579644
姜与僵,0.9579644
姜姜江姜江,0.9579644
姜萍数学竞赛,0.9579644
安沫澪,0.9579644
宅在阿瓦隆里的亚瑟,0.9579644
宇宙机械姬,0.9579644
宇智波带taoo,0.9579644
宇玟秋水,0.9579644
守护的骑士,0.9579644
守月人the_moon,0.9579644
守望心灵的月光,0.9579644
安家妹子,0.9579644
戏格子,0.9579644
安静的距离,0.9579644
威卡wicca,0.9579644
宋雨琦快来宁波救我,0.9579644
猫_君,0.9579644
宏宝丶,0.9579644
实在想不出名字了--,0.9579644
寂寞工科男,0.9579644
密码又忘了哎,0.9579644
富小蔻,0.9579644
寒武極,0.9579644
寒玥Ovo,0.9579644
宅在家的子期,0.9579644
学门技术养家糊口,0.9579644
学英语的医学生,0.9579644
学习的星灿,0.9579644
威鸡雰,0.9579644
婉芊幺,0.9579644
子不斩,0.9579644
子易233,0.9579644
阿狸狸哦,0.9579644
子涵露露,0.9579644
孔--明,0.9579644
孙悟驡,0.9579644
孙鹏飞7840,0.9579644
杀手蝴蝶梦1919,0.9579644
孜然酱不是酱,0.9579644
孟川K,0.9579644
孤优孤优,0.9579644
孤屿zyz,0.9579644
孤独的品鉴师,0.9579644
孤独的风一,0.9579644
肯定还会的,0.9579644
孤狼酥酥,0.9579644
孤獨離子,0.9579644
大白菜de桶,0.9579644
大爱南大,0.9579644
对绫波丽一见钟情,0.9579644
土鸡德华ovo,0.9579644
四月一日莙寻,0.9579644
四照x,0.9579644
四页景_,0.9579644
回神兮,0.9579644
困乎己时,0.9579644
国家一级饱腹动物,0.9579644
国服第一难带啊,0.9579644
国王家の猫,0.9579644
图伯斯通,0.9579644
在哪里起飞,0.9579644
嚞御,0.9579644
在底特律吃馅饼的企鹅,0.9579644
在杭州做律师的王律师,0.9579644
在椰子树下一觉到天亮,0.9579644
达斯米奇B站专用账号,0.9579644
在逃猫猫棍ovo,0.9579644
地球online管理者,0.9579644
噜炉卤鹭,0.9579644
地球脚印1号,0.9579644
地瓜炸弹球,0.9579644
四川省省草,0.9579644
嘿嘿会早睡嘛,0.9579644
大润发杀人男孩,0.9579644
喜欢吐泡的鱼,0.9579644
阿本_QAQ,0.9579644
啧啧啧鼠鼠都去哪了,0.9579644
啾秋啾啾,0.9579644
善财懒同学,0.9579644
喑枳,0.9579644
梨米朵,0.9579644
喔你呢,0.9579644
喜欢刘康有品,0.9579644
--如既往的帅气,0.9579644
喜欢坐直升机丶,0.9579644
嘢_小子,0.9579644
喜欢川渝宝龙,0.9579644
喜欢阿瓦隆的大手么,0.9579644
喵之安雨然,0.9579644
喵了个咪呵呵,0.9579644
喵勒个去,0.9579644
-Vvanny-,0.9579644
嗜个仁啊,0.9579644
嗜窝诗屋人,0.9579644
嘎嘎鸭布丁,0.9579644
地陷の石,0.9579644
坂古朋友圈,0.9579644
坠风煎鸡蛋,0.9579644
夜風幼刀刀,0.9579644
夏沫繁星,0.9579644
夕日の波客,0.9579644
多拉A梦-boom,0.9579644
多鱼的余ovo,0.9579644
夜梦鹳雀楼GBZB316,0.9579644
夜灵沐_Sierra,0.9579644
夜玦GReally,0.9579644
夜肆然,0.9579644
夜阑星凡,0.9579644
夜默星繁,0.9579644
坤的味道吃了就知道,0.9579644
大会员asd,0.9579644
大力地,0.9579644
大叔炫007,0.9579644
大名鼎鼎历飞雨,0.9579644
大圣嘻嘻嘻,0.9579644
大地嘤嘤嘤,0.9579644
大坝神区,0.9579644
大师球逮溶食兽,0.9579644
大曦哥,0.9579644
有人在这儿吗,0.9579644
夏夏夏夏夏夏次一定,0.9579644
夏与树丶,0.9579644
复读复读机的复读机,0.9579644
坨马坨,0.9579644
垦芽泊子,0.9579644
城郊牧笛落野村,0.9579644
城郭书生,0.9579644
培青孑,0.9579644
堂主胡桃胡桃,0.9579644
78頋語91,0.9579644
堇紫苍蓝,0.9579644
堍茶,0.9579644
塑料口袋,0.9579644
墨兔MOTU,0.9579644
墨哈秋哟,0.9579644
墨爻的世巡宠宠我,0.9579644
墨竹银余,0.9579644
墨苏冷,0.9579644
我爱看擦边男妈妈,0.9579644
壹万ewan,0.9579644
壹碗汤,0.9579644
夂㸚祓濯,0.9579644
寒羽尘夕,0.9579644
寻七w,0.9579644
啊米诺斯米娜桑,0.9579644
张某赐哟,0.9579644
废话世界里的糖果屋,0.9579644
生煎鹹魚,0.9579644
开房卖神油,0.9579644
弃D投P,0.9579644
弋白二琼,0.9579644
弋阳川,0.9579644
张书凝,0.9579644
张八儿,0.9579644
张厚页本尊,0.9579644
张飞偷袈裟,0.9579644
哈哈名字不存在的,0.9579644
弥-aisd,0.9579644
弯曲的湖,0.9579644
弱水东流,0.9579644
張云宏,0.9579644
張号己汪销,0.9579644
張长青,0.9579644
强说他,0.9579644
归_辰,0.9579644
彡YYL,0.9579644
星落_falling,0.9579644
庐江老陆,0.9579644
帅摔的萝卜,0.9579644
干净如画,0.9579644
开拓猫猫,0.9579644
带土是喰种,0.9579644
萌新的无奈,0.9579644
带秤去旅行,0.9579644
带篮子本人,0.9579644
常云晚,0.9579644
常嫣军,0.9579644
常数要较小,0.9579644
常树人,0.9579644
干啥子啊这是,0.9579644
广白百,0.9579644
平凡の世界和你,0.9579644
平壤没有墙,0.9579644
平平凡凡丶levi,0.9579644
平面直角坐标系Owo,0.9579644
并非真五字,0.9579644
幺幺灵2008,0.9579644
幻夢未来の音,0.9579644
幻梦花园_,0.9579644
幽默春风,0.9579644
彡叮当彡,0.9579644
彩虹人o_o,0.9579644
彩虹喵之剑,0.9579644
思考人生的小溪,0.9579644
志鹏叔叔丶,0.9579644
忘了本大王,0.9579644
快乐小猪儿_J,0.9579644
怀里明月怀外雪,0.9579644
怂了苟吧,0.9579644
怎么講,0.9579644
思念变成枫_,0.9579644
唐小十九,0.9579644
思想掌控,0.9579644
怪人阿刚,0.9579644
彩虹海彡知音,0.9579644
总是走在漫长的路上丶,0.9579644
总有一天会还魂_zone,0.9579644
After-Alive,0.9579644
恆礫,0.9579644
恐人勿扰,0.9579644
恒の征服者,0.9579644
恒山野人,0.9579644
恨愁用歌声代替,0.9579644
恩MIXX,0.9579644
忒忒忒啊忒,0.9579644
忆蓑衣,0.9579644
忆研年少,0.9579644
忆江南丨,0.9579644
影子与鸽,0.9579644
很大的风g,0.9579644
徐同学Ql,0.9579644
得分点-,0.9579644
御坂12791号,0.9579644
御坂5831号,0.9579644
御坂妹妹发电厂,0.9579644
御尘zzz,0.9579644
御时空明,0.9579644
微微一跳,0.9579644
微笑小狐狸,0.9579644
微醺さん,0.9579644
微醺的冷鲜肉,0.9579644
心一k,0.9579644
心之所向暂,0.9579644
心乐兮,0.9579644
心灵牧羊人0123,0.9579644
忆尘自信也谦虚,0.9579644
忆比蓝,0.9579644
帅气の小飞,0.9579644
帅帅的尧哥,0.9579644
寻找-答案,0.9579644
willy_ben_chen,0.9579644
小新酱的蜡笔,0.9579644
小明听见了,0.9579644
小智真的很机智,0.9579644
小李布鸽-,0.9579644
火伊尔,0.9579644
小松日向,0.9579644
小林囝,0.9579644
小柒弃色,0.9579644
小桉有点宅-,0.9579644
紫外线大帝,0.9579644
小恶魔海星星,0.9579644
小汪君の,0.9579644
小温wendy,0.9579644
小潜讨厌早起,0.9579644
小灯扶老灯眼睛要尿尿,0.9579644
小狼背个包包,0.9579644
小璐不乱撞biu,0.9579644
小疯未疯,0.9579644
小盐风化,0.9579644
小穗满满,0.9579644
小惠很白,0.9579644
小怪兽king修勾,0.9579644
布鲁伊传教士,0.9579644
小一的频道,0.9579644
寻找加一,0.9579644
九重星有街,0.9579644
寻章Explorer,0.9579644
封镡,0.9579644
将半,0.9579644
專業不對口,0.9579644
尋勝1893,0.9579644
小QBZ,0.9579644
谁在和甜妹谈恋爱啊,0.9579644
小东哥是也,0.9579644
小徐在背单词,0.9579644
小凝商业分析,0.9579644
小刺猬扎你哦,0.9579644
小十八_Mirana,0.9579644
小吴6119,0.9579644
小咩菜,0.9579644
小天LOVETEN,0.9579644
小太阳在对岸,0.9579644
小学同鸡炖,0.9579644
小小万业,0.9579644
小羊奶盖丶,0.9579644
小肆aaaaa,0.9579644
小豺v,0.9579644
岩叔不二,0.9579644
山与海棠花,0.9579644
山柳awa,0.9579644
山海_居士,0.9579644
山海中重逢,0.9579644
山田杏奈さんです,0.9579644
山羊-GT,0.9579644
岐律,0.9579644
岛兑,0.9579644
岛田哈士,0.9579644
岳韶,0.9579644
宇拉Yura,0.9579644
鉝ver猫rium,0.9579644
峥峥与鱼,0.9579644
峨眉山猴王_,0.9579644
工藤-沙耶香,0.9579644
差不多的橘子,0.9579644
高维思维兽,0.9579644
巴吧波弈,0.9579644
布布OcO,0.9579644
布拉迪耶先生,0.9579644
山上有术,0.9579644
屠夫鱼,0.9579644
尽佘欢,0.9579644
尼布罗茨,0.9579644
小青鹿啊,0.9579644
小韩啸,0.9579644
小马谷momona,0.9579644
小魔王9901,0.9579644
小鲍的阿黄,0.9579644
昊叠油,0.9579644
小鲨鱼的糖块,0.9579644
小麦克可汗,0.9579644
少吃点吧又胖了,0.9579644
少年の初梦,0.9579644
鱼猫摄影,0.9579644
乐弦初音和天依,0.9579644
尤里安的凯旋,0.9579644
就是qiengpa,0.9579644
就是老人,0.9579644
就爱吃脆桃儿,0.9579644
就要沾豆爽,0.9579644
尼古拉斯卡喵,0.9579644
尼古拉斯赵四22,0.9579644
啧啧啧zzz12346,0.9579644
尔蜜7,0.9579644
啊您姜,0.9579644
关天烽,0.9579644
先随便起个名111,0.9579644
光与影shine,0.9579644
光粒子的能量,0.9579644
克里斯_猫,0.9579644
克里欧Kun,0.9579644
克隆狐_Neil,0.9579644
免硬币设置一次吼,0.9579644
兓霂,0.9579644
兔子便当里凤梨怪兽,0.9579644
入处壮年拄拐棍,0.9579644
全世界最帅的老坛,0.9579644
全知全能幻想,0.9579644
全站唯一真刘浩存男友,0.9579644
全部拿下233,0.9579644
八云家的被窝,0.9579644
八奈見杏菜_official,0.9579644
八月留焱,0.9579644
六国居士,0.9579644
六花不想小鸟游,0.9579644
兰渔,0.9579644
共和国在下雨_HE,0.9579644
元旦是只猫呀,0.9579644
元战OPLA,0.9579644
元创者,0.9579644
依氼,0.9579644
你抓不住的风与影,0.9579644
蒙面侠的小鱼干,0.9579644
你的头发掉了-,0.9579644
你的水开了,0.9579644
你膝盖中箭,0.9579644
你踏码,0.9579644
你身边和他一样帅的人,0.9579644
佩奇是我的呀,0.9579644
佰帝,0.9579644
俄罗斯大战方块,0.9579644
兀与_,0.9579644
俊俊金毛,0.9579644
俟惕,0.9579644
信任度贤者,0.9579644
修改硬币需消耗六昵称,0.9579644
假的dewierH,0.9579644
假装是万寿菊,0.9579644
偏头痛妖精,0.9579644
傲来Official,0.9579644
像素漫步,0.9579644
关东煮好想吃,0.9579644
内啡肽含片,0.9579644
-月净悠-,0.9579644
再来也许要天上团聚l,0.9579644
函谷关上单,0.9579644
刀梦氵原,0.9579644
刁之不会剪辑,0.9579644
刄妾,0.9579644
刘艺博ol,0.9579644
初夏桜晴啦,0.9579644
删繁就简-知足常乐,0.9579644
别加芹菜啊,0.9579644
别时茫茫江妗月,0.9579644
别欺负乌冬面呀,0.9579644
别碰我狗牙yy,0.9579644
到底该叫哪个呢,0.9579644
刷牙的临夏七度,0.9579644
刺客先生就好这口,0.9579644
剁椒鱼头椒炒肉,0.9579644
前任大班长,0.9579644
前方咯咯,0.9579644
剥个瓜子i,0.9579644
剥落的海,0.9579644
加油吧阿柴,0.9579644
加洛壹,0.9579644
凹凸不平的小毛毛雨,0.9579644
凯撒的副官,0.9579644
凤梨酥贴,0.9579644
冰鱼ちゃん,0.9579644
再见吧朋友焖,0.9579644
冒崄雷探长,0.9579644
冒险滴二哥,0.9579644
金刚小蚂蚁,0.9579644
冬坡_,0.9579644
冬天要做大鱼2,0.9579644
沉锦烟,0.9579644
冰冻麻薯youmu,0.9579644
冰柠海獭,0.9579644
冲浪小透明,0.9579644
凤九序章,0.9579644
冷吃_兔,0.9579644
冷铭雪,0.9579644
冻梨大人-,0.9579644
凉ie,0.9579644
凉小肥啵炜,0.9579644
凌晚lw,0.9579644
凌晨aks,0.9579644
凛夏w,0.9579644
凡凡凡凡凡鸟,0.9579644
你所热爱的就是___,0.9579644
你怎麼连话都说不清楚,0.9579644
励志当萌新的黄桃,0.9579644
仁川松岛流浪女,0.9579644
云妹儿丶,0.9579644
云歌呀云歌,0.9579644
炼冰术士海森堡_,0.9579644
五条煌,0.9579644
卷毛鸦雀窝,0.9579644
亖三两二一,0.9579644
亚撒西的迷途,0.9579644
亟淮,0.9579644
亦南rrrran,0.9579644
亦是否,0.9579644
亦音-,0.9579644
京有点冷,0.9579644
京都一生推-,0.9579644
人参公机,0.9579644
人女口其名,0.9579644
人才北子,0.9579644
屑六角星awa,0.9579644
人机kris,0.9579644
人生岂能被轨道左右,0.9579644
人畜无害皮皮酱,0.9579644
人间普通小tom,0.9579644
云中仙鹿Max,0.9579644
二点半不上火,0.9579644
二大爷我查,0.9579644
九头怪喵,0.9579644
啊就这样好了k,0.9579644
乐观的Pessimist,0.9579644
乔思毅,0.9579644
乖日鲸,0.9579644
乙醇上头,0.9579644
九世净琉璃,0.9579644
九十一个名字,0.9579644
九十九课,0.9579644
九号天罗,0.9579644
九打七,0.9579644
事该了,0.9579644
九敏狐,0.9579644
也無風雨也無晴,0.9579644
也许我就是大魔王吧,0.9579644
书剑风流,0.9579644
书桌余光,0.9579644
书话短说,0.9579644
乱一晨Twilight,0.9579644
了不起的木狮虎,0.9579644
予独爰莲,0.9579644
人间风雨7776,0.9579644
仁間失革,0.9579644
你当飞往你的山啊,0.9579644
今天又又又浪了,0.9579644
传奇火火-Fireset-,0.9579644
伪秋菲,0.9579644
伯尼熊的烤香肠,0.9579644
伴九久--,0.9579644
伴定疯,0.9579644
但又如何,0.9579644
低血糖还在追我,0.9579644
住在乌龟壳,0.9579644
住在珈百璃家的狂三,0.9579644
佑川予安,0.9579644
何兰亭,0.9579644
何小豹,0.9579644
余林初雨,0.9579644
余紫南半鬼,0.9579644
佚名16,0.9579644
你_好好_活着_吧,0.9579644
你们这些大胖子,0.9579644
你好呀9-9,0.9579644
你好我很困我先睡会,0.9579644
MrC4,0.9579644
天道树艹,0.9579644
遨风管,0.9579644
伟大的更更桑,0.9579644
会飞的猪24,0.9579644
以爱为名的某N小姐,0.9579644
今天问题解决了吗,0.9579644
从我床上下来,0.9579644
从我这边_到你那边,0.9579644
从此见山不是山,0.9579644
代数与数学分析典例,0.9579644
以一四悟一十,0.9579644
秋络妍大王请早睡,0.9579644
以勿,0.9579644
以泰和菠萝,0.9579644
仲十五,0.9579644
优不拉平,0.9579644
仲夏-月,0.9579644
仲夏之靥,0.9579644
任颜鹤,0.9579644
仿人類行為錄_,0.9579644
仿生萝卜_,0.9579644
伊依炎炎,0.9579644
伊克斯迪克秀,0.9579644
伊洛幻想,0.9579644
伍猫司,0.9579644
加藤惠的猫-,0.9579644
冷火蜻蜓,0.9579644
含着泪de微笑,0.9579644
可爱的嘟嘟嘟嘟,0.9579644
同一天的时候,0.9579644
同学丁,0.9579644
名字是试试,0.9579644
名陳,0.9579644
向你问好_我的朋友,0.9579644
向安,0.9579644
向最美好的前程,0.9579644
吓得我都笑出来了,0.9579644
吔蕉啦捞头,0.9579644
君の坷拉,0.9579644
君身雪中乃知寒,0.9579644
吧唧一口奶,0.9579644
含着奶嘴的心理大师,0.9579644
听Jay吹海风1,0.9579644
听见落花声,0.9579644
吴西迪西哟呼,0.9579644
吸金猛卖,0.9579644
吹号手-,0.9579644
吾乃秦始杨,0.9579644
吾星如河,0.9579644
吾猫叛逆伤透吾心,0.9579644
合肥凌动,0.9579644
吃饲料的南越人,0.9579644
吃饭睡觉的豆豆,0.9579644
叶籽孜yu,0.9579644
可莉的咸鱼,0.9579644
可达莉鸭,0.9579644
史呆芬爱吃水蜜桃,0.9579644
叶刃艾路雷朵,0.9579644
叶子yerr,0.9579644
叶子旋转飞,0.9579644
叶影不好吃,0.9579644
叶斯格鲁,0.9579644
叶桑酱,0.9579644
司尹舒,0.9579644
吃那么多的吧,0.9579644
司空冰痕,0.9579644
司空见不惯你,0.9579644
司马江南还我绘梨衣,0.9579644
叻砚舟,0.9579644
叽里呱啦咩哈哈,0.9579644
吃柠檬哟g,0.9579644
吃橘子的小学宅,0.9579644
kii_sanyaOvO,0.9579644
吃蟹的电视,0.9579644
呀羊跑了,0.9579644
呆呆的睿智,0.9579644
呆毛小六,0.9579644
哟雨哟雨,0.9579644
哈丽郭特,0.9579644
哈喽之鸥,0.9579644
哈士七_,0.9579644
哈怪怪怪怪哈,0.9579644
哈秋szhhh,0.9579644
哈鸡寻,0.9579644
哒咚咚哒咚咚哒,0.9579644
哔啊叽,0.9579644
哟哟切柯南,0.9579644
哦哦哦哦耶斯-,0.9579644
哇咔咔扒拉,0.9579644
哲哲乘风破浪,0.9579644
哲学苍穹,0.9579644
唉丶小卿,0.9579644
永曜苍穹,0.9579644
请把我当成一棵树叭,0.9579644
唐惜然,0.9579644
唐筱鹿,0.9579644
唔嘫worable,0.9579644
唯其故耳,0.9579644
哈-是老Ju,0.9579644
哇_逗13,0.9579644
呢绒喂丝大林,0.9579644
咃の泠漠伱の嗳,0.9579644
周三连,0.9579644
周周鹿,0.9579644
周旋久矣,0.9579644
周易有云,0.9579644
湫驀,0.9579644
呱小酱,0.9579644
呵闩,0.9579644
命运联想,0.9579644
命鹧,0.9579644
咕Duang,0.9579644
哆子玉,0.9579644
咕咕eee,0.9579644
咕噜咕噜仄儿,0.9579644
咕路碳是这个碳,0.9579644
咖喱ヽ,0.9579644
咦丶我的存在感呢,0.9579644
咩咩铁锤酱,0.9579644
咳咳棒,0.9579644
咸鱼之王王王,0.9579644
咸鱼四十四号,0.9579644
商秋暮雨,0.9579644
可盐可甜萝莉啰嗦,0.9579644
卡贝奇果,0.9579644
卧同希濡沫,0.9579644
单核细胞生物电工,0.9579644
单相思的菜鸟睡梦回,0.9579644
南_乡,0.9579644
南倾尽萧,0.9579644
南宁老友粉丶,0.9579644
南宫幸光,0.9579644
南宫羽丶,0.9579644
南小鸟68,0.9579644
南屏绿波,0.9579644
南条痕,0.9579644
啊今我来思1,0.9579644
南河み,0.9579644
南筏滚滚,0.9579644
南紀岛,0.9579644
南那なな,0.9579644
南颜笙么,0.9579644
南风white,0.9579644
卡了鱼刺的橘猫,0.9579644
卡卡溪鸭,0.9579644
卡瑞昂,0.9579644
可爱的像小兔子,0.9579644
单挑专业户,0.9579644
半明半昧半摇曳,0.9579644
半夏spirit,0.9579644
十七号骑士,0.9579644
1彬,0.9579644
雨就再下,0.9579644
勤奋好学の呆猫桑,0.9579644
化泓道人,0.9579644
北境铁头人,0.9579644
北方の风云客,0.9579644
匪之FZ,0.9579644
十一栗-,0.9579644
十一次元刀酱,0.9579644
十七摩斯,0.9579644
千简云辞,0.9579644
十二月火,0.9579644
十亿口奶酪,0.9579644
啊你说的对哈哈哈哈,0.9579644
十八人匕十,0.9579644
十岁抽到了可莉,0.9579644
十方郁,0.9579644
千喜鹤_sun,0.9579644
千戈--,0.9579644
千早小唐音,0.9579644
螺号闻,0.9579644
唯恣意不改,0.9579644
双保险摇滚,0.9579644
卯猫桑,0.9579644
叫我周粥同学啊,0.9579644
叫我Ccy就好啦,0.9579644
啊-健,0.9579644
友之天下,0.9579644
友善的鸡翅,0.9579644
只爱小昔涟,0.9579644
反正我觉得挺好的,0.9579644
只希望归来,0.9579644
发送我所至爱,0.9579644
取名贞德好难,0.9579644
口可口可口达emmm,0.9579644
只死猪仔,0.9579644
古都市掌管拼点的神,0.9579644
只因ikunの恋爱循环,0.9579644
叮叮车dddd,0.9579644
可le油条,0.9579644
可乐_-可乐-_,0.9579644
可乐啤酒配咖啡,0.9579644
又一个无趣的人,0.9579644
去工厂然后回不来了,0.9579644
原始火批,0.9579644
可以就是可以不,0.9579644
原于_u7t1,0.9579644
阿渣dry,0.9579644
可口可乐与泡椒凤爪,0.9579644
可可可可92,0.9579644
卿良骨,0.9579644
卿卿草草原X,0.9579644
可有可无吧,0.9579644
卿儿爸,0.9579644
卿の本佳人,0.9579644
只因不是知,0.9579644
请阻止车门关闭,0.9579602
蒹葭浮生,0.957954
菜包子-caz,0.957954
重金属鱼,0.95793766
夏时何时,0.9579228
JackLu57,0.957858
重塑命运的亡故我无,0.957858
汽水和相机,0.957858
氦氖氩氪氙氡01,0.957858
宇宙換紅豆,0.957858
因果律的弦,0.957858
伊茗mm,0.957858
炫彩大脏螂,0.9577612
GSA崩,0.9574218
源堡里的刀克塔,0.9574218
我只是闲得无聊想改名,0.9574218
H恩度W,0.9574218
aiiiipants眠王,0.95737004
钢琴墩,0.95724887
averad,0.35310802
ThraShErDDoS,0.3514471
Moncole,0.35097277
brand0n,0.35096028
VolumeZero,0.3508957
pengo,0.3508094
Aspel,0.35074645
ThePipes123,0.35073993
Dial-A-Lan,0.35071498
tresser,0.35066444
bluetidepro,0.35066336
chevybow,0.35062665
ABemusedHorse,0.35054764
NotJordy,0.350528
AnalogDan,0.35051835
SaxyTimeReloaded,0.3505096
BeBenNova,0.3504375
unforgiven91,0.35035568
DrRodneyMckay,0.350332
pedro19,0.35031775
Jimbobmij,0.35030198
Wizuhd,0.35026765
BanksKnowsBest,0.35014576
TheRagingHerp,0.3501254
baddonny,0.3501129
Etonet,0.35004693
Shizo211,0.3500354
Kyraden,0.35002372
Hax_,0.35001913
sirberus,0.3500032
RedSeven4,0.34997308
scharfca,0.3499562
PokerFace247,0.34994763
DaedalusMinion,0.34994033
iambecomedeath7,0.34992492
makenzie71,0.34991935
David_Crockett,0.34989032
indochris609,0.34987915
Bpbegha,0.34987873
Kongo204,0.3498395
L2attler,0.34979934
rastacola,0.34979165
PokemasterTT,0.34978232
dragonsky,0.34972137
bleekicker,0.34972006
dukishlygreat,0.3496733
charlemang,0.34965703
Sidekicknicholas,0.34962264
Parodoxez,0.34961188
Trickish,0.3496094
Knuk,0.34958017
Warlizard,0.34957418
fuzzyblackyeti,0.3495617
DarthMurdok,0.34954116
Canopus_2,0.34954047
critcal_kurt,0.34953997
Smaktat,0.34953701
Arachnatron,0.34950787
thatwaffleskid,0.34948546
lud1120,0.3494797
Retro21,0.3494754
HINDBRAIN,0.34945434
omgitsjo,0.34944943
Burgerkrieg,0.34944916
DarthContinent,0.349439
iamjakeparty,0.3494333
zombiegirl2010,0.3494245
ZackZak30,0.34941944
badmood247,0.34941903
Trojanbp,0.34940016
Armonster,0.3493933
VaccusMonastica,0.3493599
AllMightyGuy,0.3493552
DSice16,0.349344
JakeSteam,0.34931764
ShamefulIAm,0.3493159
TTSDA,0.34930542
Kuonji,0.34928408
leoberto,0.3492821
Ragozi,0.34926686
rootbeerfetish,0.34926078
InhailedYeti,0.3492431
Draedgal,0.34924296
mordocai058,0.34924152
Killjoy4eva,0.34922206
B-Jamz,0.34921175
Shilo59,0.34921175
iamriot,0.3491957
sigilvii,0.34917307
CrypticFalcon,0.34914494
SplodeyDope,0.3491373
funnyfaceking,0.34912738
alan2500,0.3491125
pyrowolf8,0.34911087
jojimboy,0.34910783
mybrosteve,0.34909886
elephantpoop,0.34908378
FishBonePendant,0.34907252
mszegedy,0.34906194
jambox888,0.34906188
Leadboy,0.34906122
cronos844,0.34904665
vpxtreme,0.34904525
pinumbernumber,0.34903243
MrRykler,0.3490302
JaseAndrews,0.3490155
Selcouthit,0.34901357
nathanmcc1,0.34900525
nonex,0.34899467
lupianwolf,0.34896797
rustyarrowhead,0.34896427
FizzCrack,0.34896424
Dropbear81,0.34894648
gnuworldorder,0.34894505
Alec693,0.3489437
Aiken_Drumn,0.34894022
4alex6,0.3489295
ragogumi,0.3489136
berrics94,0.34888762
SlimeHudson,0.34888545
Rhaps0dy,0.34887415
deejaymikeyg,0.34886473
abig7nakedx,0.34886292
alienth,0.3488592
bittercupojoe,0.34885168
ArabRedditor,0.3488506
ofsinope,0.3488441
Proud_Denzel,0.34884134
jon2kx,0.34883475
clawz_nd_webz,0.34881374
fluffyponyza,0.34881166
touyajp,0.34880808
Syfilms64,0.34879997
sje46,0.3487918
Asmor,0.3487909
jdgrafton,0.34878933
austin_d,0.34878138
Googunk,0.34877115
INGWR,0.34876224
mylifeisanocean,0.34876108
Ketrel,0.34875676
xebo,0.34875646
sectorfour,0.34875262
Procrasturbator11235,0.34874445
Cardsfan1539,0.34874243
Miroudias,0.34874135
malakistiri,0.34871963
AuPhoenix,0.34871903
bemmu,0.34871244
Atari1337,0.34871024
old_snake,0.34870875
unknown_name,0.34869444
RepostFrom4chan,0.34869358
shitwhore,0.34869164
samuraialien,0.34868804
CantSeeShit,0.3486875
CodenameCaboose,0.34868735
Sirbinkai,0.34867853
Nethervex,0.3486724
HorizonShadow,0.3486598
Rubb3rDucky,0.3486562
ReverendVerse,0.3486541
Ieuan1996,0.3486523
francis_0000a,0.3486486
lanismycousin,0.34864217
mishagale,0.34863967
BrosEquis,0.34861398
phunkystuff,0.3485903
blaspheminCapn,0.34858856
redonculous,0.34858307
tehrabbitt,0.34857717
r3dh3rring,0.34856084
taliriktug,0.34855843
piepei,0.34855384
ReallyForeverAlone,0.34854978
labago,0.3485481
luxpsycho,0.34854716
hornwalker,0.34854484
how_would_kobe_react,0.34853414
themightypierre,0.34852698
Slayner,0.3485223
sidianmsjones,0.34852117
lordnahte42,0.34851956
BusyPedro,0.34850946
x420Y0L0SWAG666,0.3485069
Locusthorde300,0.34850398
NilCealum,0.34849623
Vegerot,0.34849223
tsenaku,0.34847936
thejellydude,0.34847832
desi_fubu,0.3484677
PunPuncher,0.348466
Minifig81,0.3484584
Zelotic,0.3484479
AnotherCrazyChick,0.34844762
ShaidarHaran2,0.3484409
geobomb,0.34843948
Metaphoricalsimile,0.34843785
TylerDurdenJunior,0.34843686
tizorres,0.34843308
YourWelcomeOrMine,0.34843296
General__Specific,0.34843245
meeeow,0.3484291
trivialretort,0.34842572
englad,0.34842184
Kromey,0.348419
carmichael561,0.34841603
Cordicuss,0.34840667
jake10house,0.34839857
VZW_Matt,0.34839472
greenleaf187,0.34839404
Elchidote,0.34839153
mygrapefruit,0.34837374
sourcreamjunkie,0.34836897
Plumerian,0.34835136
a_posh_trophy,0.3483399
Novasry,0.34833923
Iheartdragonsmore,0.34833744
orsini1138,0.34833717
jettj12,0.34832922
rv77ax,0.34832868
lastoftheyagahe,0.34832674
jshrlzwrld02,0.34832376
PR3CiSiON,0.34832212
stapleherdick,0.3483215
boomheadshot7,0.34832132
markender,0.34831947
KosherNazi,0.34831485
dannylandulf,0.34830844
Perk456,0.34830543
BB2921,0.34830126
RDR911,0.3482993
leafeator,0.34829885
carny666,0.34828663
ExtraPlus,0.34828627
Meshiest,0.34828383
cybrbeast,0.3482821
Randyh524,0.34828046
Dear_Occupant,0.34827432
secaedelcielo,0.3482726
razzark666,0.34827235
Indy_Pendant,0.3482722
NeroJoe,0.3482709
professorpan,0.34826902
TheCrazedMadman,0.34826878
MNGaming,0.3482601
HurricaneFan13,0.34825817
Emmanuell89,0.34825808
PrimaxAUS,0.34824958
Prcrstntr,0.3482481
Cup_O_Coffey,0.34824747
15amathis,0.34824467
livejamie,0.3482443
dwaxe,0.34823918
TheMagicLlama,0.34823892
calantorntain,0.3482376
Anitor,0.34823626
Escobeezy,0.34823468
TheMorningDeuce,0.3482336
likwidtek,0.3482238
Cutzero,0.34822002
psych00range,0.34821963
wolf2600,0.34821832
BoonTobias,0.3482178
kukukele,0.34821683
Splatterh0use,0.34821555
MadroxKran,0.34821466
derkman96,0.34820625
IAmNotJoshua,0.34820196
freewibblebon,0.34820092
nerfezoriuq,0.34819806
b0red,0.3481966
Mewoko,0.3481929
echeese,0.3481926
ColonelMolerat,0.34819067
Khatastrophe,0.34818912
iiCUBED,0.348189
QWERTY36,0.3481866
heavymetalpancakes,0.3481821
Operatics,0.3481798
acusticthoughts,0.34817854
Plowbeast,0.3481768
colkurtz7,0.34817567
newpua_bie,0.3481696
llnk,0.34816554
TransPM,0.34816527
Notmiefault,0.34816277
Anangrychip,0.3481604
meiotta,0.34815845
jackgopack4,0.34815717
Devchonachko,0.34815362
badillin,0.34815088
p0x0rz,0.3481501
CallMeJase,0.34814638
omni_wisdumb,0.3481454
bastiVS,0.34814534
hexag1,0.3481451
hipnosister,0.34813592
bobofatt,0.34813592
spencerawr,0.3481355
Yawehg,0.34813455
PrincessPi,0.34813273
BlackBrown123,0.34813127
asperatology,0.34811988
dontbthatguy,0.34811905
sage_of_majic,0.34810737
Keeks_marone,0.34810716
wazzym,0.348106
cycophuk,0.3481031
slothzen,0.3481029
HeezyB,0.3480984
RzK,0.34809777
hoowahoo,0.34809676
kpingvin,0.3480888
Mictlantecuhtli,0.34808397
ohohb,0.34808072
ShaolinShade,0.3480805
devitodevito,0.34807938
flaim,0.34807885
BionicSammich,0.34807312
Ipskies,0.34807208
aerobat97,0.3480719
XxMiKeNjD17xX,0.3480703
SybariticLegerity,0.3480682
whatthefuckguys,0.3480676
serenity10,0.3480633
Bortjort,0.3480622
185139,0.34805867
racutt,0.34805706
microtrash,0.34805492
ThatSodomite,0.34805465
garv323,0.34805462
CStaplesLewis,0.3480546
DanjerBob,0.34805083
Corpsman223,0.34804794
PapaPetro,0.34804446
RedManDancing,0.3480418
IRunIntoThings,0.3480378
dragonboltz,0.34803718
kepleronlyknows,0.3480324
twitchMAC17,0.34802923
frankreddit5,0.34802726
gt14199,0.34802607
namenottaken94,0.34802598
Mattxy8,0.3480259
Defrostmode,0.34802333
gloomios,0.34802264
jturkish,0.34801966
scartol,0.34801793
TWI2T3D,0.34801507
danyukhin,0.34801316
jam3zz,0.3480122
solidwhetstone,0.34801206
ahairycat-astrophe,0.3480071
Jamy18,0.3480054
vernazza,0.3480048
MarioneTTe-Doll,0.3480031
The_Doctor_00,0.34799424
13_0_0_0_0,0.34799287
djonn,0.34798825
Orangutan,0.34798652
Dragonic2020,0.34798226
nyarr,0.3479803
dropstop,0.34797522
Iamien,0.34797457
captainstan,0.34797445
TareXmd,0.34797168
dum41,0.34796548
ChemEBrew,0.3479642
aazav,0.34796402
tapanojum,0.34796274
tritter211,0.3479617
Sariel007,0.34795898
Grimmbles,0.34795615
SSII,0.34795314
kernowgringo,0.34794387
TankorSmash,0.34793493
R3miel7,0.347934
radonchong,0.3479332
Dreckerr,0.34793162
SaggyBallsHD,0.34793046
Vincent_Karma,0.3479295
Omar_Indeed,0.34792325
CressCrowbits,0.34792253
Jamesev93,0.34792227
SambobmaS,0.347922
RalphiesBoogers,0.34792098
iSunMonkey,0.34791777
rmill3r,0.34791216
ed1380,0.3479088
jimmahdean,0.34790474
_emordnilaP,0.34790447
scuczu,0.34790146
AndySocks,0.34790027
SubzeroMK,0.34789956
scottocs,0.34789786
backpackwayne,0.34789556
R3p3rTh3l3n,0.34789485
YHofSuburbia,0.34789246
Glonn,0.34789112
BoredomCalls,0.34788996
shortguy014,0.34788918
freetonik,0.3478839
Dark_Saint,0.3478759
sorcon,0.34787244
Darth_InvadeHer,0.3478689
hexprocess,0.34786862
real-dreamer,0.347862
noseonarug17,0.34786057
SlyyyTendencies,0.3478598
elessarjd,0.34785968
downhillmojo,0.3478536
Warhawk_1,0.34785107
firstdibbz,0.34784803
knobiknows,0.34784457
Servious,0.34784374
Mates_with_Bears,0.34784317
Langly-,0.34784305
dhamster,0.34783795
timex40,0.34783173
gueriLLaPunK,0.3478293
SMUT_ADDICT,0.34782425
spoofex,0.34782302
live4hisglory,0.34782276
potatosss,0.3478218
not_again123,0.3478168
thegillenator,0.34781057
erviniumd,0.3478099
stanleythemanley44,0.34780943
godlesspaladin,0.3478085
JoeDaEskimo,0.34780845
CGRampage,0.34780777
warlockami,0.34780777
mezzizle,0.34780714
strutmcphearson,0.34780604
waterandshade,0.34780192
sgamer,0.34780106
Frashizzle,0.34779942
polysemous_entelechy,0.3477969
Paradox,0.3477967
chico12307,0.3477944
LegendaryJay,0.34779286
bowhunter6274,0.34778684
toomanynamesaretook,0.34778607
XiKiilzziX,0.34778526
SIThereAndThere,0.34778425
BadgerGecko,0.34778357
Madonkadonk,0.3477823
davaca,0.34777993
CGWLP,0.34777576
Wolvenfire86,0.34777537
boringzebra,0.34777537
Aberu,0.34777242
DarkStrobeLight,0.34777233
doodooeyes,0.34777057
anticommon,0.34777048
Doomed,0.34777015
michaelwc,0.34776482
jostler57,0.34776157
AhhBisto,0.34776124
ImminentFate,0.3477595
Growing4Freedom,0.34775764
VulcanRyu07,0.34775743
spdorsey,0.34775576
TacticalSandwich,0.34775522
RPMiSO,0.347754
DubTeeDub,0.34775376
johnbarnshack,0.3477525
NegimaSonic,0.347752
Jedi-Mocro,0.34774977
the_dayman,0.34774753
Killhouse,0.3477473
MessiahX,0.34774157
SamuraiJakkass86,0.34774134
Ryan2534,0.34773803
daprice82,0.34773782
Naly_D,0.34773305
PeacePig,0.34773025
kites47,0.3477273
I_LOVE_SHEEP,0.34771922
onetruemod,0.3477151
crocomut,0.3477105
DarthWeezie,0.34770903
mightymdc,0.34770665
rakust,0.34770492
TheCakeDayLie,0.34770453
abcleanonme,0.347704
xSPYXEx,0.34770268
eorld,0.34770244
survum,0.34770206
haluter,0.3476998
rb7_brady,0.34769946
Wolven49,0.34769908
iTrollYhu,0.34769797
Zephine,0.3476932
saywhatisobvious,0.34769082
nshaz,0.34769005
ma6ic,0.34768793
SimplisticX2,0.34768018
BroccoBaba,0.34767514
-RobotDeathSquad-,0.34767342
steak21,0.34767103
r2002,0.34767094
monk3yboy305,0.34767085
amj00,0.3476706
joi1369,0.3476649
Salsadips,0.34766462
LazarusRises,0.3476597
Hurinfan,0.347659
FortuitousAdroit,0.34765843
Beave1,0.3476542
somethingaboutfire,0.3476536
amosko,0.34765097
dafootballer,0.3476492
ChickenPotPi,0.34764695
BlorfMonger,0.3476469
mph1204,0.34764332
GoogaNautGod,0.34764272
mowing,0.3476404
HaydenTheFox,0.34763986
zubie_wanders,0.34763548
captainxenu,0.3476338
shmup,0.3476338
themarknessmonster,0.3476333
Psychic_Monkey,0.34763142
BDCanuck,0.3476291
GreenDirector,0.34762892
TwoPlanksPrevail,0.3476239
skibble,0.34762385
netpastor,0.347623
Brutalitarian,0.34762198
f00d4tehg0dz,0.34762195
Mylesd13,0.3476213
Superego366,0.34762007
SolidKGB,0.3476187
dicaxe,0.3476187
Steel_Ninja,0.3476152
musical_hog,0.34761205
doluto,0.34760937
JustZisGuy,0.34760886
TheBioself,0.34760678
foxh8er,0.34760368
UniverseAtLarge,0.347603
Tzpike05,0.347601
ThorBreakBeatGod,0.34760043
LowSociety,0.34759995
jrizos,0.3475993
UnholyDemigod,0.3475974
Qingy,0.347595
ebilgenius,0.34759483
YourFavoriteHippo,0.34759414
JustTVsFredSavage,0.34759387
Ax3boy,0.34759337
scoofy,0.34759244
ezaviar,0.34759226
johnmedgla,0.34759197
ShezUK,0.34759045
Twitch89,0.34758988
Hotwir3,0.34758976
itsclearimhappy,0.34758937
xCessivePresure,0.34758627
mrpanafonic,0.3475859
Twenty8k,0.34758294
speedyleedy,0.34758216
JohnMLTX,0.3475819
sabotourAssociate,0.3475817
electropulses,0.34757888
SkippyWagner,0.34757742
MentalToast,0.34757665
Otters4455,0.34757608
KeruxDikaios,0.3475748
joetheschmoe4000,0.34757325
mdawgig,0.34757283
Dunskap,0.3475722
grandfatherbrooks,0.34757206
ToBadForU,0.3475652
Likes_Information,0.34756306
Tdeckard2000,0.34756258
Coaltrain2371,0.3475623
Krusiv,0.34756106
andrew650,0.34756035
nme_,0.34755877
_deffer_,0.34755707
geoffyou,0.34755227
hamburglin,0.34755132
windoverxx,0.347551
DominicDom,0.34755093
Yashoki,0.34755015
SnakeyesX,0.34755003
AppleBlossom63,0.3475491
RockyCoon,0.34754774
stormclaw11,0.34754756
Capatown,0.3475424
Sarke1,0.34754145
zoot_allures,0.34754065
Matti_Matti_Matti,0.34753913
Teckel22,0.3475366
The_Reverend,0.34753582
jlew24asu,0.3475336
OHAITHARU,0.34753272
lolpancakeslol,0.34753248
RenegadeSpade,0.34753174
Goochiman,0.3475312
Jdban,0.34753108
IanRankin,0.34753093
jokes_on_you,0.34753084
BreakfastBurrito,0.34752616
Ancel3,0.34752297
noodlesfordaddy,0.34752283
datdaz84,0.34752223
deafblindmute,0.3475222
slayeromen,0.34752065
saldejums,0.34751987
Jaxkr,0.3475181
speckz,0.3475174
linkazoid,0.3475127
Dekanuva,0.3475115
Skylerguns,0.34751055
Yupitsnuge,0.34751013
jsalazar3,0.34751007
rothwick,0.34750926
RossD123,0.34750807
a11city,0.34750625
sobermonkey,0.3475046
Zaino14,0.3475024
Electri,0.34750208
leonprimrose,0.34750104
JoshAndArielle,0.3475001
CobaltSmith,0.34749746
RufusMcCoot,0.347497
iRuisu,0.3474955
Toliver182,0.3474948
TheGreenShepherd,0.34749338
kevvvn,0.3474912
sararules2,0.3474906
SearchNerd,0.34748584
sk3pt1c,0.34748313
EliteHunting,0.34747946
ruff0214,0.34747827
Diamano,0.34747714
Tattered,0.34747648
Extraltodeus,0.34747502
Aschebescher,0.3474747
financialbabe,0.3474719
Sir_Dr_Dickface_IV,0.34747088
Lupinefiasco,0.34746987
dieselgeek,0.34746587
Madous,0.34746462
AtTheLeftThere,0.34746277
Extract,0.3474613
g-dragon,0.34745756
compto35,0.3474559
TheDarkishKnight,0.34745443
earthDF,0.34745273
yeahHedid,0.34745246
1leggeddog,0.34745246
The_Messiah,0.3474522
yellownumberfive,0.34745142
tyrroi,0.3474507
mike413,0.34744698
qervem,0.34744674
SPAZZEH,0.34744564
broostenq,0.34744164
Swiss_Cheese9797,0.34744152
trshtehdsh,0.34744108
tmoney34,0.34744006
Lostinyourears,0.34743994
weeyummy1,0.34743837
kulrajwashere,0.34743384
IlCattivo91,0.34743366
THE_BANANA_PALADIN,0.34743324
tiradium,0.34743273
Coenn,0.34743235
tt_frog,0.34743235
spacelemon,0.34743145
FadedFromWhite,0.34743115
TickleTh1sElmo,0.34742227
potato1,0.34742087
deadsoldier,0.34742072
jeffAA,0.3474189
thedeadhipster,0.34741718
sterling_mallory,0.34741613
giveitago,0.34741488
BeefPieSoup,0.34741446
Noreaga,0.34741393
IAMHab,0.34741116
thinkpadius,0.34740904
xPlatypusVenom,0.34740445
whipnil,0.3474032
lulzcakes,0.3474029
MadScientist14159,0.3474027
fishy007,0.3474015
avicide,0.34740087
maynardftw,0.3473993
fattylewis,0.34739786
Sir_George,0.34739682
Travv,0.3473951
Their_Police,0.3473933
vteckickedin,0.3473932
GoldenMoe,0.34739074
CoolVito,0.3473905
nmyi,0.3473899
verbify,0.34738564
teuast,0.34738493
Naruhodo,0.3473843
Soccer21x,0.34738326
starrychloe,0.34738097
ddesla2,0.34738055
monopixel,0.34737965
kosanovskiy,0.3473796
bruce656,0.3473786
MaBay,0.34737855
Valtieri,0.34737748
TheShittyBeatles,0.34737474
hadhad69,0.34737453
josh6499,0.34737277
Romulet,0.34737194
cleantoe,0.3473717
pretzelzetzel,0.34737107
FredWampy,0.34737074
MJsdanglebaby,0.34736896
patriotaxe,0.3473657
newtothelyte,0.34736565
Edibleface,0.34736505
vivvav,0.3473648
AtomikRadio,0.34736302
05senses,0.34736127
Cshock84,0.34735826
Condhor,0.34735698
NonstandardDeviation,0.3473559
jman077,0.3473549
sageDieu,0.34735394
PotatoMusicBinge,0.3473533
GrixM,0.34735283
0311,0.3473516
krazyfreak123,0.3473512
drock4vu,0.3473512
THeShinyHObbiest,0.34735093
Caesar071,0.3473509
rdudejr,0.34735087
SaxSalute,0.34734935
MFBATZ,0.34734678
jwchen,0.347345
JakeSteele,0.34734458
HDATZ,0.34734413
speezo_mchenry,0.3473409
jweebo,0.34733874
ab001atr,0.34733868
LagunaGTO,0.34733778
Miketheguy,0.3473345
KUmitch,0.34733406
TheSheepdog,0.34733295
7D4Y_WEEKENDS,0.34733257
damontoo,0.34733245
iisdmitch,0.34733126
SimonPlusOliver,0.3473309
420TreeHugger,0.34732816
IByrdl,0.3473276
hachi6,0.34732696
nmpraveen,0.34732544
tmotom,0.34732535
gthing,0.34732243
Dr_Oops,0.34732157
stixz101,0.34732085
ozone63,0.34732068
smurge,0.3473176
LelahMunster,0.34731638
ProfessorMcHugeBalls,0.34731463
RRuS,0.347314
reddit_like_its_hot,0.3473137
GeminiVI,0.34731257
atthegreenbed,0.34731248
Sightful,0.3473119
mcbordes,0.34730867
googolplexbyte,0.3473085
SubtleMockery,0.34730673
buck7131,0.34730443
LawBobLoblaw,0.34730414
Simbrian,0.34730414
nutshells,0.34729874
burnsz11,0.34729624
politicaldan,0.34729472
everyother,0.34729442
Wilhelm_III,0.3472938
Goldd,0.3472929
Duke_of_Chutny,0.3472904
bigshmoo,0.34728876
happywaffle,0.34728765
dudewhatthehellman,0.34728706
YouArentReasonable,0.34728485
redhatGizmo,0.347283
abusmakk,0.3472806
PlNG,0.34727886
athennna,0.3472787
ymmajjet,0.34727782
EvalJow,0.34727773
moby323,0.3472765
atticus138,0.3472762
woizard,0.34727594
TTTNL,0.34727398
Biggrodd,0.34727055
arsenale,0.34727037
trevdak2,0.34727034
brianfizzle,0.34726933
Wailordfan,0.34726906
NunsOnFire,0.3472651
polezo,0.3472649
toucher,0.34726402
Kuro_yami,0.34726298
PriitySiick,0.34726223
cefarix,0.34726095
spekter299,0.34725875
i_is_surf,0.34725288
kidzior,0.34725118
DashFerLev,0.34725112
jaxspider,0.3472509
lordlicorice,0.3472497
Grapeboy,0.34724706
RainieDay,0.34724316
bbouerfgae,0.34724185
dumanyac,0.3472405
mindspread,0.34723893
PerplexD,0.34723738
TomMorrow2,0.3472373
sdc_sketchez,0.34723684
DougDante,0.34723628
Micosilver,0.3472355
SOwED,0.34723324
FriesWithThat,0.34723267
peanutmanak47,0.3472324
sexi_squidward,0.34723216
Mybrainmelts,0.34722888
mrdude817,0.34722695
TestZero,0.34722644
breticles,0.34722587
BeingDS,0.34722486
LowlifePiano,0.3472228
Sweddy,0.34722185
newton54645,0.3472218
Toriankel,0.3472212
MagicSandwich27,0.34722006
supercheetah,0.34721664
Caraes_Naur,0.3472165
stylezDWhite,0.34721512
CARDTRICKSTER,0.3472142
pecet,0.347214
Timisaghost,0.34721276
Sgtstudmufin,0.34721226
finsup,0.3472116
Chastain86,0.34721074
MonsterIt,0.34721035
e7ric,0.34720907
ImNotJesus,0.34720597
plazman30,0.34720415
Elesium,0.3472033
jinnyjuice,0.3472024
Autopilot_Psychonaut,0.34720233
empw,0.34720185
MrLadyfingers,0.34720153
Illuminatesfolly,0.34719738
Nomlin,0.34719652
The_Lolbster,0.34719557
EpicRageGuy,0.3471952
Pickle_Jr,0.3471931
bunka77,0.34719306
partisparti,0.34718987
xAsianZombie,0.3471887
monotoonz,0.34718862
Picklwarrior,0.34718826
Killgraft,0.34718767
GallifreyanRavenclaw,0.34718752
0011110000110011,0.3471865
elperu27,0.34718394
Gengar11,0.34718218
Snak_The_Ripper,0.3471821
foamed,0.34718204
ryan9991,0.34718075
TROPiCALRUBi,0.34717998
kendall12321232,0.3471793
sbarias20,0.34717914
fozzarz,0.3471789
LG193,0.34717882
Joelsaurus,0.34717512
solateor,0.347172
brigodon,0.3471707
Bad_Zoo_Boy,0.3471669
I922sParkCir,0.34716588
rasmus9311,0.34716475
JustCallMeJoker,0.34716398
dracoirs,0.3471632
DJ_Spock,0.34716317
dgb75,0.34716284
waffle569,0.34716251
staiano,0.34716088
spankr,0.34715965
thenotoriousbtb,0.34715855
KOWguy,0.3471581
technoskittles,0.34715796
dlogan3344,0.34715718
appropriate-username,0.347157
MrMango786,0.3471564
DarthOtter,0.34715617
Terox15,0.34715316
freeogy,0.34715194
AnnArchist,0.3471502
FuzzBuket,0.3471494
doctorsound,0.34714577
PhiladelphiaIrish,0.34714448
British_Monkey,0.3471439
JeffMcBiscuit,0.34714338
TheBird47,0.347142
xereeto,0.3471419
Chewie316,0.3471415
troglozyte,0.34714139
FrailRain,0.34714055
zigzagzig,0.34713897
Decapod73,0.34713826
strallweat,0.3471374
exophrine,0.34713554
Alimoose,0.34713486
dishie,0.3471346
Danster21,0.34713358
cowboyhaze,0.3471333
shadow8449,0.3471326
jehe,0.34713018
XavierMendel,0.34712785
stealthcreeper,0.34712735
PyroSpark,0.34712577
spez,0.34712407
NominalCaboose,0.34712338
murdurturtle,0.34712154
modomario,0.3471214
ajsadler,0.3471214
lilstumpz,0.3471202
jonesguy14,0.34711966
namsilat,0.34711903
rdelamora1,0.34711796
battierpeeler,0.3471177
vutall,0.3471172
footballfan123,0.34711573
hippiechan,0.34711447
DisregardMyPants,0.34711388
HasNoClue,0.3471128
DFGdanger,0.34711033
Makinporing,0.34710935
commentsurfer,0.3471079
samdman,0.34710723
zosobaggins,0.34710678
yakpimp,0.34710643
Dakar-A,0.3471051
agentapelsin,0.347103
Kylde,0.34710222
Reminemaril,0.34710172
pwnyoudedinface,0.3471011
tnethacker,0.34710068
kmccormi,0.3470995
LHoT10820,0.34709933
jabask,0.34709728
DZ302,0.34709665
LawrenceLongshot,0.34709617
Pwnacus_Maximus,0.347096
gentlemandinosaur,0.34709594
JangSaverem,0.34709504
t3hcoolness,0.34709376
chancegold,0.34709376
Kalfira,0.34709254
grouperfish,0.34709233
apgbadboy,0.34709114
Sabenya,0.34709066
ALLCAPSON,0.3470897
122ninjas,0.34708503
949paintball,0.347085
Portgas,0.3470845
had0ukenn,0.34708348
JakeBurnsRed,0.34708086
Codidly5,0.3470796
yourcitysucks,0.34707946
mrhappyoz,0.34707814
thetafferboy,0.34707767
mellowmonk,0.3470764
Chompski1213,0.34707588
DaItalianFish,0.34707567
mgrier123,0.34707555
Yokuo,0.34707534
hero0fwar,0.34707478
rockeh,0.34707084
FearMeForIAmDan,0.34706864
chronic2001,0.347068
InternetTourGuide,0.34706706
Oiiack,0.347067
timsandtoms,0.34706697
MoarBaconStrips,0.3470669
dieyoubastards,0.34706482
Smipims,0.3470641
iLiekBoxes,0.3470605
doctor_rocketship,0.34706
Muscles_McGeee,0.34705997
Sir_Llama,0.34705958
OrgasmicKoala,0.34705707
ItWillBeMine,0.34705526
Dudwithacake,0.34705472
smartalec98,0.3470544
i_pee_in_the_sink,0.3470533
Zutart,0.34705096
happy_otter,0.34705073
hestonkent,0.3470494
cheezus_lives,0.34704897
killerwin,0.34704727
Tox77,0.34704715
St1cks,0.34704506
Lepertum,0.34704474
listn2moremetal,0.34704432
cpt_bluebear,0.34704313
resonatingfury,0.3470431
SeriouslyLaughing,0.34704292
Rhythmic,0.34704104
thevideoclown,0.34704095
ramma314,0.34703976
fuzzyferret,0.34703693
A_Water_Fountain,0.34703562
theghostofme,0.34703502
Mustaka,0.34703466
serupento,0.34703398
kn0thing,0.34703314
alllie,0.34703305
RhettS,0.3470328
SethBling,0.3470314
shzadh,0.34703067
CoolRunner,0.3470282
redditlurkernoob776,0.3470276
ggskater,0.34702554
fawker,0.3470255
88rarely,0.3470249
Big_Theta,0.34702164
LordAnubis10,0.3470214
Fibonacci35813,0.3470199
King_of_the_Lemmings,0.34701902
TheSpiffySpaceman,0.3470187
UnhiDEER,0.34701845
mike23pizzo,0.3470184
terrorTrain,0.34701276
cderry,0.34701258
Grant638,0.3470112
Theropissed,0.3470101
vinspiration,0.3470087
theskabus,0.34700862
epheterson,0.34700847
Strader69,0.34700823
Caligineus,0.3470058
gammatide,0.3470055
charles_kafka,0.34700528
SSChicken,0.34700218
TheRealCalypso,0.34700218
iamslm22,0.3470012
DoctorHeadshot,0.3470001
steelpan,0.347
Urschleim_in_Silicon,0.34699962
xavierfox42,0.34699783
TopScruffy,0.34699747
dave_g17,0.34699732
brashet,0.34699717
CrowKaneII,0.3469968
Zarqu0n,0.3469967
AibohPhobiA,0.34699568
dave32891,0.3469956
bojank33,0.34699532
chrisgelb,0.34699532
DarkSideofOZ,0.34699422
brazilliandanny,0.34699404
kasutori_Jack,0.34699348
latenightnerd,0.34699336
eyethinkikn0wu,0.3469928
Muter,0.34699243
rickthecabbie,0.34699243
bakerie,0.34699214
PeterPorky,0.34698936
el_monstruo,0.3469884
acteon29,0.34698454
teryxc,0.34698376
bugzrrad,0.3469832
lookitsdan,0.34698293
makemisteaks,0.3469824
110110,0.34698102
Pareeeee,0.34697983
Cashrunner,0.34697896
klipse,0.34697887
celocanth13,0.3469788
Peacockblue11,0.34697837
Hrodrik,0.3469781
Shagga__son_of_Dolf,0.3469775
Max_W_,0.34697723
cbfw86,0.3469757
orko1995,0.34697536
BlameTheHippies,0.34697494
makaveli151,0.34697458
HadManySons,0.34697378
Brandonspikes,0.34697375
Bank_Gothic,0.34697357
doug3465,0.34697217
halogrand,0.3469706
cookedbread,0.34697023
ASiCat,0.3469701
bigDean636,0.34696996
chumprock,0.3469693
ksaj,0.34696826
OvidPerl,0.3469681
jurble,0.34696797
Man_with_the_Fedora,0.34696543
Fadic4,0.34696025
scolbert08,0.3469601
cooncave,0.34695974
rbevans,0.34695932
OVdose,0.3469584
americanpegasus,0.34695795
don_majik_juan,0.34695753
1pnoe,0.3469572
He11razor,0.34695578
Cerberus73,0.34695566
LaugeGregers,0.3469549
mintberrycrunk,0.3469542
mikeleus,0.34695402
hotstickywaffle,0.34695265
Grays42,0.34695256
veron101,0.34695172
WinterCharm,0.3469494
pkmnBlue,0.34694913
vvarden,0.34694877
huckstah,0.34694794
GenghisKhanX,0.34694785
pandanomic,0.34694713
Doomburrito,0.34694684
elmfuzzy,0.34694654
Philipp,0.34694654
GeauxHouston22,0.34694543
namer98,0.34694383
scribbling_des,0.34694147
Zirenth,0.34694102
email_with_gloves_on,0.3469355
frozen-creek,0.34693405
just-jake,0.34693387
roflbox,0.34693363
swanpenguin,0.34693328
andywarno,0.34693268
StarHarvest,0.3469315
captainbawls,0.3469314
ch00f,0.34693104
studcase,0.34693062
brett6781,0.34693038
bperki8,0.34692976
SpaceOdysseus,0.34692913
bonkeyfonkey,0.34692702
ProfessorCaptain,0.3469269
inquirewue,0.3469263
freshmozz,0.34692612
RockasaurusRex,0.3469256
Santa_Claauz,0.34692496
thatoneguy249,0.34692493
SkeptiCalhippoh,0.34692204
HighwireAct,0.34692076
provoko,0.346919
wondertwins,0.34691846
hazysummersky,0.34691802
MrGoodGlow,0.34691787
numandina,0.346915
ohnoitsrambo,0.34691024
qp0n,0.3469097
CoolGuySean,0.34690845
VoRicebowl,0.3469083
Marduk96,0.3469077
CleanBill,0.34690753
Arve,0.34690586
Fergals1107,0.34690556
pajam,0.34690446
Pressedlee,0.34690437
Expert_on_all_topics,0.34690318
Diasparo,0.3469031
SpookyAssGhost,0.34690246
MisterGone5,0.34690213
comix_corp,0.34690183
johninbigd,0.3469013
jakerman999,0.3469006
cammyfawkes,0.34690052
MrDubious,0.34690017
CaptainGrandpa,0.34689918
Swede_Babe,0.34689882
KevlarYarmulke,0.34689614
nonubiq,0.3468937
ImurderREALITY,0.34689367
rriz7,0.3468935
Vergil25,0.34689325
lolodotkoli,0.34689182
zeug666,0.34689152
Kolumbz,0.3468903
Ahanaf,0.3468892
GeniusIComeAnon,0.34688705
thesepigswillplay,0.34688616
soapinmouth,0.346885
Shaleensinha88,0.34688458
pavel_lishin,0.34688407
something224,0.34688297
townshend445,0.34688288
Sasquatch99,0.34688258
Innova,0.3468824
sprawld,0.34688148
renome,0.3468812
TombSv,0.34688026
AgeMarkus,0.34687915
Hawk_Blue,0.34687915
PuroMichoacan,0.34687802
paulfromatlanta,0.3468774
smacksaw,0.34687653
ChingShih,0.34687626
wArchi,0.3468761
Xeon06,0.34687284
srubt242,0.34687257
MichaelJahrling,0.34687102
ReplyYouDidntExpect,0.34687102
GoldenGonzo,0.34687096
Lucavious,0.34686986
Ohh_Yeah,0.34686822
iambookus,0.34686702
twitch1982,0.34686574
karthus25,0.34686556
Jadis4742,0.34686437
rocketman0739,0.3468641
bleachmartini,0.34686324
Rlight,0.34686193
Linksawake,0.34686184
mspk7305,0.34685934
Shanesan,0.34685653
coolhandluke45,0.34685636
InsightfulLemon,0.34685633
no_turn_unstoned,0.3468558
Thunder_Thighs,0.34685487
NoahsArcade84,0.3468539
Searchlights,0.3468534
Airazz,0.34685317
Guest101010,0.3468521
emr1028,0.346852
IAmAnAnonymousCoward,0.34685004
andrey_shipilov,0.34684902
taughtmonk,0.34684882
InTheBay,0.34684825
dash101,0.34684744
veribaka,0.34684712
bobojojo12,0.34684575
Llim,0.34684545
Jazzy_Josh,0.3468453
ItsAFuckingCrocodile,0.34684494
virginpresident,0.34684393
Frankeh,0.34684196
thebrownkid,0.34684092
purpleolive,0.34684083
dbcspace,0.34684035
Sportsfanno1,0.34684
CyborgDragon,0.34683996
Reddhedd13,0.34683725
LKS,0.34683588
docodine,0.3468352
wisyf,0.346834
EugeneMJC,0.34683353
MisssBadgerEnt,0.34683225
bobcat,0.346832
porh,0.3468314
footcreamfin,0.34682652
h0bb3z,0.34682572
Mr_A,0.34682512
i_post_gibberish,0.3468219
Milhouse_is_a_meme,0.34682173
Dragonfire138,0.34682173
coastermonger,0.34682146
CasioQuartz,0.3468213
Petrarch1603,0.3468208
Seamannator,0.3468205
JamesOfTheYear,0.3468195
The_Other_Other,0.34681836
Laurentius_the_pyro,0.3468176
Slashered,0.34681708
sjmarotta,0.34681657
MHoffy,0.3468165
ThePantsThief,0.34681606
absentmindedjwc,0.3468145
Casedilla,0.34681398
flippinkittin,0.3468119
Commander_Ninja,0.3468112
smdaegan,0.34681097
project_twenty5oh1,0.34681073
edwartica,0.34680897
tripled153,0.34680858
CantankerousMind,0.3468084
Pabrunthhu,0.34680715
enfdude,0.3468045
lovetape,0.34680313
IronOxide42,0.34680292
AnotherSmegHead,0.34680262
xtrasneakygastro,0.34680262
Hesherkiin,0.34680054
Lancaster1983,0.3468002
odigo2020,0.34680015
nosenuggets54,0.34679753
Gfresh404,0.34679657
PabstyLoudmouth,0.34679645
s-mores,0.346796
AnotherClosetAtheist,0.34679592
bahaki,0.34679538
BravoTeam127,0.34679496
david-me,0.34679386
colacadstink,0.34679365
MKorostoff,0.34679195
TheWaterTemple,0.34679136
DocJawbone,0.346791
weaselbeef,0.3467899
IncidentOn57thStreet,0.34678957
armyn1,0.34678906
jmf145,0.34678861
creesch,0.34678796
skinkbaa,0.34678742
Yanrogue,0.3467872
DodiGharib,0.34678712
phazshifter11,0.346787
Native411,0.3467869
Proportional_Switch,0.3467852
martiniman,0.3467846
Cyc68,0.34678337
mw3haha,0.34678283
Faneste123,0.34678212
HonoraryMancunian,0.34678048
ontherok,0.3467795
ZeosPantera,0.34677917
Stellar_Duck,0.34677866
iia,0.3467785
Sporkinat0r,0.34677714
Literati,0.34677705
zamwut,0.34677678
hyperbad,0.34677634
etm124,0.34677628
KerrickLong,0.34677535
RhapsodyQ,0.3467748
Tuco_bell,0.3467745
pseudolobster,0.34677425
Andy_Glass,0.34677345
MileHighBarfly,0.34677106
neocow,0.34677106
showstopping,0.3467708
Mx-yz-pt-lk,0.34676763
shadyabhi,0.3467651
jlopez24,0.34676468
brodesto,0.34676287
DrossGnostic,0.34676215
Banko,0.34676033
Lostinwords,0.34675974
openxmind,0.34675887
aliaschicnine,0.3467575
10GuyIsDrunk,0.34675726
Ovedya2011,0.34675613
Falkner09,0.3467548
brainburger,0.3467544
Pabl0Esc0bar,0.34675413
BritishEnglishPolice,0.34675342
Ashanmaril,0.34675154
yhelothere,0.34675094
rumster,0.34674948
BlindStark,0.34674716
Le_Reptile,0.34674639
TheEmbernova,0.3467461
Lesmothian,0.34674588
Bioluminesce,0.34674403
iLiketrains131,0.3467423
7UPvote,0.34674147
sirkyle,0.3467412
finaleclipse,0.34674063
MSaadJilani,0.34673855
Wisdom_from_the_Ages,0.3467373
SonicWafflez,0.34673697
MercurialMadnessMan,0.34673682
rspix000,0.34673673
BelmontZiimon,0.3467365
brumbrum21,0.34673607
ruskeeblue,0.3467354
FenrirIII,0.34673473
t3hwookie90,0.3467339
Gimme_The_Loot,0.34673324
georedd,0.3467317
tamifromcali,0.34673092
aknutty,0.34673053
TwisterAce,0.34673038
likeBruceSpringsteen,0.34672898
frisky_business2,0.34672818
VictoriousPR,0.3467274
downtothegwound,0.3467274
Sagerian,0.34672657
jarstult,0.34672537
JonnyBrah,0.3467226
cottonheadedninnymug,0.34672248
HIVEvali,0.34672198
Waddupp,0.34672192
CyrisXD,0.34672076
Aegist,0.34672055
rolobrowntowntony,0.34672055
M374llic4,0.34671998
klinquist,0.34671712
WoozleWuzzle,0.34671682
iaman00b,0.3467147
Billobatch,0.34671465
JHoward777,0.3467139
GamerKingFaiz,0.3467136
Doxep,0.34671283
randoh12,0.34671202
cullen9,0.3467094
EunByuL,0.3467093
woooooahnellie,0.34670836
TCBloo,0.3467083
PiggyWidit,0.3467081
CptCoatrack,0.3467075
LeetModule,0.3467074
demidyad,0.3467044
MasCapital,0.34670353
bro_b1_kenobi,0.34670237
Tegyukfel,0.34670216
squiggitysquashua,0.3467009
nodnodwinkwink,0.3467
soupyhands,0.34669918
polydorr,0.34669718
Spungey,0.34669647
Thunder-ten-tronckh,0.34669593
Retawekaj,0.34669545
MrDanger,0.3466916
macaroni_veteran,0.34669128
FUCK_YEAH_DUDE,0.34669012
GoodLeftUndone,0.34668967
killerado,0.34668776
SenorFluffy,0.34668693
401vs401,0.34668583
gnashville,0.34668583
momentum77,0.34668574
Emayarkay,0.34668195
Acidyo,0.34668154
theCarryAll,0.3466815
bumblingmumbling,0.34668082
held818,0.34668082
Ownsin,0.34668
RedPaintedHouses,0.34667987
ProjectDusk,0.34667894
TheFullMonty1394,0.34667835
malufor,0.34667817
Areat,0.3466774
sapiophile,0.34667683
pzycho,0.34667635
AloeRP,0.34667557
CP70,0.34667456
JonLuca,0.34667447
Executioner1337,0.34667343
RevWaldo,0.34667295
MythOfLight,0.34666857
SuckingDiesel,0.34666786
jordan3434,0.3466677
ginja_ninja,0.34666562
Kaer,0.34666434
InternetLoveMachine,0.34666422
JALsnipe,0.34666377
watchesyousleep,0.34666282
RamsesThePigeon,0.34666204
pup2551,0.34666154
ChaosMotor,0.34666047
summerofevidence,0.34666023
Guilty_Spark_117,0.3466592
craig3010,0.34665918
leet_hacksaw,0.3466591
FellKnight,0.34665802
metaranha,0.34665763
ikarios,0.34665748
I_did_not_rape_her,0.3466561
RotatorX,0.346656
kflipz,0.34665573
bleedgreen96,0.34665474
synapticimpact,0.34665418
ManWithoutModem,0.34665412
krispykrackers,0.34665078
CoCo26,0.3466507
imnotlegolas,0.3466506
mohiben,0.34665015
KillEmAll83,0.34664986
TEmpTom,0.3466492
Taedirk,0.34664857
nittick,0.34664798
Xanthon,0.34664714
47L45,0.3466465
nps,0.34664565
Slippyy,0.3466456
Ravage123,0.34664434
OstriNarwhalForce,0.34664387
j0be,0.3466438
GreggoryBasore,0.34664333
big_tuna2,0.34664243
roger_,0.34663886
picardo85,0.34663856
exatorp,0.346637
tazcel,0.34663692
zscuro,0.34663552
aboothemonkey,0.3466351
Sidewinder77,0.34663486
eternallylearning,0.34663433
ikilledyourcat,0.3466339
brenan6,0.34663305
t3rneado,0.34663272
pikadrew,0.34663263
gerusz,0.34663227
Aduckonquack97,0.34663108
NeverrSummer,0.34663028
facedefacer,0.34662998
qqg3,0.3466298
jb2386,0.34662884
Pooh_Bear,0.3466279
Boredom_rage,0.3466273
meatwad75892,0.3466273
Darrkman,0.34662646
sacredserenity,0.34662637
gonzoblair,0.34662464
PinkPajamaPenguin,0.34662446
loganemar,0.34662256
itmightbeaseizure,0.3466221
KizzyKid,0.346622
IsNotANovelty,0.3466214
Halaku,0.34661976
Integralds,0.34661958
ildabears,0.3466188
danth,0.3466188
onscreenlol,0.34661856
risto1116,0.3466182
Anofles,0.3466179
woodyallin,0.34661785
Spastic_colon,0.34661716
TyPiper93,0.34661707
explodingbarrels,0.34661692
xenmate,0.34661677
MrFlagg,0.34661657
belandil,0.34661615
grey_sky,0.34661487
klassik891,0.34661484
PantsHasPockets,0.34661397
nametheoccupation,0.3466139
Heelincal,0.3466137
TehEmperorOfLulz,0.34661272
trauma_kmart,0.34661213
thenicky0,0.34661195
scattyckot,0.3466113
DiabolicallyRandom,0.34661114
we1shknigh7,0.34661084
shaggorama,0.34661052
ivegotagoldenticket,0.34660932
Aktve,0.34660792
Kadrik,0.3466079
azizinator25,0.34660748
byeberlin,0.34660724
N4N4KI,0.34660465
poobicus,0.34660208
ubomw,0.3466015
modman2,0.34659794
Xemeriba,0.3465976
swiftpants,0.34659755
mattyg5,0.3465959
daniell61,0.34659383
deadlyenmity,0.3465934
pocodot,0.3465902
auriumius,0.3465897
yellowtag,0.34658962
markywater,0.34658945
LerithXanatos,0.34658918
metrogdor22,0.346589
TheNateMonster,0.34658766
TooSmugToFail,0.3465847
b33k3rz,0.34658438
series_of_derps,0.3465839
unsurebutwilling,0.3465829
ProbeIke,0.34658286
Carnae_Assada,0.34658208
ridik_ulass,0.3465801
Maxrdt,0.34657842
zarmin,0.34657797
TylerL320,0.34657782
infernal_llamas,0.3465759
ptgkbgte,0.3465749
BioGenx2b,0.3465748
KoRnyWayz,0.3465748
gangstabunniez,0.3465746
arghnard,0.34657374
NotSoSlenderMan,0.34657326
TheOneTrueCripple,0.3465705
MrVonBuren,0.3465703
dusters,0.34656906
o2daface,0.34656787
Vinsanity9,0.3465665
Gaston44,0.3465658
Crazysaxycool,0.34656575
Kingelmobap,0.34656546
lettuceman44,0.34656447
TheDuskDragon,0.34656382
mpavlofsky,0.3465634
TheFifthCan,0.34656322
yti555,0.34656203
TheForceiswithus,0.34656063
GodOfAtheism,0.34655988
gryphonlord,0.34655926
Kynaeus,0.3465575
douglasman100,0.34655637
ahampster,0.34655428
Coriron,0.34655285
CyruscM,0.34655276
FelixR1991,0.3465525
fuzzy_dunnlop,0.3465525
hirashirou,0.34655127
orangepill,0.34655085
Brendancs0,0.3465508
jbrake,0.34655043
WoopAhhh,0.34654954
Sommiel,0.34654814
Semen-Thrower,0.34654814
EpicCookieMan,0.34654787
Meriis,0.34654757
Scarytownterminator,0.3465469
mobuco,0.34654647
vanillathunder12,0.3465456
bblemonade,0.34654534
nikiverse,0.3465453
tnick771,0.34654504
CanadianWhovian,0.34654486
adrenaline786,0.34654382
Samamaniac,0.346543
yomomma56,0.34654287
BenitoBro,0.34654146
Always_Leaves_You_Ha,0.34654078
agnesb,0.34654078
kulaboy94,0.34654072
jvacek996,0.34653834
Chuckgofer,0.346538
Adium,0.34653774
kuttanpilla,0.34653583
lethalweapon100,0.3465339
The_Bhuda_Palm,0.3465329
DeviousRetard,0.34653094
badblueboy146,0.3465302
brilliantmojo,0.34652892
bge,0.34652874
dashdanw,0.34652862
Occupier_9000,0.34652787
Sampo,0.34652746
Falldog,0.34652734
harris0n11,0.34652704
Womec,0.346527
plasker6,0.34652478
Abeneezer,0.34652096
Frankfusion,0.34652007
loopuleasa,0.34651896
fmgugle4,0.34651884
GlenThen,0.34651572
santaschesthairs,0.3465108
ephphatha,0.34650996
godisanatheist69,0.34650883
noroom,0.346506
da1inchpunch,0.3465055
aMANescape,0.34650466
MikeOfThePalace,0.34650454
Dengar,0.34650335
brandonisgreen,0.34650308
acman319,0.34650198
drucey,0.34650162
karhall,0.34650135
Nesyaj0,0.34650117
uJellie,0.34650117
Anheroed,0.3465009
baylithe,0.34649992
nayson9,0.3464998
BashfulArtichoke,0.34649646
Chef_Kevorkian,0.34649613
VeinyPickle,0.34649596
QuoteOfTheHour,0.34649545
NeonFights,0.34649527
_Woodrow_,0.34649426
Conash,0.34649342
SleepySheepy,0.34649312
expiredcheese,0.34649217
nomanoid,0.34649184
xtirpation,0.3464909
timothy53,0.3464904
hannahjoy33,0.3464896
Ohsin,0.34648886
ArchangelPT,0.3464866
lttljimmy,0.3464861
texacer,0.34648472
TrevorSarazin,0.34648463
bastocrat,0.34648448
bcr8tiveYT,0.34648436
brownboy13,0.3464838
TypicalHaikuResponse,0.34648308
rougetoxicity,0.346481
Reddit-Hivemind,0.34647992
A_Blind_Pilot,0.34647924
paintedsaint,0.34647802
food_bag,0.3464776
AmericanDerp,0.34647608
fallingtopieces,0.3464752
misnamed,0.34647417
runningraleigh,0.34647313
dafunkmasta,0.34647167
EditingAndLayout,0.3464715
flippityfloppityfloo,0.34647107
Thai_Hammer,0.3464698
promonk,0.34646943
pigferret,0.34646934
dude_from_pdx,0.34646824
aaoun,0.34646755
dabisnit,0.34646583
TheBlazingPhoenix,0.34646457
Rejexted,0.34646317
makesureimjewish,0.34646302
LittleTillyFooFoo,0.34646162
aryary,0.34645873
ToThisDay,0.34645838
C_sharp_minor,0.34645534
ArchChisUm,0.34645304
gijyun,0.3464523
indrora,0.34645185
theonlyalterego,0.34645155
j1002s,0.34645122
Vindexus,0.34645054
phillyfanjd,0.34645015
muellzy,0.34644994
canipaybycheck,0.3464493
Stewie977,0.3464486
napster2k6,0.34644806
Dathadorne,0.3464479
cavitycreep,0.34644744
trumpet_23,0.3464459
algo,0.34644583
nomofica,0.34644574
Reed18,0.3464444
haikuginger,0.34644416
AjdinSamurai,0.34644347
jyapman,0.34644315
Pizza_The_Hutt,0.34644267
moldyxorange,0.34644252
AmiroZ,0.346442
SevFTW,0.34644178
travkram,0.34644106
Browsing_From_Work,0.3464389
pokemaster_winter,0.34643853
thunder216,0.34643847
Kwasbeb,0.34643763
RobotKitten,0.3464363
ggpurehope,0.34643605
sfitsea,0.34643555
PortixArsenal,0.34643495
HeavensNight,0.3464341
NoseFetish,0.346434
senorjohhny,0.34643385
garbageeater,0.3464328
slapFIVE,0.3464324
keineliebe,0.34643176
itsrattlesnake,0.34643152
jupiter0,0.34643066
Hoyarugby,0.3464302
cyrilio,0.34643006
GoblinTechies,0.3464285
JOEY2X,0.34642833
Iloldalot,0.346428
NeverOC,0.3464274
zonination,0.3464273
hoodedbob,0.34642705
SadDragon00,0.3464252
Timmybee,0.3464249
DickRhino,0.34642437
brocccoli,0.34642437
Jaksongitr,0.3464239
SikhGamer,0.34642208
LeSpatula,0.34642187
cusoman,0.3464218
mynamespaghetti,0.3464196
foehammer111,0.34641898
hseldon10,0.34641892
007T,0.34641868
loudtyper,0.34641808
megustaPRO,0.3464174
Evadregand,0.34641686
SaltyChristian,0.3464159
NotARandomNumber,0.34641582
Spamsational,0.34641582
quinn_drummer,0.34641537
BrianTheLady,0.3464152
ralph122030,0.34641376
throwaway555789,0.34641212
Rainieri,0.34641176
imaybemeesh,0.34641108
thefaith1029,0.34641066
robotshoelaces,0.34640914
reidhasguitar,0.34640664
dossier,0.3464065
adwarakanath,0.34640604
ravenpride,0.34640545
mrkees,0.34640518
caligula213,0.34640476
Finnishalzheimerskid,0.3464043
SecularScience,0.34640417
_HeXagon_,0.34640408
caustictoast,0.3464027
StrawberrieDream,0.34640136
BrazilianRider,0.3464012
blaizedm,0.34640053
webdevbrian,0.3463994
nomau,0.34639874
CSRain,0.34639865
sodypop,0.34639812
fb95dd7063,0.34639788
DuckDragon,0.34639725
al3xwuzhere,0.34639567
dcwj,0.34639543
DomStud,0.3463954
Cohtoh,0.34639385
Tiberius666,0.3463937
Dvdrummer360,0.34639242
JustAnotherRedditor1,0.3463923
fernandoandretn,0.34639162
redwormcharlie,0.34639102
Acrio,0.34638917
paranoidbillionaire,0.34638888
HooptyDooDooMeister,0.34638795
PenName,0.34638584
Tauna,0.34638584
Izick,0.34638575
TangoZippo,0.3463836
AtomicDog1471,0.34638345
pandawooper,0.34638295
badbrutus,0.34638262
Emperor_NOPEolean,0.34638235
AdamSC1,0.3463815
deathril,0.34638143
pianobadger,0.34637943
parles,0.34637934
fiveandcounting,0.346379
WatersofNazareth,0.3463778
Zeratas,0.3463776
ronconcoca,0.34637627
seriouschiz,0.34637558
You_coward,0.346375
Flatline334,0.3463744
Crux315,0.34637222
benjamari214,0.3463694
Andypwns,0.34636894
FAderp91,0.34636852
Reavus,0.3463681
dumnezero,0.3463671
kevler9oh,0.34636694
PSIStarstormOmega,0.34636652
weggles,0.34636575
sid9102,0.34636536
essidus,0.34636495
Dr_Sandvich,0.34636465
Cern_Stormrunner,0.34635997
1ceyou,0.34635964
ripster55,0.34635893
filo4000,0.34635687
arup02,0.34635574
socalnonsage,0.34635568
Cookiemobsta,0.34635493
lloganwebb,0.34635463
otakuman,0.34635308
cheetahlip,0.34635285
sakasama_bridge,0.34635276
paulthepenguin,0.3463525
amorpheus,0.34635222
kcell,0.34635016
DearSergio,0.3463481
Jmgill12,0.3463477
anotherDocObVious,0.34634715
inmatarian,0.34634614
danwin,0.34634605
haddock420,0.34634438
Valdair,0.34634382
OPKatten,0.34634253
N8CCRG,0.34634158
ANAL_PLUNDERING,0.34634113
mackk,0.34634095
wallawalla22,0.34634027
Piemonkey,0.3463401
NahSoR,0.34634003
femaiden,0.34633926
dan_blather,0.34633917
happycrabeatsthefish,0.3463383
m0pi1,0.3463383
viksra,0.34633574
laristocrate,0.34633487
DivineIntervention88,0.34633458
sfs40,0.34633344
harry20larry,0.3463332
Phydeaux,0.34633282
Vorchun,0.34632957
Ginganinja888,0.34632933
Onlyhereforthelaughs,0.3463277
Myrandall,0.34632424
suntzu345,0.3463222
crookedhead,0.3463209
TheSwedeIrishman,0.34632063
allgameplaya,0.34631985
PolarBurs,0.34631965
rahrness,0.34631792
ferio252,0.34631765
burgplayer,0.3463173
Maxscape7,0.34631652
nyuncat,0.3463162
gatsby365,0.34631616
supersonic3974,0.3463153
dan3659,0.3463142
tuckertucker,0.34631416
CZbwoi,0.34631374
sircmpwn,0.34631324
nexxai,0.34631267
willo_sea,0.34631217
tomasziam,0.34631214
kookoo831,0.34631214
Azor2500,0.34631157
867stevo,0.34631112
Bergolies,0.34631073
elmntguy12,0.34631032
Eraser1024,0.34631008
Clint_Swift,0.3463099
l33tSpeak,0.34630966
Mxrgan,0.34630957
daniellemx,0.34630862
Rawtashk,0.3463076
rage-quit,0.34630683
kilo73,0.34630638
mcjiggerlog,0.34630582
Roflmoo,0.3463046
RSismylife,0.34630433
debrad1207,0.34630346
CHEEZYSPAM,0.3463029
kekembas17,0.34630272
HappyManatee,0.34630227
bigsol81,0.34630218
Juffin,0.34630212
Bonya,0.34630197
thegodsarepleased,0.34630167
riokou,0.34630123
brody10123,0.34630117
El_Pinguino,0.3463003
daxl70,0.34629953
greiger,0.3462994
blacjack,0.34629893
Eat_Bacon_nomnomnom,0.34629783
RoyallyTenenbaumed,0.3462978
kris_lace,0.3462948
SilverAce88,0.34629455
LFryo,0.34629378
Treviso,0.3462937
jremz,0.34629145
Artrw,0.3462909
cfschris,0.34628984
yannisv,0.34628975
ancientworldnow,0.34628972
caross,0.34628877
PingPing88,0.3462887
TheSimpleArtist,0.34628853
SamMee514,0.34628814
Fishooked,0.34628785
OccupyMyBallSack,0.34628373
nexxus-s,0.34628117
catch22milo,0.3462797
Atomicbob11,0.3462797
SimonSays_,0.346279
gigglestick,0.3462789
eatcrayons,0.34627825
Danarky,0.3462768
db82,0.3462767
gologologolo,0.34627578
the_moonface,0.34627482
cbarrett1989,0.34627467
Nondo,0.34627348
AtheistAgnostic,0.34627232
ITEM_NINE_EXISTS,0.3462719
paintingunicorn,0.34627062
heresybob,0.34627062
deuteros,0.3462695
CountGrasshopper,0.34626922
kosif,0.34626752
YNot1989,0.34626666
wistan,0.3462658
Bacon_Man123,0.34626493
Kuklachev,0.34626415
Seikoholic,0.34626013
Technolog,0.34625995
Devistator,0.3462594
PenguinCowboy,0.34625834
MrLeekspin,0.3462551
SQ_Minion,0.34625491
done8989,0.3462543
attosama,0.3462542
Thefriendlyfaceplant,0.34625292
Kakoose,0.34625128
WyattFlem,0.34625104
Random_Fandom,0.34625
duggtodeath,0.34624842
Galaxyhiker42,0.34624803
Tarkaan,0.34624794
rpm1984,0.3462473
IamBOXBOY,0.34624586
Sidetracking,0.34624475
Chairboy,0.34624362
abgafi_laffy,0.34624103
Z4KJ0N3S,0.34624055
CHollman82,0.34624004
LiiDo,0.34623873
poops_all_berries,0.34623864
odinist,0.34623736
SolKool,0.3462366
acidroach420,0.34623554
Cruxius,0.3462323
Charwinger21,0.34623197
quaxon,0.34623158
skarface6,0.3462291
GEN_CORNPONE,0.34622708
broccolibush42,0.3462267
cptcliche,0.3462264
julian88888888,0.34622502
jordanbeff,0.34622493
_Synth_,0.34622446
AlexBeeInBim,0.34622398
rohirs,0.34622365
theKalash,0.3462236
craftadvisory,0.3462234
Russbear,0.34622332
EvanC313,0.34622315
jettrooper33,0.346223
billgarmsarmy,0.34622288
OldPeopleHateMe,0.34622177
StutMoleFeet,0.3462216
illeatyourheart,0.3462215
Gehalgod,0.34622046
zigzag32,0.34621745
CheesyChips,0.34621707
lessobvious,0.34621695
nasdaf,0.34621695
Mixed-Signals,0.3462169
swampsparrow,0.34621525
GreyMatter22,0.3462148
mehdbc,0.34621462
heres_one_for_ya,0.34621376
ecnepsnai,0.34621334
Master_mind_,0.34621292
Spartancarver,0.3462127
ZeMeest,0.34621176
emarkd,0.34621105
FusionX,0.34621096
evoken1,0.34621048
niobe127,0.34620947
MidwestDrummer,0.34620938
bitshoptyler,0.3462087
CVBrownie,0.3462075
iamnotfacetious,0.34620744
izmatron,0.34620714
scottg96,0.34620667
fishsandwich,0.34620512
whicketywack,0.34620452
JayTbo,0.34620246
shmadorable,0.34620228
treebog,0.34620124
greath,0.34620082
SpaceAzn_Zen,0.3461987
StickleyMan,0.3461987
Grimsonite,0.34619832
NotYourMothersDildo,0.34619793
HawkFood,0.34619763
One_Giant_Nostril,0.3461975
SCARfaceRUSH,0.346197
Mogwoggle,0.34619674
murfi,0.34619626
Inane_Asylum,0.34619612
brewzombie,0.34619415
mikejohnno,0.34619343
seaburn,0.3461909
TheFugget,0.34618956
timotab,0.34618953
HyperspaceHero,0.34618914
GrandmasterSexay,0.346187
zalemam,0.3461863
Birch_Tree,0.34618625
stesch,0.3461852
matt01ss,0.346185
sivadneb,0.3461846
corey561,0.34618407
kleopatra6tilde9,0.3461828
jdylopa,0.34618273
markevens,0.34618253
verygoodyear,0.3461808
scamperly,0.3461807
ForScale,0.34618065
WideLight,0.34617996
Sutekhy,0.34617934
apatt,0.3461782
Omnifire,0.34617814
brownmagician,0.34617797
Bersonic,0.34617677
orangeslash,0.34617507
syuk,0.34617433
no1name,0.34617376
Whoa_Bundy,0.34617308
staomeel,0.34617242
BipolarBear0,0.3461723
GiveMeBackMySon,0.3461707
mehatch,0.34616953
farquezy,0.3461666
mago184,0.3461656
marmz111,0.34616446
juxtaposer43,0.34616414
jonez450,0.3461635
shanoxilt,0.34616283
flipzmode,0.3461626
pencer,0.34616205
HeyItsJay,0.34616196
THLycanthrope,0.34616175
Animedingo,0.34616145
MathGrunt,0.34616077
nomsecretly,0.34616065
grapesandmilk,0.34616026
SgtMaj_Obvious,0.34616
HanktheDog,0.34615892
trmaps,0.34615868
haakondafo,0.34615844
SW4506,0.34615767
Lion10,0.3461549
cr5315,0.346154
Mr_Philosopher,0.34615016
grantmoore3d,0.34614888
not_a_Dr,0.34614664
Skrillex4ever,0.34614655
Freshenstein,0.3461434
TheAmazingSkoof,0.34614235
TheSimonToUrGarfunkl,0.34614217
summatclever,0.34614208
MonksWithSticks,0.34614208
k0mbaticus,0.34614122
gizmola,0.34613883
ne0lithic,0.34613505
Remdawg,0.34613496
callmecatalyst,0.34613463
LyleLanley99,0.34613445
brosen87,0.34613276
kimboslice11,0.34613276
marky6045,0.34613213
manikfox,0.34612894
alaskanloops,0.34612867
AwkwardDev,0.3461272
Pravusmentis,0.34612557
admiraljohn,0.34612527
stock_character,0.34612283
Ruddiver,0.3461227
jiblet84,0.34612253
Kingtorm,0.3461221
Atled,0.34612206
AFDIT,0.3461219
bananinhao,0.34612182
Alexanderr,0.34612122
Unboxermail,0.34612054
djspacebunny,0.34611887
mamba_79,0.34611884
nomemory,0.34611842
megustcizer,0.34611788
IAMA_SWEET,0.3461166
ImNotAnAlien,0.3461143
Justintime233,0.34611335
davetbison,0.34611294
marquis_of_chaos,0.34611246
Pandalism,0.3461098
sprremix,0.34610906
touchable,0.34610787
Ochobobo,0.3461064
BiggityBates,0.34610623
expert_at_SCIENCE,0.34610528
kmck96,0.34610465
beernerd,0.34610465
Ottetal,0.34610453
CyanogenHacker,0.34610108
empyreanmax,0.34610024
mpg1846,0.3460979
Pyrao,0.3460963
LeanBean17,0.34609574
spoone,0.34609511
TheGreatCthulhu,0.34609506
metabeing,0.3460948
DuncanDonutz,0.3460936
exitstrateG,0.34609324
eskimopie26,0.34609324
juror-number-8,0.34609312
DumaDuma,0.34609306
RedHerringxx,0.34609058
eternal_wait,0.34609058
ujemvi,0.34609017
CaptainRandus,0.3460893
Sam1r,0.346089
SebbenandSebben,0.34608704
Clit_Commander,0.3460862
sulaymanf,0.3460857
AndrewPresnal,0.3460851
yashchand,0.34608492
gangrenous_ghoul,0.34608448
moontanned,0.34608287
blisstonia,0.34608236
blore40,0.34608153
Haz3rd,0.34608153
scarface910,0.34608138
FauxShizzle,0.3460806
rdfiii,0.34608042
Myte342,0.34608003
Cryptic-Panther,0.346079
Sabvegas,0.3460777
sleepynow,0.3460776
KilgoreTroutQQ,0.34607705
WhatTheFDR,0.34607702
TheMellowestyellow,0.34607646
boommmmm,0.34607586
BlackNut,0.34607556
Zmodem,0.34607482
cacophonousdrunkard,0.3460745
coreyf,0.34607404
lomoeffect,0.3460737
magicmurph,0.3460732
FarSide792,0.3460731
hax2damax,0.3460721
snowgimp,0.34607148
amadea56,0.3460713
shniken,0.3460692
jimmithy,0.3460691
RobertF23,0.346069
factor591,0.34606782
Amandrai,0.3460676
wrigsam,0.3460663
danielblakes,0.34606507
drumcowski,0.3460647
avboden,0.3460644
Agenttable077,0.3460629
Markus_Antonius,0.34606212
noeatnosleep,0.3460619
Phritz777,0.3460609
martentk,0.34605983
Clarketk,0.34605983
RAGErER,0.34605917
ion-tom,0.34605905
spatchcock,0.3460588
Mitcheypoo,0.34605864
astappaerts,0.3460583
cosmicsans,0.3460578
SirSchilly,0.34605703
jessarojas,0.34605578
tianan,0.34605467
madsohm,0.34605467
bobbaphet,0.34605435
BitchesLove,0.34605393
MootBear,0.34605315
ButSheLooked18,0.34605262
IronOhki,0.34605125
tha_dood,0.34605038
Nicb903,0.3460502
datenwolf,0.34605005
Software_Engineer,0.34604996
Justicles13,0.34604883
mequals1m1w,0.34604856
ispoiler,0.3460479
xanton,0.3460476
Tripudelops,0.3460467
antifolkhero,0.34604663
sygede,0.34604532
Stenzy,0.34604523
cubedG,0.34604466
0rigin,0.3460442
preggit,0.3460427
idma,0.3460426
Ederek_Cole,0.34604257
elemenohpee,0.34604248
Acenus,0.3460423
Oderdigg,0.3460412
Deathbybunnies,0.34604093
windowbreaker9,0.34604034
PeteDarwin,0.34603986
TitanicMan,0.34603932
curbstickle,0.34603924
SSJwiggy,0.3460382
Topper2676,0.3460369
xoxoyoyo,0.34603605
chromer123,0.3460358
allpro1337,0.34603512
cloudedsky,0.34603348
nomalas,0.34603113
JMaboard,0.34602994
Throwaway_4_opinions,0.3460293
cessna182er,0.34602755
theruins,0.34602734
Kattzalos,0.3460266
patrik667,0.3460263
anexanhume,0.34602526
Modestjake,0.34602478
RedditINator70,0.34602383
Fun1k,0.34602344
Tater_Nuts,0.34602332
shellbullet17,0.34602296
nomcow,0.3460213
coolkid1717,0.34602115
mandal0re,0.34602097
kylelee,0.34602073
sp4ce,0.34602034
6stars,0.34601972
cespes,0.34601924
thethiefstheme,0.34601885
unclesam_0001,0.3460188
Purecheetodust,0.34601867
EdgarAlanPwnd,0.34601852
beauseph,0.34601837
GoFlight,0.3460171
slumslum,0.34601703
promek,0.346017
woflcopter,0.34601656
notamustache,0.34601644
aidanf123,0.34601498
TheSuperSax,0.3460143
vaselinepete,0.34601402
aznprd,0.346012
lejefferson,0.34600988
IronA1dan,0.34600902
agapornis,0.34600735
drunkentune,0.34600595
laaabaseball,0.34600285
Papa-Lazarou,0.34600148
evolvish,0.3460003
DrSnaipa,0.34600013
FakeChowNumNum1,0.346
fapfap_ahh,0.3459975
rock217,0.34599736
username5550123,0.34599698
UseWhatName,0.34599584
milleniummanp7,0.34599543
skeeto,0.34599432
PinkMonkeySlippers,0.3459942
jonnyd005,0.3459932
RandomName01,0.34599215
aJarofDirt,0.34599125
darkpwnage,0.34599116
averagemonkey,0.34598896
kleinergruenerkaktus,0.3459878
ipiranga,0.34598777
Clockwork757,0.3459867
JBHUTT09,0.3459854
InternetNinjacy,0.3459854
SoundManCO,0.34598437
dmk2008,0.34598434
jermslice,0.3459828
C_IsForCookie,0.34598204
spirit_spine,0.34598142
FuriousLamb3,0.34598073
LoneWolfComando,0.34597898
RoverDaddy,0.3459789
RndmHero,0.34597877
ReesesForBreakfast,0.3459769
silentstorm2008,0.34597608
MarkBC,0.34597415
Spam4119,0.34597412
Qusqus73,0.3459737
TopHATTwaffle,0.34597266
BeerIsMyFriend,0.3459726
mrlr,0.34597164
GODDAMNFOOL,0.34597105
tyrannosaurus_fred,0.3459692
EmceCocks,0.34596792
Patrick5555,0.34596694
9000sins,0.34596682
playa_mar_cielo,0.34596667
jack456123,0.34596622
KingGeb21,0.34596586
Perma,0.3459648
Albuyeh,0.34596452
Riddla26,0.34596407
joka86,0.34596375
myrpou,0.34596318
sergeyuf,0.34596175
Geckos,0.34596127
Lokipokie504,0.34596124
ktool,0.34596002
burnner_,0.34595966
colinodell,0.34595963
pryme,0.34595957
sobeach,0.34595826
dudester567,0.3459581
SCHROEDINGERS_UTERUS,0.3459562
Ultravod,0.34595302
feedthecollapse,0.3459529
Spineless_John,0.34595215
HyphyBonez,0.34595162
Uber_Nick,0.34595123
ZeroShift,0.34595078
xlarukux,0.34594896
cometparty,0.34594867
sn44,0.34594703
julesasner-dt,0.34594604
wakeupsheep,0.34594563
voyetra8,0.3459454
happytrees,0.3459453
SetYourGoals,0.34594434
DangerousDetlef,0.34594366
Bert306,0.3459409
ZachPaj,0.3459396
tehreal,0.34593952
theoneringnet,0.34593913
garychencool,0.3459391
CopEatingDonut,0.3459377
zillah1985,0.345936
Orangemilk,0.34593573
ChemicalOle,0.3459345
obsessive_cook,0.3459324
libertao,0.3459277
Asassin4TW,0.34592763
ryan3243,0.34592697
BillOneyPaige,0.34592414
Vpolne,0.34592327
Pots_And_Pans,0.34591928
samx3i,0.34591857
Tynictansol,0.34591708
Brak15,0.34591702
menes40,0.34591693
Raual,0.34591624
DoTheEvolution,0.34591204
xarkonnen,0.3459093
Bennyhick,0.345908
cjbrigol,0.34590757
COOKIEEE,0.34590337
BIAATTCH,0.34590212
mattXIX,0.34590095
Ninjatertl,0.3459001
miklaen,0.34589922
yeebok,0.34589836
willreavis,0.34589705
Scorch8482,0.3458944
Master-Thief,0.34589168
canard_glasgow,0.34589094
rycokamoore,0.34588984
highintensitycanada,0.3458891
rizz360,0.34588832
LewisKiniski,0.34588748
scudd,0.34588683
vviikkrraanntt,0.34588465
AbbyMoriah,0.3458836
mage_g4,0.3458829
ejchristian86,0.34588256
taario,0.345878
VonAether,0.3458779
mi1kman_dave,0.34587595
Ilovewhatredditdoes,0.34587434
loopscadoop,0.34587303
IamtheOceanAMA,0.34586945
synopser,0.34586844
Patrick_the_Saint,0.34586653
saintdominic,0.34586403
Live4FruitsBasket,0.34586376
GuidoZ,0.3458609
TooDrunkToTalk,0.34586054
xXSJADOo,0.34585902
typtyphus,0.34585723
richardveevers,0.34585696
dudelsac,0.34585646
WholeWideWorld,0.3458552
price0416,0.34585485
margaryna,0.34585333
jpsquill,0.34585053
finkton,0.34585014
stormageddon103,0.3458491
8bitmorals,0.34584585
Xeonit,0.34584382
yousaidicould,0.34584263
Clark-Kent,0.3458424
oliverhart,0.34583774
skyline_kid,0.3458368
jguacmann1,0.3458356
callmenighthawk,0.34583536
feelbetternow,0.34583429
t0lk,0.34583396
ReactionDude,0.34583163
ddxxdd,0.34583044
vetcmb,0.3458294
sandhouse,0.34582883
Imanari,0.34582874
not-a-cylon,0.34582415
scythesabre,0.34582037
spooget3,0.34581834
pekayer10,0.34581718
RackballJoe,0.34581634
unusualbob,0.34581524
stonesfcr,0.34581247
TheCl0ne,0.34580982
RubyRod,0.3458062
kindofstephen,0.3458037
talzer,0.34580228
CptTremendous,0.34580097
weeeaaa,0.34579933
atheist_verd,0.34579825
PdoesnotequalNP,0.34579763
mr_pleco,0.345797
MegaHz,0.3457959
ameliamirerye,0.3457958
Wagosh,0.34579512
armedNINJA,0.34579504
p337,0.34579504
bundleogrundle,0.34579486
nickbob18,0.34579462
Unicornholio,0.34579322
ArchmageJesus,0.3457906
troublesomeness,0.3457905
nathanl1192,0.34578922
Justmomsnewfriend,0.34578907
vorin,0.34578568
sutr90,0.34578454
trafc,0.34578156
jordypants,0.34578025
Pezking343,0.34577963
Cadoc,0.34577838
saadakhtar,0.3457774
Protuhj,0.34577727
NotSayingJustSaying,0.3457765
CarlLady,0.34577623
Ytoabn,0.3457728
jeffiethepirate,0.34577253
LoyalTillTheEnd,0.34577188
Sanwi,0.34577027
RedSquaree,0.34576792
gzcl,0.34576753
Ryan_Konky,0.34576365
lozdogz,0.34575948
1tepa1,0.3457591
varrogath,0.34575903
Mattho,0.34575808
matrixifyme,0.34575644
FullSizedForks,0.34575555
vaginitischlamydia,0.34575525
jamers89000,0.34575507
mjbat7,0.34575316
Xenophon1,0.3457514
somedude456,0.34574887
CLSmith15,0.34574848
alexkoeh,0.345748
guelahpapyrus,0.34574407
NMeiden,0.345742
KyleKingCDN,0.34574026
esPhys,0.34573293
bknutner,0.34573075
needuhLee,0.34572965
ablebodiedmango,0.34572962
prematurepost,0.3457284
Fuzzymuzzy,0.34572643
Lumpzor,0.34572572
garmachi,0.34572417
fact_hunt,0.34572244
grimskrotum,0.34572202
el_drum,0.3457207
B_anon,0.34571928
d1dOnly,0.34571892
that1guywithredhair,0.34571883
GFandango,0.34571484
lemonfreedom,0.34571454
Codyyblake1,0.34571394
CharlieBear26,0.3457112
mapryan,0.34570917
JDawg2332,0.34570757
Liquidkp,0.34570155
Rickolas,0.34569848
Poptorts,0.34569752
travcurtis,0.34569678
luag,0.34569633
Anadyne,0.3456959
l3un1t,0.3456927
Genesis09,0.34568012
Jobeanie123,0.3456721
FrenchieSmalls,0.34567022
DeanOnFire,0.34566578
sumiriously,0.3456638
jay456,0.34566367
inaaace,0.34566292
Lygar,0.34566006
mach-2,0.3456599
CityWithoutMen,0.3456555
Schnapplegangers,0.34565353
jbrooks21,0.34565115
Gonza200,0.34564942
someredditorguy,0.34564704
D3cker,0.34564582
kriswone,0.34564424
kyuronite,0.34564003
turbie,0.3456264
Platinum1211,0.3456262
ustbro,0.3456258
awood785,0.3456257
F1A,0.3456234
BkkGrl,0.34562114
Maple_D,0.34561667
wjfox2009,0.34561527
lordcarnage,0.3456137
AmunRa666,0.34561053
Blackglade,0.34560844
intortus,0.34560052
longhairedfreakyppl,0.34559855
Simcom,0.34559545
Brownt0wn_,0.34559318
Usht,0.3455923
benfbat,0.34559074
JustAnAvgJoe,0.3455886
deeperkyo,0.34558764
BaconZombie,0.3455853
headasplodes,0.3455837
jwatkins29,0.34558168
Spezzle,0.34557757
itsallgoodie,0.34557506
MrCobaltBlue,0.3455732
strangelycutlemon,0.34557062
647,0.34556302
bazzaretta,0.34556106
thermal_shock,0.3455539
Zeulodin,0.34554854
Twice_Knightley,0.34554836
mi-16evil,0.3455453
skepticaljesus,0.3455419
enad58,0.3455377
sovietsrule,0.3455366
MrFantasticGDB,0.3455363
epilis,0.345534
dagbrown,0.345534
antonia90,0.34552658
Tenstone,0.34550974
J-DawgDBZ,0.3455088
happyFelix,0.3455057
kmad,0.34550208
Natural_RX,0.3455016
typical_thatguy,0.3455004
physicscat,0.34548536
Caseycrowe,0.34548122
NotaMethAddict,0.34547797
lancerevo98,0.34547526
henry10937,0.34547338
jetsparrow,0.3454702
Ihearcolor,0.34546575
peterabbit456,0.34546375
HITMAN616,0.34546086
Zappastuski,0.34545657
JoshuaLyman,0.34545082
needmoney90,0.34545013
Salanderson,0.345444
th3thund3r,0.34543988
dzamir,0.3454293
CUB4N,0.34542683
eighthgear,0.34542483
Skanh,0.345422
hearo,0.3453864
SmokehTheBear,0.3453747
mwada1,0.3453674
TheRiseOfMaths,0.34535798
orthros,0.345356
jdbee,0.34533912
djweswalz,0.3452889
B33sting,0.34527272
Kavec,0.3452614
decode1101,0.34523538
Nekrogoblikon,0.34514225
