username,GNN_Influence_Score
崔听筠,1.0
普瑞-赛斯_,0.96866167
月海_Tsugumi,0.9676362
M-V-T,0.9657032
薛定谔的狸花咕咕咕,0.9646902
降萝伏莉仙帝,0.9618174
誓约寒,0.96107256
GLALXX,0.96080005
三添不贱,0.9607319
厌蠢之人,0.9603233
水族馆的大梨子,0.9602552
克喵可爱捏,0.9598455
茹大宝宝,0.95923454
冷心市民小玉,0.9587585
大乔617,0.95869046
洁之良品---David,0.95828277
糸凛凛糸凛,0.9581468
fbi9527_,0.9580789
名字是一首歌,0.95794314
红石方块Max,0.9579431
一枚云朵轻飘飘,0.9579406
栗子暴打兔子,0.95773935
梓故zzz,0.95767146
Zachary照尘,0.9576714
泡澡香香的猫,0.95746773
nofish21,0.95739985
xym12345,0.95733196
烟雨不稀烟雨稠_,0.9573304
阳华与苹果酒的诗文,0.95732796
嘉泽胤阳,0.9573155
椰蓉の糯米糍,0.9572642
高筱珏,0.9572642
calmdown002,0.95719624
云淡啊风轻,0.95719624
美的空调,0.95712835
风雨之中任逍遥,0.95712835
清池处处起涟漪,0.9570606
picturesqueboat,0.9570606
35982787195_bili,0.9570606
迷之逊,0.9570606
稳重一点啊,0.9569927
_The_God_,0.9569927
沃洛嘉-,0.9569916
蓝曦Lences,0.95692474
辰溪轩道,0.9569194
GTA5Cyberpunk,0.95690644
一本正经的回忆录,0.9568569
首席高木厨,0.95685107
乌托村夫,0.95678914
-芝士不好椰-,0.95678914
森set,0.9567891
cutewp,0.9567891
狐_hao,0.9567891
观岚岚吖,0.9567213
辛弃疾Simcheegy,0.9567213
逃离实体,0.95672125
NEm0意为无人_,0.95672125
AHPbLIS,0.95672125
许若潇,0.95672125
41朵蓝玫瑰,0.95665354
潜水的鱼n,0.9566534
在陆亨克这了,0.9566534
芥_弥,0.9566534
一枚鸭梨,0.95658565
tyzhende,0.95658565
我不是梦中人,0.95658565
漫游者__,0.95658565
韩美娟Amire,0.95658565
颜值并不一定正义,0.9565856
亻五我鸟,0.9565856
My丶Dearest灬SU,0.95657015
KEX-Monika,0.9565178
正片叠底绘画战士,0.9565178
橘喵敲可爱,0.9565178
Yooofox,0.9565178
栀桦惜缘,0.95651543
黄益达哒,0.95645005
活在阳光下是温暖的,0.95645005
一向如此真的吗,0.95645005
原汁儿,0.95645005
还没熟的鱼蛋,0.95645005
风度桑_EA,0.95645005
-LostCity-,0.95645005
阑荀夕,0.95645
别vi我,0.95645
天王星-乌拉诺斯,0.9564406
刃下狼血,0.9563823
龙君Long,0.9563823
Luloce,0.9563823
凛黦,0.9563823
月球队长makoto,0.9563823
曦熙婉,0.9563823
Mi迷醉,0.9563823
雾都冰火,0.9563823
百分之60的派蒙,0.9563823
EVNSR,0.9563823
比格Bigsk,0.9563821
-赵Mou-,0.9563821
花硬币改名啦,0.9563821
给端午打工,0.9563821
无芳离逝,0.9563821
望神侞㕃,0.9563821
何不扬了它,0.95635754
中老年人签名藏彩蛋,0.9563144
分肠道辘,0.9563144
夏日丨邮局,0.9563144
十六不会做饭,0.9563144
银彩-SilVirbe,0.9563144
独矿者-OMPn,0.9563144
L3-猛汉猎人,0.9563144
鲨鱼的左膀右臂,0.9563144
锐展XD,0.9563144
orzorz_,0.9563144
一个稳健的玩家,0.9563144
常星林,0.9563144
默蜂QAQ,0.9563143
小宇游戏xy,0.9563143
店长工具人007,0.9563143
Callme祎一,0.9563143
haigusang,0.9563143
淆小青鱼,0.9563143
寂寂钟鱼柏满轩_,0.9563143
空城旧梦xzx,0.9563143
XT鸢尾,0.9563143
无竺兰,0.9562466
活在南极的热带鱼,0.9562466
AAA_千目东路跑车维修,0.9562466
QI--祺,0.9562466
新建文档XP,0.9562466
金德翼Golden_Daley,0.9562466
极速小飞鱼fly,0.9562466
希茵今天还在河里,0.9562466
UNICODE2025,0.9562466
初末寻辞,0.9562466
神秘的b站用户123456,0.9562465
科比,0.9562465
Gz小阿拐,0.9562465
kay1ey,0.9562465
名将杀,0.9562465
努力的小博士,0.9562465
焚琴煮鹅,0.9562465
学校你牛逼,0.9562285
摩西菌vvvv,0.9562166
盒饭中的果冬咚冻,0.95617884
Anastasiaying,0.95617884
半东白皮,0.95617884
凉簟残烛,0.95617884
面要多加香菜,0.95617884
MiguelKosugi,0.95617884
MoonBit月兔,0.95617884
q青药师p,0.95617884
香蕉皮の神,0.95617884
特工小鸡zzz,0.95617884
只要脊椎,0.95617884
顾阿小,0.95617884
导坏,0.95617884
十二刀语,0.95617884
花生于竹南,0.95617884
为什么野兽没有我聪明,0.95617884
没干劲de蚊子,0.95617884
恭请邱小姐出嫁,0.95617884
豌豆味老干妈,0.95617884
白布林不_,0.95617884
楽しいかわいい子猫,0.95617884
旗帜工作室,0.95617884
青春耄耋梦到曼波学妹,0.95617884
THX2012,0.95617884
甘意ganyi,0.95617884
我也要吃鸡翅吗,0.95617884
来根大白菜,0.9561788
容川居士,0.9561788
nonane2077,0.9561788
三国百将牌,0.9561788
锂葵,0.9561788
馬馬雨,0.9561524
请叫我夕霧老师,0.9561111
拉拉小飞侠,0.9561111
Chalice_W,0.9561111
诞水弧,0.9561111
可爱的土狗哥,0.9561111
Slytherin-xsh,0.9561111
醒醒别oyi了,0.9561111
来自律队的大拇哥,0.9561111
中雨转大鱼,0.9561111
起飞ww,0.9561111
w显眼包w,0.9561111
昨日的曦,0.9561111
堂唐塘,0.9561111
Fierga伏尔加,0.9561111
不死骨灰,0.9561111
与辞浅,0.9561111
夜泠ovo,0.9561111
九月会很热,0.9561111
DECO2077,0.9561111
斜陽LilaS,0.9561111
無_三,0.9561111
尘风一枚,0.9561111
Space丶JS,0.9561111
芊九沫,0.9561111
伏特加爬山斗地主,0.9561111
小言La,0.9561111
末薯名者,0.9561111
彩色的风123,0.9561111
Iris_lyric,0.9561111
鬼清明,0.9561111
五更瑠璃丶黑猫,0.9561111
bl9f,0.9561111
皇后区的热心邻居,0.9561111
糖盐一定要在一起,0.9561111
SocianZeStof,0.9561111
栗子鼠1940,0.9561111
魔君林澈s,0.9561111
曾文的旋律,0.9561111
西住学姐,0.9561111
风三月柒,0.9561111
卦挂呱,0.9561111
玫瑰鹿bbs,0.9561111
-KU-MA-,0.9561111
奕寯,0.9561111
流客不知名,0.9561111
九ノ离,0.9561111
strangeineed,0.9561111
神络局外规划社,0.9561111
苦瓜哇_,0.9561111
鲁路修·Vi·布里塔尼亞,0.9561111
泊鈞,0.9561111
孚乃有庆,0.9561109
星ToBe,0.9561109
维焉,0.9561109
大保底不歪臻菌,0.9561109
Lennon不会起名,0.9561109
蓝色懒猫一只,0.9561109
超高校级の女装大佬,0.9561109
旭日之舟,0.9561109
华彩月,0.9561109
豆腐腐腐腐fu,0.9561109
城南輕舟,0.9561109
物喜寄悲,0.9561109
苏九思-,0.9561109
撒野小树,0.9561109
Joy_326,0.9561109
彩叶の八千代,0.9561109
不见曦月3498,0.9561109
室盐,0.9561109
甜口豆瓣酱ovo,0.9561109
艹此用户不存在,0.9561109
开背蒜蓉虾,0.9561109
-MiAoo-,0.9561109
折纸无忧,0.9560973
想画画的七辰,0.95606446
灰溜溜儿,0.9560432
Inno_etc,0.9560432
让子弹飛一会er,0.9560432
活捉一只小松许,0.9560432
阿潇不会吹箫,0.9560432
skylouis,0.9560432
10lxr,0.9560432
斯胺叁,0.9560432
梁永欣沃爱腻,0.9560432
一锤定印,0.9560432
灬贝莉尔灬,0.9560432
我永远喜欢高人先生,0.9560432
希儿希尔希希希,0.9560432
summer丶埘绱,0.9560432
lin1270,0.9560432
--千椰椰--,0.9560432
唐完就宋oh,0.9560432
美好Brave,0.9560432
灰灰大王666_,0.9560432
xxx欲しい,0.9560432
秦丙辰,0.9560432
Strips139,0.9560432
北冥系咸鱼,0.9560432
一只小梵茄,0.9560432
paradox2333,0.9560432
瀚天2077,0.9560432
盼思返,0.9560432
走猫步的鲨鱼,0.9560432
一只雨欣丫,0.9560432
励磁石,0.9560432
死兆星之彩,0.9560432
一念窥光,0.9560432
银的艺术,0.9560432
罐装盒头,0.9560432
imitator_,0.9560432
承诺能信麽,0.9560432
路过瞅你一眼的一只汪,0.9560432
瓏龍籠,0.9560432
沈昇x,0.9560432
囷囷不困困,0.9560432
聪明的高坚果,0.9560432
是大熊哦,0.9560432
渡个毛,0.9560432
sunberun,0.9560432
海围着的陆地叫岛,0.9560432
吧唧1口小漂亮,0.9560432
小主想睡觉,0.9560432
猫咪子_,0.9560432
墨语默言,0.9560432
是小颜捏,0.9560432
大山妖重明,0.9560432
单挑于北宸,0.9560432
你守哥来也,0.9560432
账號已注销2333,0.9560432
天台美厨一位丌-丌,0.9560432
好奇的迷彩风筝,0.9560432
彦伯英字子午,0.9560432
纳石矢,0.9560432
ALTLOVE,0.9560432
3角公式,0.9560432
循湮26,0.9560432
喂羊先锋,0.9560432
忧伤的冬瓜,0.9560432
卖盒饭的小哥,0.9560432
2k时期冷冻罗非鱼,0.9560432
自宅警備員のペンギン,0.9560432
3993,0.9560432
特玛头拒绝成为番茄酱,0.9560432
过热的史莱姆,0.9560432
榴莲流奶牛角Bao,0.9560432
我是天才蛙,0.9560432
海比天藍,0.9560432
塰鸦,0.9560432
异常有用的垃圾桶,0.9560432
9jllol,0.9560432
李惟张yq,0.9560432
两大大碗稀饭,0.9560432
时栖Hoho,0.9560432
元素AMG___,0.9560432
迈耶诚不欺我,0.9560432
-月之语-,0.9560432
盘旋的千眼,0.9560432
不二月诗,0.9560432
你安全得救了,0.9560432
白风QAQ,0.9560432
花哨政,0.9560432
GGu3,0.9560432
啊又过了一天呢,0.9560432
凤凰之于飞-,0.9560432
Milktea椰,0.9560432
厄余eyu,0.9560432
怣,0.9560432
你大大大爸爸鸭,0.9560432
元气满满的柠柒吖,0.9560432
忆酒1,0.9560432
余余余余泠,0.9560432
胖虎酱啊,0.9560432
开朗的真爱坤,0.9560432
偏激筱丶明,0.9560432
改头换面aaasa,0.9560432
Lei雷明Ming,0.9560432
SIG_SAUER-SP2022,0.9560432
YMQLL,0.9560432
深海绿gou咯,0.9560431
零篇川,0.9560431
第七命,0.9560431
多年ye,0.9560431
猫猫和东东,0.9560431
NeverSettle_,0.9560431
别吵快睡着了,0.9560431
香爵可爱毛豆,0.9560431
丢失的免写卷,0.9560431
_white_,0.9560431
该成为怎样的人,0.9560431
katerrrlhyu,0.9560431
全不灵,0.9560431
网卡又重连,0.9560431
透镜星云,0.9560431
再往前是远方,0.9560431
好喜欢明日香-,0.9560431
KevinSxz,0.9560431
还会更差吗,0.9560431
Melaniesmelon,0.9560431
LmHudRui,0.9560431
耶路撒冷沈阳路,0.9560431
_Sao,0.9560431
LabMem_No004,0.9560431
可以让我退退,0.9560431
佐佐木卡西欧,0.9560431
-超级赛车王-,0.9560431
是懒人不是赖人,0.9560431
原野绿电位分析,0.9560431
怎么不在家,0.9560431
你的豌豆呀呀呀,0.9560431
影只猫Shadow,0.9560431
一只野生的文科生,0.9560431
毛毛的从前,0.9560431
山海重工,0.9560431
不想学理科的理科生,0.9560431
青雨清泉,0.9560431
给你补个蛋蛋鼠,0.9560431
是Q同学呀,0.9560431
盒菌子,0.9560431
瑾年丶亮,0.9560431
咸桪不想哭,0.9560431
北岛牧师,0.9560431
流萤Soar,0.95602643
烈豹乔亚,0.9560167
Rainman_E,0.9560035
寒面东风,0.9559754
片-------爿,0.9559754
蔚海彦彦,0.9559754
夏花迷蝴蝶,0.9559754
职业迷妹,0.9559754
赛博老登单推人,0.9559754
亡棋林,0.9559754
河马朋友,0.9559754
空城一の猫,0.9559754
无忘筱筱,0.9559754
仁糍粑,0.9559754
薄荷巧克力小蛋糕,0.9559754
斯巴拉西zzx,0.9559754
塔帕酱,0.9559754
今生ww,0.9559754
木梓渝,0.9559754
andymsu,0.9559754
见严冬,0.9559754
未知1参上,0.9559754
asd_-_,0.9559754
喵kiri_颂,0.9559754
海贝壳有海,0.9559754
朱扎记,0.9559754
埃里克ww,0.9559754
白色轮毂,0.9559754
乔砸のh,0.9559754
棉花糖_MELLO,0.9559754
猫儿是大橘,0.9559754
十万伏特Thunderboy,0.9559754
十一诗语,0.9559754
熵增二踢脚,0.9559754
松籽ker,0.9559754
calvinOvO,0.9559754
二次元恒星,0.9559754
二零老师,0.9559754
沙沙沙尘暴,0.9559754
图tu_,0.9559754
杉本铃美,0.9559754
云柒July,0.9559754
云梦夜鼠,0.9559754
biupa嘣,0.9559754
想想晚饭吃什么_,0.9559754
猫吃鱼_鱼爱猫,0.9559754
理塘的哲学家,0.9559754
大家好滴滴,0.9559754
bili_69904352393,0.9559754
我也要助攻,0.9559754
bili_45780123422,0.9559754
云织光,0.9559754
bili_45628101523,0.9559754
云鵃,0.9559754
叶片D2,0.9559754
bili_45506813630,0.9559754
涵盖芦,0.9559754
朔月清风qwq,0.9559754
_月明共潮生,0.9559754
YushawnChen,0.9559754
李简请69,0.9559754
行走的詩,0.9559754
無聊又邊緣的普通人,0.9559754
YesToday_阿润,0.9559754
西柚味的木璟花,0.9559754
大藤王,0.9559754
再见徐,0.9559754
热爱和平的小董同学,0.9559754
烦恼休息,0.9559754
你是我左边的风景,0.9559754
其愚不可及也,0.9559754
你见我钱包了吗,0.9559754
共鸣鸽子,0.9559754
炒鱼,0.9559754
炎日西時,0.9559754
爱喝冰镇绿豆汤,0.9559754
漠上凉,0.9559754
要素集成体,0.9559754
剑灬神灬,0.9559754
俺们控,0.9559754
饿货33,0.9559754
Twinkle霆,0.9559754
晴不欢,0.9559754
六喰,0.9559754
漫游者Kairo,0.9559754
胆小鼠残梦,0.9559754
光武帝劉秀,0.9559754
克拉UwU,0.9559754
入梦bai,0.9559754
请输入文本-1145141919,0.9559754
ZENFE_09,0.9559754
夜礼服假面的红蔷薇,0.9559754
濠江南,0.9559754
蘭陵笑笑聲,0.9559754
_seagulll,0.9559754
柠檬芝士_,0.9559754
伍水硫酸曈,0.9559754
cnzjlaoluan,0.9559754
予七语,0.9559754
伏二金,0.9559754
辞镜_Asuka,0.9559754
_SKH_,0.9559754
大伟囚,0.9559754
老实人秋水,0.9559754
月的-六便士,0.9559754
杨月yang,0.9559754
月弥阶釤,0.9559754
会玩闪光的麦卡利,0.9559754
鳌拜得弟弟熬夜,0.9559754
Zoenash,0.9559754
Zoe7oe,0.9559754
传奇月球守门人,0.9559754
章鱼烧暴L,0.9559754
惣又介,0.9559754
曼珠沙华の彼岸花,0.9559754
被又耽误的电影公司,0.9559754
曲奇如丝,0.9559754
在有风的日子里晾衣服,0.9559754
冰心一弦雪,0.9559754
被消耗掉的6枚硬币,0.9559754
礼亭,0.9559754
佐腾酱,0.9559754
载易杞,0.9559754
superuuunir,0.9559754
独孤东炎,0.9559754
oy源源子,0.9559754
普通老百姓在你家,0.9559754
否视庭,0.9559754
单影-遥呀遥,0.9559754
仪子r,0.9559754
了了把事了了,0.9559754
君之南,0.9559754
郁宁无瓜,0.9559754
魏俞轩,0.9559754
宅家的猫先生,0.9559754
逆梦meow,0.9559754
吃葡萄就_吐葡萄皮,0.9559754
超声刀削面,0.9559754
臻好真的很好,0.9559754
一只数学的狗,0.9559754
哭的火冒三丈,0.9559754
苜制茗,0.9559754
ormoix,0.9559754
可锁水面纸-,0.9559754
美羊珜,0.9559754
神知道怎么想,0.9559754
羽語於愈,0.9559754
nouchiya,0.9559754
江北残刀10,0.9559754
一天叭,0.9559754
神奇--阿呦,0.9559754
nemo_qq,0.9559754
桉子诺,0.9559754
minostar,0.9559754
老手勾大爷邓肯,0.9559754
白泽拓,0.9559754
罹难烬,0.9559754
罗非鱼p,0.9559754
吟游诗人握持,0.9559754
听白TownBoats,0.9559754
哆啦丶小金Jinky,0.9559754
荥星中,0.9559754
ssssyrio,0.9559754
纸窗亮着,0.9559754
sosomoli,0.9559754
solsetur__,0.9559754
梵意琉璃,0.9559754
纷扰趋静,0.9559754
乳酸菌冷泡茶,0.9559754
skr洋葱头,0.9559754
栢丶川,0.9559754
sir扎克斯,0.9559754
记得叶贝妮曾经爱过你,0.9559754
和人kazuto,0.9559754
阳阳最萌,0.9559754
周淺,0.9559754
哈哈哈_会和,0.9559754
这不管那不管的牢B,0.9559754
小恐龙゜,0.9559754
绽放的终点,0.9559754
鱼鱼鱼与羊,0.9559754
系统提示该用户已下线,0.9559754
rucej,0.9559754
梦被光刷白,0.9559754
缅腆猫,0.9559754
吾乃高林也,0.9559754
吴解语,0.9559754
蓝色的赭鳞蘑菇,0.9559754
yg王辰,0.9559754
maggie_szh,0.9559754
木斧锤,0.9559754
葵九歌,0.9559754
喵喵眯眯呜,0.9559754
不狂啦,0.9559754
沫惜亿,0.9559754
某不知名二字蔬菜,0.9559754
喝不了冰啤酒,0.9559754
hatomogi,0.9559754
喵卫阳裔,0.9559754
halo_nk,0.9559754
狐柳黄白灰,0.9559754
法厄同星尘,0.9559754
法厄同的暮暮,0.9559754
喵喵折app旗舰版,0.9559754
路灯的搬运工XD,0.9559754
新时代赛博扎克伯格,0.9559754
荷华千言,0.9559754
白李呀,0.9559754
luwenwuNB,0.9559754
苏筱哲,0.9559754
专业吃瓜群众hhh,0.9559754
四区的尾椎骨,0.9559754
疯狂衡灵,0.9559754
四叶Luckyclover,0.9559754
茶杯里的非鱼,0.9559754
两手-空空-,0.9559754
疏篱淡月寒鸦,0.9559754
茶橘reo,0.9559754
半岛台吹吹风,0.9559754
dc不重启不改名,0.9559754
talonSG-FPV,0.9559754
茶茶stella,0.9559754
生盐诺亚_Official,0.9559754
hinhin的鱼尾纹,0.9559754
不狂人,0.9559754
imksc,0.9559754
无法查询Nber,0.9559754
永远亭的宅女辉夜姬,0.9559754
叫荏苒的鸟,0.9559754
肆意丶梓,0.9559754
石猫四,0.9559754
七乐该睡觉了,0.9559754
汪汪北北,0.9559754
万年沿挂,0.9559754
高松的灯,0.9559754
万念一条鱼,0.9559754
矢速Velctor,0.9559754
lifeline你的生命线,0.9559754
赫白同学,0.9559754
三千万30000000,0.9559754
唱唱反调呢丶,0.9559754
瞧这个,0.9559754
取名字Jay难,0.9559754
上帝遗弃的小山羊,0.9559754
眼里只有蓝色,0.9559754
上衫一卿,0.9559754
kong_yu_jun,0.9559754
下一站缘,0.9559754
眨巴眨巴眼睛真酸涩,0.9559754
去房间整把枪w,0.9559754
有机生命,0.9559754
我好想你呢_,0.9559754
不夜猫貓,0.9559754
啸温风,0.9559754
不想为取啥名字而烦恼,0.9559754
不漾仙10032,0.9559754
音浪时光机,0.9559754
精神大夫,0.9559754
兔子要发疯,0.9559754
AadamBJ,0.9559754
寄人篱下的可怜鱼,0.9559754
待解救老司机,0.9559754
9FdusT,0.9559754
任归玄,0.9559754
戟错啦,0.9559754
马特2016,0.9559754
寒瞳鹤影,0.9559754
良尘景,0.9559754
蓝染白衣,0.9559754
大梦成真,0.9559754
无痕迹影,0.9559754
浣_,0.9559754
纸春时,0.9559754
我尼酱,0.9559754
日匀子,0.9559754
LaPluma987,0.9559754
Alay666,0.9559754
你的鱼小摆,0.9559754
李子炖鱼,0.9559754
施绪无解,0.9559754
方邡埅,0.9559754
Alex-A哥爱溜达,0.9559754
飞影云z,0.9559754
小唐跳,0.9559754
飞天xiu毛驴,0.9559754
武装蟑螂,0.9559754
Kong素问,0.9559754
Kiti_Cedar,0.9559754
逆子打为父,0.9559754
6干锅居,0.9559754
弱弱的小汤汤,0.9559754
那咋了和你有什么关系,0.9559754
慕思集团,0.9559754
昏鸦派JT,0.9559754
1472615672,0.9559754
秋古羽,0.9559754
药粟ys,0.9559754
17th航,0.9559754
181边学习1边,0.9559754
它它汁,0.9559754
1零二六,0.9559754
星陨之约,0.9559754
宇宙交通领航员,0.9559754
微笑掩饰了忧伤,0.9559754
焚风___,0.9559754
RTX1660Ti,0.9559754
寂月星尘,0.9559754
安敖在摆烂,0.9559754
Messi12356,0.9559754
翻斗花园屑老板,0.9559754
macnndcheese,0.9559754
安静的像头驴,0.9559754
始皇大弟,0.9559754
御坂6470,0.9559754
水色理,0.9559754
日夕KagLun,0.9559754
我问尼在肝神磨,0.9559754
6funny6,0.9559754
迷茫的地球人,0.9559754
雾岛u,0.9559754
野粿酸酸酸,0.9559754
新号啊啊啊哇哇哇,0.9559754
转生成核反应堆,0.9559754
DCZDHT,0.9559754
疗愈师小u,0.9559754
阿吉日记,0.9559754
控评有罪,0.9559754
顾景黎,0.9559754
是远大兄,0.9559754
帕鲁狙击手,0.9559754
Coca_Fanta,0.9559754
Floyd_Young,0.9559754
ComEonL,0.9559754
离开以后醒着做梦,0.9559754
师傅菜菜又饿了,0.9559754
非法火柴人,0.9559754
DA1R,0.9559754
DJingxxx,0.9559754
小鼠同学Minimouse,0.9559754
DNA烘焙机,0.9559754
FL-风凌_,0.9559754
lili455,0.9559754
山楂-西红柿-土豆,0.9559754
巨魔苗,0.9559754
Eric是喜哥,0.9559754
抱抱薇妹,0.9559754
岑皮啊,0.9559754
Day_lily,0.9559754
Daylight-567,0.9559754
扶山,0.9559754
葫蘆小C剛,0.9559754
找不到出口的人,0.9559754
Yuuuuuuuji,0.9559754
Glaxy_Rain,0.9559754
第11封来信,0.9559754
I正版受害者I,0.9559754
小小阿宅Erin,0.9559754
马星瞳说,0.9559754
新世代的Fans,0.9559754
臭画画的弗拉恭,0.9559754
Quanziluuuuu_,0.9559754
Andy-西西弗,0.9559754
Jayish,0.9559754
AnselSamson,0.9559754
断发以明志,0.9559754
JJJJJJJJJJJson,0.9559754
小樱花のSakura,0.9559754
卜艾卢-狄克,0.9559754
整点稍麦,0.9559754
Iris白一,0.9559754
Celine不熬夜,0.9559754
林霞夕阳,0.9559754
时过境迁77,0.9559754
小沐de音乐盒,0.9559754
小波961016,0.9559754
A今晚大老虎,0.9559754
巴塞罗那的皮卡都,0.9559754
小科笔肘妈妈,0.9559754
泥嚎比莉,0.9559754
HewsonX,0.9559754
小電龍,0.9559754
小青蛙兮兮,0.9559754
猫猫吼可爱,0.9559754
青芒微_美女蛇小青,0.9559754
愛白虎,0.9559754
邹临,0.9559754
猪郁桢桑,0.9559754
-Liseen-,0.9559754
惟江上清风山间明月,0.9559754
黑夜禁锢,0.9559754
忍月愁,0.9559754
Refrain_it,0.9559754
Sternstunde桉溟,0.9559754
是安好先生,0.9559754
Steven5990,0.9559754
婪隹Benitoite,0.9559754
-小景呀,0.9559754
-天希,0.9559754
Romantic丶鬼刀,0.9559754
重逢别中二了,0.9559754
贰寻-,0.9559754
路人小涵,0.9559754
OvOverlooked,0.9559754
姜ヅ王,0.9559754
黑喵不吃罗非鱼,0.9559754
圆焰不拆不逆,0.9559754
ROCKTIME2024,0.9559754
-BeYourself-,0.9559754
悟-wu,0.9559754
没名字这么搞,0.9559754
晓美焰の老公,0.9559754
奈喜子,0.9559754
-精神丧失-,0.9559754
看那花多美,0.9559754
赵本山本山哈哈,0.9559754
麋失鹿,0.9559754
Sky风华雪月,0.9559754
想一起吹海风,0.9559754
星源2012,0.9559754
雾嘛噜,0.9559754
-桃课去看大明猩-,0.9559754
_兔叽果_,0.9559754
选择子午or弧矢,0.9559754
052NOSORA,0.9559754
SHIFXJ,0.9559754
Oasis09,0.9559754
Safaloers萨法,0.9559754
冰烧冬_,0.9559754
星尚故事汇,0.9559754
想睡大觉嘎嘎乱杀,0.9559754
身堅志殘的小林,0.9559754
10000MHz,0.9559754
NotrealRorschach,0.9559754
0号元素,0.9559754
S-I-C-K,0.9559754
是时候改昵称了_,0.9559754
您的昵称包含低俗内容,0.9559754
鷇,0.9559754
-哲理的山路十八弯-,0.9559754
赽泺熋尒,0.9559754
巴巴塔_w,0.9559754
失眠玖月十八蛋仔,0.9559754
守魂,0.95597535
eldiablo0820,0.95597535
养只香蒲猫,0.95597535
江千尋,0.95597535
半机械蝴蝶k,0.95597535
iridescent2024,0.95597535
帆儿啦儿啊,0.95597535
鸟畜,0.95597535
哎呀我不想取名字,0.95597535
看见小丑直接拉黑,0.95597535
大耗司,0.95597535
向点何,0.95597535
紫月岚,0.95597535
三月莓六月花,0.95597535
努力的小杨322,0.95597535
Noway_t,0.95597535
青苔的晴天,0.95597535
改一个名字要我6个币,0.95597535
一只小INKQWQ,0.95597535
唱骑速食,0.95597535
酷蕉,0.95597535
白胆杯子,0.95597535
海艺的小窝,0.95597535
閃刀姬丶零衣,0.95597535
灵骑思故我在,0.95597535
97有山,0.95597535
任识的陌生人,0.95597535
番茄炒蛋冰淇淋,0.95597535
V7KAcE,0.95597535
急性发钱寒综合征,0.95597535
吃花椒的秃酱,0.95597535
F_eiuu,0.95597535
朱子雀,0.95597535
最初和最后,0.95597535
葡萄尸体,0.95597535
灬暗夜神灬,0.95597535
嘻嘻恩优,0.95597535
比目测丙鱼,0.95597535
丙纯,0.95597535
小鸡内裤。,0.95597535
黎曼可积,0.95597535
很神秘的昵称,0.95597535
柊丶Heeragy,0.95597535
职业躺平懒羊羊,0.95597535
蓝莓味の小蛋糕,0.95597535
八部HCJPSM,0.95597535
佛系雨莹,0.95597535
水野幽香,0.95597535
wE1xUqU,0.95597535
穷神小克说劲啊,0.95597535
白秋鸽-_-,0.95597535
怪奇界,0.95597535
许晚睡,0.95597535
五代进之介,0.95597535
中二kg,0.95597535
长峰嗑技,0.95597535
纯情火辣清道夫,0.95597535
橘枳jessie,0.95597535
云溪不云惜,0.95597535
识货App,0.95597535
晚夜溢晚,0.95597535
齐市安格斯雪花牛肉,0.95597535
HCN氢氰,0.95597535
JimsDesign,0.95597535
情迷加勒比233,0.95597535
御秦枫,0.95597535
橙子是魔王,0.95597535
病弱吐血总司酱,0.95597535
三三の九です,0.95597535
彼时的碎月,0.95597535
P_LS,0.95597535
希彼基,0.95597535
夏亚的飞毛腿,0.95597535
阿祖卡布珈德,0.95597535
逆天改命乌鸦陈天雄,0.95597535
纪风笑,0.95597535
阿冉的N次方,0.95597535
半串钵钵鸡,0.9559619
东方逸夜,0.9559603
静梧楌,0.9559603
听张xz,0.9559586
yh_24,0.955949
没错你真的卡了,0.95590764
一般通过利伯塔里安,0.95590764
我鄂鄂,0.95590764
江边马子,0.95590764
我问问撒手,0.95590764
恰逢小雪绵绵,0.95590764
我负责膨胀你负责收缩,0.95590764
没走油的走油肉丶,0.95590764
江湖憨包,0.95590764
我要巫妖王药丸,0.95590764
江海涛的江清漓,0.95590764
泉泉-niki,0.95590764
我的吹笛者,0.95590764
我的板QAQ,0.95590764
法浅寒,0.95590764
我的闲暇小憩,0.95590764
永恒的近视眼,0.95590764
法棍勇者手游废人,0.95590764
我约等于人,0.95590764
我练瑜伽自己吸,0.95590764
永恒轮回转寿司,0.95590764
十一躺好,0.95590764
汀羽在听雨,0.95590764
法师必须死,0.95590764
汉堡包emn,0.95590764
我要去只有萝莉的世界,0.95590764
汝羌,0.95590764
我要这么大脸有何用,0.95590764
我觉得杨桃,0.95590764
江韵宋瞳,0.95590764
战意电竞丶红中,0.95590764
O猫腻了鱼,0.95590764
沉着冷静咪,0.95590764
没有好看头像,0.95590764
没尝过社会的险恶,0.95590764
沃部诗人,0.95590764
戚爱,0.95590764
沈朝溪,0.95590764
没完没了不改了,0.95590764
沞苜,0.95590764
房里有好康的Kon-,0.95590764
所谓烟雨之类,0.95590764
漾无航空B9742,0.95590764
漫步晴雨中,0.95590764
沙雕动画完结,0.95590764
沙雕二氧化硅,0.95590764
手机野人,0.95590764
SSS青,0.95590764
悄悄亲清清,0.95590764
大梦想家小飞,0.95590764
手头西瓜,0.95590764
沐雨知空音,0.95590764
沉穆乌云-十六月圆,0.95590764
扌览辰,0.95590764
才不会偷吃芒果,0.95590764
战神之王帝皇,0.95590764
战神dream,0.95590764
扫你爸爸的头,0.95590764
悠妍晓琳,0.95590764
池中子,0.95590764
没泡芙我会死的,0.95590764
沐轩璇,0.95590764
战意电竞黑幻法爷,0.95590764
汪淼队长,0.95590764
沁颉,0.95590764
恶鬼小诺,0.95590764
潘引壶的熊窝,0.95590764
潇潇努力干,0.95590764
没有道德的燕麦片,0.95590764
打酱油的丁,0.95590764
漾漾爱吃西瓜,0.95590764
打L的都是魔鬼,0.95590764
没有胖次的牛战士,0.95590764
扑朔呀,0.95590764
没有美感的设计师,0.95590764
才醒的,0.95590764
沙漠二狗子,0.95590764
渡重洋,0.95590764
您巳急哭,0.95590764
我先占个id,0.95590764
千屿白川,0.95590764
AF23986,0.95590764
渲染流年似水,0.95590764
消费者热线,0.95590764
海野雲,0.95590764
想念有雪的地方,0.95590764
我予满穗,0.95590764
游戏F蛇,0.95590764
游戏机制挺怪,0.95590764
海东青泽,0.95590764
游淑女,0.95590764
游韧攻略,0.95590764
想吃烤肉TT,0.95590764
想去北极的企鹅_,0.95590764
以诺克之风,0.95590764
我刚刚改了个名,0.95590764
我可能是一只土豆,0.95590764
浮尘寄雪,0.95590764
我听着呢小基米,0.95590764
浩松陈,0.95590764
想到再来告诉你,0.95590764
一拳哥哥,0.95590764
源于朝露,0.95590764
源宇宙3,0.95590764
源游梦,0.95590764
浦田纯子,0.95590764
浅梣chen_,0.95590764
流萤尺间,0.95590764
涛昇pa,0.95590764
涤尘畅饮HCLO,0.95590764
泡物线,0.95590764
深蓝车友红茶,0.95590764
感谢地心引力,0.95590764
渔夫移山,0.95590764
清风归客725,0.95590764
皓月明空星辰大海,0.95590764
清蒸盐鱼,0.95590764
愁草瘞花銘,0.95590764
清玄叶一,0.95590764
清晨van游戏,0.95590764
清丫呀,0.95590764
慕斯喲,0.95590764
温柔姐姐恩雅,0.95590764
慕溶雨淅,0.95590764
Szaskaite,0.95590764
憨来书枉,0.95590764
蔻蔻爱美丽,0.95590764
Akuei,0.95590764
成绩单又丢了,0.95590764
想改名_,0.95590764
温特尔森,0.95590764
深蒼Arc,0.95590764
我_要_放_假,0.95590764
温良的嬷嬷123,0.95590764
我一定会懒得更地,0.95590764
想想可莉怎么炸鱼,0.95590764
深海海草,0.95590764
深海利剑八一,0.95590764
深夜种花的二哥,0.95590764
涼城以南,0.95590764
流星宇之夜,0.95590764
流心苏酥,0.95590764
我喜欢煎蛋Juan,0.95590764
漂弗不定,0.95590764
一个洛杉矶老司机,0.95590764
我是初小晨,0.95590764
我是咬央,0.95590764
滴哒滴辣,0.95590764
洛剑卡子,0.95590764
我是我觉得最好看的人,0.95590764
我是挽星a,0.95590764
我是果冻啊怎么了,0.95590764
滹沱河c,0.95590764
我是無名小卒,0.95590764
滿身泥濘,0.95590764
我是瘸子别踹我腿了,0.95590764
您的云空间已满,0.95590764
洌風,0.95590764
流年衫,0.95590764
我是神人吗-,0.95590764
我是菜鸟-想寄就剂,0.95590764
洋葱萝卜一生之敌,0.95590764
我来看鬼畜的无聊,0.95590764
我没有名字-_,0.95590764
漠倾baaaaa,0.95590764
泽然Zn,0.95590764
泼出去的儿纸嫁出去的水,0.95590764
泪桥雨落下,0.95590764
泥煤的昵称,0.95590764
波妞波弟,0.95590764
波奇酱-Bocchi,0.95590764
您有事吗2018,0.95590764
我是一颗B站用户,0.95590764
洛泪溟,0.95590764
悲伤忧郁马铃薯,0.95590764
满脑子可爱的Sherry,0.95590764
我在死海漂泊两千年,0.95590764
扶老太太闯红灯----,0.95590764
溪南亭,0.95590764
我好q1,0.95590764
是条滑光仔,0.95590764
我已不在梦也成空,0.95590764
溪荷竹汐,0.95590764
我很简单23,0.95590764
潜水羊羊,0.95590764
活在梦里的橙汐,0.95590764
我才起床_,0.95590764
我星廾,0.95590764
想依,0.95590764
溯光丶,0.95590764
Badwoman-空眠,0.95590764
活体鲤鱼王,0.95590764
洞九幺九,0.95590764
满分试卷加油_学习,0.95590764
洛雪璃灬,0.95590764
洛阳之夕,0.95590764
满山桃桃,0.95590764
惜惜煜,0.95590764
洛洛雨笙,0.95590764
我是52饼干的狗,0.95590764
悲傷の魚,0.95590764
我是䨻,0.95590764
悲伤的畸形香蕉,0.95590764
千树怜w_w,0.95590764
晨思夜_00,0.95590764
把王杰希拐回家,0.95590764
来点猫毛吗,0.95590764
子非涵菲子,0.95590764
李晴天win,0.95590764
李知恩哎呦好美,0.95590764
明日香未官宣男友,0.95590764
昂joy,0.95590764
杜小慷_com,0.95590764
杞正海,0.95590764
東門702,0.95590764
李总同学-,0.95590764
旺汪旺碎冰冰,0.95590764
松本奈奈美,0.95590764
旺旺奥利给,0.95590764
时间冰雪a,0.95590764
时的中,0.95590764
时已过境迁,0.95590764
时光海里的重症患者,0.95590764
明明如楽,0.95590764
李大犬,0.95590764
极客湾Geekelwan,0.95590764
星之役,0.95590764
本大爷不想取名字,0.95590764
本心影视,0.95590764
本昵称需要消耗硬币,0.95590764
朴基熊丶//////,0.95590764
机智的沙翎yu,0.95590764
星如雨-_,0.95590764
星冬青,0.95590764
机智詹詹,0.95590764
李君渡,0.95590764
昔年酱阿,0.95590764
杀老师bulibuli,0.95590764
杂烩煎鱼,0.95590764
易铵盐,0.95590764
易散,0.95590764
李不李猫啊,0.95590764
李光洙李先彬,0.95590764
时光旅行者-114514,0.95590764
极限上行,0.95590764
末酱不是酱,0.95590764
柑橘羅勒,0.95590764
某不知名散修S,0.95590764
某个小花,0.95590764
某人的门,0.95590764
某可爱的梦酱,0.95590764
海恩文森特戴尔,0.95590764
某科学的DeathNote,0.95590764
无聊就睡觉333,0.95590764
柒喜Q1,0.95590764
某M先生,0.95590764
柔情小涩狼,0.95590764
柚子胡椒磨成粉,0.95590764
柠檬茶先森,0.95590764
查无此猪咪网友,0.95590764
NH会长,0.95590764
柯博文马格斯,0.95590764
柯昶枫27,0.95590764
loveJY飘渺,0.95590764
枫叶Zing,0.95590764
枕鸯丞,0.95590764
旧事重提y,0.95590764
林子Kily,0.95590764
林尘歌深,0.95590764
时久觉,0.95590764
早点柿做,0.95590764
林籽linz,0.95590764
林野有余粮,0.95590764
林雨萱-SNL,0.95590764
果goo,0.95590764
枣巳波,0.95590764
果粒澄ovo,0.95590764
果酱喵Mia,0.95590764
枝菌格格,0.95590764
日常_____,0.95590764
日出可是不等人的kkk,0.95590764
word富勤,0.95590764
无语的蛤蟆,0.95590764
星星月亮的搬运工,0.95590764
末始铃摇,0.95590764
把玫瑰叫成你的名字,0.95590764
是红中啊,0.95590764
昵称没有饭香,0.95590764
打车斯巴鲁,0.95590764
昵称昵称昵称咪咪,0.95590764
瓶瓶的CX330航行日记,0.95590764
昵称已被占用45823,0.95590764
是雨落樱本人,0.95590764
曹静淇,0.95590764
是澪不是零啦,0.95590764
Singularity-24,0.95590764
最爱妮子兔,0.95590764
最美不过小白时,0.95590764
是日星TodayStar,0.95590764
花镇骄,0.95590764
月岛arl逗号,0.95590764
是小结丫,0.95590764
月月兔牌口香糖,0.95590764
乌啦啦吧啦,0.95590764
昼空之夜,0.95590764
是太极而不是太急,0.95590764
晚枫Jay,0.95590764
晚雲暮,0.95590764
晚点听网易云,0.95590764
普通的黄头发妹妹,0.95590764
晴乄箜,0.95590764
晴天Komorebi,0.95590764
晴天上午,0.95590764
晴空四叶草,0.95590764
暖小语,0.95590764
昼雨_Dayrain,0.95590764
暗风游行穗,0.95590764
晓炙晨曦,0.95590764
暴走的EK,0.95590764
晓晓巫巫,0.95590764
艺天Showz,0.95590764
晏子羽,0.95590764
嘎巴菜米茶热干面,0.95590764
靖安司都尉中郎将,0.95590764
月雨小号,0.95590764
未见青山的居士,0.95590764
木琴不是木头,0.95590764
木心木杮,0.95590764
木春青,0.95590764
木有名纸QAQ,0.95590764
木木夜丶,0.95590764
星海plus,0.95590764
木王大子,0.95590764
星核律者,0.95590764
星柒幺幺哒,0.95590764
木同言,0.95590764
木辛子16,0.95590764
未名DotNEF,0.95590764
未命名勇士,0.95590764
星期八逃离地球,0.95590764
未知实验体417号,0.95590764
星月观云,0.95590764
未知银,0.95590764
星赫逍遥,0.95590764
期刊9,0.95590764
有上进心的一只山竹,0.95590764
春江水暖鲤先知,0.95590764
是只羊咪,0.95590764
十里春风十里送,0.95590764
昭の杂货铺,0.95590764
有画要说的Lindy,0.95590764
春秋六霸王一公,0.95590764
有真心會掉眼淚丶,0.95590764
春生夏长空心菜,0.95590764
有股媚劲,0.95590764
星野已死,0.95590764
有那么一丶意思,0.95590764
朔望月的回眸,0.95590764
望惜夕,0.95590764
朝南墨,0.95590764
春困丶夏乏,0.95590764
朝哥家小朋友在线刷题,0.95590764
星降る夜の星野,0.95590764
柳_梦璃,0.95590764
柳之之枝,0.95590764
柳如墨,0.95590764
正仝口,0.95590764
欢言乐,0.95590764
正一丶张之维,0.95590764
接yrh超绝事业运,0.95590764
正义de蓝白,0.95590764
正义的怒吼,0.95590764
据说没有bug,0.95590764
换方位的岱泽,0.95590764
正是江南好风景Q,0.95590764
仗助老师,0.95590764
正版白如苏,0.95590764
正经的冷淡,0.95590764
此地无休三百斤,0.95590764
捂猩上酱,0.95590764
步川羽衣,0.95590764
挥手道别思君,0.95590764
拿皇与法兰西,0.95590764
普通的魔王,0.95590764
欠揍の仓鼠,0.95590764
武帝指点十万军,0.95590764
樹石桑,0.95590764
榝噠,0.95590764
摇铃衬,0.95590764
樂峖,0.95590764
CarterstayTuned,0.95590764
摇摇又滚滚,0.95590764
樱庭未晴,0.95590764
樱落风语,0.95590764
橘味龙猫王,0.95590764
橡皮战服,0.95590764
橘子汽水欧尼,0.95590764
橘子猫不是猫,0.95590764
摆烂之水,0.95590764
橘荷白菓,0.95590764
橙子OAG,0.95590764
搪瓷starry,0.95590764
搖滾弦,0.95590764
武帝万岁,0.95590764
武林萌主14,0.95590764
撑伞共此时,0.95590764
抱走枫妹,0.95590764
水爅梧桐,0.95590764
拉-乌,0.95590764
水花sunshine,0.95590764
水遁-雾隐之术,0.95590764
水里没有猫哇,0.95590764
抵达了他忠实的B站,0.95590764
水镜影,0.95590764
水默cp最无敌,0.95590764
水木清华-Jerry,0.95590764
氵比冫淡,0.95590764
永世爱雷姆,0.95590764
永恒痕星,0.95590764
Jioautumn_,0.95590764
披萨小圆子,0.95590764
护一只知更鸟,0.95590764
夏日腥,0.95590764
水無月梨花,0.95590764
水星鱼suiseifish,0.95590764
歪比巴布不是歪比巴卜,0.95590764
每天长高半厘米,0.95590764
拥有惊世智慧的钟表头,0.95590764
残心love,0.95590764
残翼祭,0.95590764
拔罐男模の甜美爱情,0.95590764
残荷败竹,0.95590764
殪遙,0.95590764
殺風景,0.95590764
比企谷八番队,0.95590764
拒绝周董三次,0.95590764
拔剑问心95,0.95590764
氨百LJ-,0.95590764
拓海-ovo,0.95590764
氪两块钱的肝帝,0.95590764
水g-,0.95590764
水也SkyPond,0.95590764
水华月彩,0.95590764
楽空,0.95590764
乌鱼蒸虾头_,0.95590764
摔东西的小老鼠,0.95590764
新世界与你,0.95590764
桂哥梦想笑了,0.95590764
新宇不太菜,0.95590764
桐酒てつあき,0.95590764
亿个麻袋,0.95590764
桑尼老师丶,0.95590764
桔子的各种日常,0.95590764
桔羽糖,0.95590764
桔酱白斩鸡,0.95590764
新风秋月,0.95590764
梅狸猫教头,0.95590764
斯神小七,0.95590764
番薯祖宗,0.95590764
斯教快扣他们分,0.95590764
断线_丶,0.95590764
斑马鱼的星期六,0.95590764
斑马亦未见,0.95590764
格格明天更美好,0.95590764
方案公布,0.95590764
楼上的你好,0.95590764
无处不在的morse,0.95590764
柴七小高,0.95590764
树懒懒得出奇,0.95590764
无根水呀,0.95590764
无朋workdead,0.95590764
树霖Zeyne,0.95590764
无敌真寂寞9900,0.95590764
栖栖www,0.95590764
无名祗,0.95590764
旅途小呆,0.95590764
无事小神仙Flyflyyyy,0.95590764
漫无为,0.95590764
无为的mr,0.95590764
栗悟饭和龟波功-tina,0.95590764
无且无与无,0.95590764
栗酱子喵,0.95590764
旋转妙脆角,0.95590764
文西答文西,0.95590764
文箜,0.95590764
文文不玩了,0.95590764
棠梨泫,0.95590764
梦里美子,0.95590764
撒野O_o,0.95590764
梨子正在输入,0.95590764
摸鱼摸鱼-w-,0.95590764
棂鉴漴,0.95590764
棍母棍父一家亲,0.95590764
棒金银,0.95590764
森森系sen,0.95590764
梓米葉,0.95590764
森贵人,0.95590764
摸鱼D,0.95590764
摞纸盒,0.95590764
库库乱造,0.95590764
棱鲤,0.95590764
椰子糕314,0.95590764
楚国有瑜,0.95590764
梦里美好的理想,0.95590764
撕辰,0.95590764
擎苍挽弓,0.95590764
改个昵称真的好烦啊,0.95590764
梚绘洢夭夭,0.95590764
梦糖LoWH,0.95590764
散装达闻西,0.95590764
散步不需要伴侣,0.95590764
梦见云逸,0.95590764
散华··礼弥,0.95590764
故零十一,0.95590764
梦见紫棋出专辑,0.95590764
故李云卷云舒,0.95590764
故-我,0.95590764
改头换面天选之人,0.95590764
改咕,0.95590764
改名要花六个bi,0.95590764
诸葛大捷豹,0.95590764
梦过程记录,0.95590764
欠揍调音师,0.95590764
----Ezreal----,0.95590764
小小冰块奶油,0.95590764
这个世界贼傲娇,0.95590764
辛普_祯,0.95590764
辞旧先生-,0.95590764
辰CXN,0.95590764
辰子昂-BG4MAX,0.95590764
辰星SAMA桑,0.95590764
辰睡时刻ASMR,0.95590764
近余菌,0.95590764
还在抽传统香烟,0.95590764
还是打不出字,0.95590764
这一炮以示主权,0.95590764
这个人很能活,0.95590764
乔瑟ジョゼ,0.95590764
这个杀手是只羊,0.95590764
这是一个好good的名字,0.95590764
这是何物哇,0.95590764
这沙U子呀,0.95590764
这白很云_云白,0.95590764
这里是麒麟啦,0.95590764
进击の技术宅,0.95590764
连吃五碗米饭,0.95590764
连山黛_Eleven,0.95590764
述麓,0.95590764
辛弃疾_yyds,0.95590764
轻软的有关系,0.95590764
软糖好吃吗讨厌世界版,0.95590764
转角巷子里的猫,0.95590764
超大号的柠檬,0.95590764
超文艺技术宅,0.95590764
超无限Superstorm,0.95590764
超爱鸡丝凉面,0.95590764
超级人参哟,0.95590764
超级芒小果,0.95590764
超级馅饼大盗,0.95590764
超级鹅鹅花,0.95590764
超超超要努力吖,0.95590764
超高校级的茶理,0.95590764
越予歌,0.95590764
越供但共,0.95590764
跛浪,0.95590764
路任甲甲甲,0.95590764
路痴嘟嘟鱼,0.95590764
路西法ym,0.95590764
路飞双修的游戏佬,0.95590764
蹦齐恰卡,0.95590764
躺平-柠檬,0.95590764
躺平猫猫吖,0.95590764
转接线1226,0.95590764
迷之歌,0.95590764
九时烛,0.95590764
钛白涂,0.95590764
重拾_星光,0.95590764
郲LAI,0.95590764
酒場レーダー,0.95590764
酒茱萸醉酒,0.95590764
酥酥TAN,0.95590764
M3rcuryzz,0.95590764
酷吗酱,0.95590764
醉仙乄肝爆,0.95590764
醉里挑灯做梦,0.95590764
釅Y,0.95590764
采菊不成采了个滚木,0.95590764
孤独丶吃喝玩乐,0.95590764
日暮奔赴,0.95590764
野靍,0.95590764
bl_box,0.95590764
一只谷人-Guren,0.95590764
夜鹿的不解之谜,0.95590764
金越茬冶,0.95590764
金開閉羅巧夢,0.95590764
金鱼rrr,0.95590764
銀河鉄道の企鹅,0.95590764
銄钖呀,0.95590764
鎏謃獄,0.95590764
郭郭1012,0.95590764
飘子和阿飘不认识,0.95590764
郭zt,0.95590764
郑茶色,0.95590764
迷人的骨折眉毛,0.95590764
迷茫的寻路者,0.95590764
追忆黄昏,0.95590764
追梦少年张三,0.95590764
逆光丶追影,0.95590764
逆风的散羽,0.95590764
逍遥一朵小毒花,0.95590764
逍遥风ShiaoYao,0.95590764
進撃のJAVA,0.95590764
逸云隐鹤,0.95590764
遇事不决_君子不救,0.95590764
邀祈百千年之约,0.95590764
那就这样吧人类,0.95590764
就叫小蛐蛐,0.95590764
那是我的铜锣烧,0.95590764
那边那个星星酱,0.95590764
木对啃,0.95590764
邵九璃,0.95590764
郁郁林中树丶,0.95590764
郁闷的豌豆,0.95590764
郑小桁想升6级号,0.95590764
起个名字也太难啦,0.95590764
赵小泉儿,0.95590764
走召走召走戉走戉,0.95590764
螃螃是杯不呐呐,0.95590764
虚界锚,0.95590764
虚空番茄,0.95590764
虫枼丶,0.95590764
蚂蚁遛个弯,0.95590764
蚌埠代言人,0.95590764
蛙野仙人,0.95590764
蛤蟆先生抑郁了,0.95590764
蜜栗团,0.95590764
蜜梨啵,0.95590764
蜥蜴是内个,0.95590764
螺瓷姑,0.95590764
赛鸽不是电动车,0.95590764
行破,0.95590764
衰气的船只,0.95590764
搞机推荐官,0.95590764
被坑弟弄出悲催情怀,0.95590764
被空气绊倒,0.95590764
装修小思妹,0.95590764
栀无限,0.95590764
褡包Q,0.95590764
西伯利亚哒仓鼠,0.95590764
西条七海遠花火,0.95590764
虔洄,0.95590764
不见星空不回家,0.95590764
藕丙不是Orange,0.95590764
藍海獭,0.95590764
蓝颜_知已,0.95590764
ZEX泽曦,0.95590764
蓝鹰小旋,0.95590764
蓦然如风,0.95590764
蓬松女士,0.95590764
蔚过留痕,0.95590764
蔻德n,0.95590764
蕴漾,0.95590764
蕾姆-22,0.95590764
薄荷薄荷要开花,0.95590764
薇儿Tracy,0.95590764
深渊教教主,0.95590764
薇薇安-薇薇安,0.95590764
薛佑蛋,0.95590764
mendr,0.95590764
薛定谔与阿猫阿狗,0.95590764
御前带指甲刀侍卫,0.95590764
薛定谔的萱,0.95590764
薜饵小狐狸,0.95590764
薯条工作站,0.95590764
薯片味的彩虹,0.95590764
西瓜奶酪棒冰,0.95590764
西瓜瓜g丶,0.95590764
西红奇柿,0.95590764
说来说去是童话,0.95590764
请叫我蓝神-,0.95590764
请点击输入文字和文本,0.95590764
请督促我变成学习大咖,0.95590764
诺诺想吃掉,0.95590764
读着倒要字名123,0.95590764
月光尼龙,0.95590764
谁枫,0.95590764
谷祇,0.95590764
豆本豆豆糕_,0.95590764
卡卡贞,0.95590764
豆豆栀子,0.95590764
贝拉的晃悠悠,0.95590764
账号2389168,0.95590764
贰仇,0.95590764
贰次类人元,0.95590764
贰陆难取名,0.95590764
贺虞yuu,0.95590764
贾斯汀jjj,0.95590764
赎罪漫馆,0.95590764
赛克斯比克_Saxbik,0.95590764
赛博报丧人,0.95590764
请原地结婚__,0.95590764
说好的幸福哈,0.95590764
西西huuu,0.95590764
下北沢の大天使ちゃん,0.95590764
清朝第一机枪手,0.95590764
西郭浩然,0.95590764
要十字的名字才能过吗,0.95590764
要搬砖吗一元一块,0.95590764
覃诗00,0.95590764
觉觉觉觉觉晓,0.95590764
觉醒之石,0.95590764
角逗斯,0.95590764
解压主理人,0.95590764
言浔还在,0.95590764
言灵枫滞,0.95590764
記憶丶永葆童心,0.95590764
訫梦ing,0.95590764
誰よりきっと,0.95590764
计算叽,0.95590764
让人喜的小熊,0.95590764
让我猜猜康,0.95590764
记住这棵树,0.95590764
记得多喝水___,0.95590764
记忆的碎片96,0.95590764
诗酒XD,0.95590764
钇钠呀,0.95590764
钟二病ng,0.95590764
蓝莓山药要尿尿,0.95590764
马子孤单单,0.95590764
飞舞鲤鱼王,0.95590764
MommmXY,0.95590764
飞船脏脏,0.95590764
飞花泪痕,0.95590764
飯糰貓咯,0.95590764
饕餮小龙虾,0.95590764
饭大团团团,0.95590764
饭平安,0.95590764
饿啦就吃肉,0.95590764
香辣-牛油果_,0.95590764
马小战,0.95590764
织羽姬,0.95590764
马罕默德,0.95590764
马达怪侠,0.95590764
马首富B站拉票员,0.95590764
驰名的帅章鱼,0.95590764
骑士打,0.95590764
骰子大乱斗,0.95590764
歪儿一,0.95590764
高贵的土嗨,0.95590764
高风险玩家,0.95590764
魅族科技官方旗舰店,0.95590764
飘在太空中的风信子,0.95590764
风韵犹存的三婚宝妈,0.95590764
风起亦见我,0.95590764
风正天,0.95590764
青橙-C,0.95590764
青空の小雲,0.95590764
一颗星的夜゛,0.95590764
青絮咩咩,0.95590764
青葉蘋果,0.95590764
青鲤戏石,0.95590764
青龙岁暮,0.95590764
静静、的雪,0.95590764
面条爱喝AD钙,0.95590764
韦泠峰,0.95590764
音乐剧小白,0.95590764
顶级独角兽,0.95590764
顶级老婆厨,0.95590764
预制壬,0.95590764
颜控的王道,0.95590764
颜星糖,0.95590764
颠疯召唤石,0.95590764
风吹海空,0.95590764
魚鱼渔虞榆,0.95590764
风好大的雨QAQ,0.95590764
风托起一片树叶,0.95590764
魔术师的自画像,0.95590764
魔法Gigi,0.95590764
钢纲寄灵电影L_鋒-27,0.95590764
黑绘澪,0.95590764
麻蛋起个名字还要试半天,0.95590764
麻酱鸡架,0.95590764
麻麻木马嘛,0.95590764
黎明后的白昼,0.95590764
黑塔塔别刮啦,0.95590764
黑岩JIN,0.95590764
黑川茜就是我的爱,0.95590764
黑白支配者,0.95590764
黑白猫诶,0.95590764
黑篙,0.95590764
黑芝麻蛋黄酱,0.95590764
魔物小囧,0.95590764
黑虎18,0.95590764
黑蛋炒饭,0.95590764
黑鳶,0.95590764
鼠linta鸽鸽,0.95590764
鼹鼠会挖洞,0.95590764
鼻梁勇者,0.95590764
龍檀L,0.95590764
龍鬿鬼,0.95590764
龘齾亹齉邉鬮麤櫜,0.95590764
龙抬钰鼍,0.95590764
麻烦让我去study,0.95590764
麦小鼠日记,0.95590764
麦克的贴身高手,0.95590764
鹿柯爱米fltq,0.95590764
鱼学长啊,0.95590764
鱼尾鳍轻微晕,0.95590764
鱼森-,0.95590764
鱼渔魚鱼渔魚,0.95590764
浅忆空野,0.95590764
鱼糜Yomi,0.95590764
鱼鱼凌凌子,0.95590764
鲍灵均,0.95590764
鲨鲨鲨什么,0.95590764
鲸也会搁浅,0.95590764
鲸惊景静经,0.95590764
鳄鱼会出现,0.95590764
鳐-Yao,0.95590764
鳙鳙鱼_,0.95590764
鸭梨柿多的,0.95590764
鸽神死体,0.95590764
鹅鹅鹅T0T,0.95590764
鹤04,0.95590764
鹤媆,0.95590764
鹰头猫lll,0.95590764
鹿克夏大结巴,0.95590764
青梦古灵,0.95590764
青岚之后-,0.95590764
虾子笼子,0.95590764
阿址今天唱歌了吗,0.95590764
问问号号号号号,0.95590764
闲逛的卤蛋,0.95590764
闻人雾尘,0.95590764
阐述N的梦,0.95590764
防控眼镜,0.95590764
阳陈林,0.95590764
阿勒个基米德,0.95590764
阿南6997,0.95590764
阿吧啦吧波叭,0.95590764
阿呆是我的,0.95590764
阿堃堃堃堃堃,0.95590764
青丝暮snow,0.95590764
阿拉斯加牛蛆,0.95590764
阿政114514,0.95590764
阿斑TTT,0.95590764
阿柳不六,0.95590764
阿浑_Moon,0.95590764
路过の沢田纲吉,0.95590764
阿火丁,0.95590764
阿烟炒鸡帅,0.95590764
阿狄亚塔尔蔬果商,0.95590764
阿琪_-_,0.95590764
问酉,0.95590764
羽次郎奥特曼,0.95590764
问思_,0.95590764
闪光彰人姐,0.95590764
钱树小画家,0.95590764
铁达尼号的时候,0.95590764
铁锅逇大迗,0.95590764
铃可Link,0.95590764
铭仔来也,0.95590764
银河霓虹,0.95590764
锁弱点是gay,0.95590764
忽晚yc,0.95590764
锄禾2399,0.95590764
AdY一天,0.95590764
键盘侠是砖家吗,0.95590764
镹歧,0.95590764
长日浮世,0.95590764
长木椅下有只猫,0.95590764
azhehe_米泽,0.95590764
长河清-辽海阔,0.95590764
跬志,0.95590764
长满青苔的木头,0.95590764
长白山楂花,0.95590764
长飞不度,0.95590764
门夹过的核桃吃了脑子还好吗,0.95590764
彬彬有礼的宾宾,0.95590764
阿瓦隆啃麻瓜,0.95590764
阿秋不想打喷嚏,0.95590764
雪上奏,0.95590764
雪天的绿森林,0.95590764
雪染红装,0.95590764
风沙温存,0.95590764
雪花cbb,0.95590764
雪花冰寒,0.95590764
雪野风铃奈,0.95590764
雪霁梦疏香,0.95590764
雪颜梦妖狐,0.95590764
深渊星晨happy,0.95590764
零上低温_,0.95590764
零戚幺,0.95590764
雷伊纳Riena,0.95590764
球球的大可爱,0.95590764
雷伊队长,0.95590764
雷欧力欧力,0.95590764
雾切苗木,0.95590764
雾晚柒,0.95590764
需同步学同步,0.95590764
霖渊4926,0.95590764
青一呢,0.95590764
青与知更鸟,0.95590764
雪中寒客falling,0.95590764
雪ノ下yukino1,0.95590764
阿莱说哈皮是英语天才,0.95590764
雨辰QAQ,0.95590764
阿蝎罗,0.95590764
阿酋RC,0.95590764
阿酶米娅,0.95590764
陈小二-_-6,0.95590764
陌星沉潇,0.95590764
陌生小狗,0.95590764
限量版惠面,0.95590764
院长啪啪,0.95590764
除妖师珊瑚,0.95590764
陽树咩,0.95590764
随缘梦羽,0.95590764
随风入墨,0.95590764
隐绅状态,0.95590764
隐身窃零食,0.95590764
雨天好读书,0.95590764
雨滴iii,0.95590764
雨笙ivi,0.95590764
雨色蔓延,0.95590764
雨萤moonlight,0.95590764
雨落ノ,0.95590764
雨落长安夜l,0.95590764
蓝阳仔,0.95590764
蓝色林木,0.95590764
层层awa,0.95590764
白嫖怪2025,0.95590764
番茄CrystalVibes,0.95590764
疏影流金,0.95590764
疯子1040,0.95590764
疯狂的阿孜猫,0.95590764
針不綽,0.95590764
瘦月疲夜,0.95590764
癫猫Crazy_Cat,0.95590764
白予诗-,0.95590764
白云飘的好敷衍,0.95590764
白哔哩,0.95590764
白开水号河,0.95590764
白蒲水烧,0.95590764
白弓米弓粥粥,0.95590764
白泽冰bling,0.95590764
白琳bailin白,0.95590764
白白大闹小卖部,0.95590764
白白白白盖,0.95590764
白白蒙,0.95590764
白百心百灵,0.95590764
白米东,0.95590764
白羊YHCC,0.95590764
白色天空之下,0.95590764
略略略哎呀好气啊,0.95590764
略略略-547,0.95590764
画心还,0.95590764
申承焱,0.95590764
珊珊chily,0.95590764
珍珠翡翠白钰粥,0.95590764
理想是成为上帝,0.95590764
喵彑菌,0.95590764
琉璃若梦丶,0.95590764
琥珀炸鸡啊,0.95590764
琳奥森,0.95590764
琴心灬霓裳舞,0.95590764
瑪奇瑪灬,0.95590764
璃奈板板rin,0.95590764
一位注定成王的骑士,0.95590764
璎泠,0.95590764
瓏一,0.95590764
瓦尔登湖水怪,0.95590764
瓷砖电视,0.95590764
海镜尧,0.95590764
甜君大人,0.95590764
甜梦风breeze,0.95590764
生冰的冰人,0.95590764
田所浩-1919810,0.95590764
由纪Yukisnow,0.95590764
白芷江淮竹,0.95590764
白虎山居士,0.95590764
神级HC,0.95590764
祈鸢Iris,0.95590764
石头见到-布,0.95590764
碰壁碎冰当啷响,0.95590764
碳二氢六氧,0.95590764
碳化硅猫silicon,0.95590764
礼声闻未艾,0.95590764
社恐人永不言败,0.95590764
社椒牛柳,0.95590764
祁䌾,0.95590764
祈司喵,0.95590764
祈愿_KL_,0.95590764
恭迎小滢殿下,0.95590764
白衣渡江丿,0.95590764
祝水秋叶,0.95590764
神仙马老六,0.95590764
神圣小黑猫,0.95590764
看到学习请叫学习去我,0.95590764
神奇小猪搞笑集,0.95590764
神奇的小H,0.95590764
神棍喵大师,0.95590764
神様かみぃさま,0.95590764
神秘的旅行者O_o,0.95590764
神秘眼镜猫头鹰,0.95590764
短尾鹊,0.95590764
知秋繁星,0.95590764
知名TACOS鉴赏家,0.95590764
瞎学的疏忽,0.95590764
百变的男桑,0.95590764
皆有各自的月亮,0.95590764
皮皮的油豆泡,0.95590764
盐水发生,0.95590764
盟钴上单,0.95590764
直升机器,0.95590764
相信光y,0.95590764
平凡friend,0.95590764
相嬗于无尽,0.95590764
相隔距离是次元,0.95590764
看到我名字的欧气满满,0.95590764
看起来有猫病,0.95590764
真主three,0.95590764
真理与酱油号,0.95590764
眠雾_乐,0.95590764
眷霜天,0.95590764
眼睛不太舒服,0.95590764
睎光,0.95590764
睡不醒的奶糕,0.95590764
督导提醒,0.95590764
瞎元,0.95590764
玩偶Hongkong_Doll,0.95590764
玗藴,0.95590764
王末--末终,0.95590764
燮蹀攀援,0.95590764
焠弦,0.95590764
焦小梅琳娜,0.95590764
焦脆鲨,0.95590764
焱垚焱垚3456,0.95590764
照见未来,0.95590764
煮马鱼_别念ID求求,0.95590764
熊大shine,0.95590764
燃近,0.95590764
偏执藤壶,0.95590764
燕归环,0.95590764
爆抽劳王,0.95590764
王木木_IHIL,0.95590764
万能の奇奇,0.95590764
爆炸小刺根,0.95590764
爱兰德尔红豆泥,0.95590764
爱兴奋的米老鼠,0.95590764
爱冰哦,0.95590764
神刀现,0.95590764
爱吃松松面包的松松子,0.95590764
爱吃柠檬嘞,0.95590764
爱吃老王的鼻涕,0.95590764
爱吃莫迪的饼干,0.95590764
焚心千劫,0.95590764
焖鸡兄,0.95590764
热风真香,0.95590764
烨汁冻,0.95590764
摸不着的叶子,0.95590764
林沛行,0.95590764
潮汐监狱的王,0.95590764
磊菌4T,0.95590764
潮自信,0.95590764
澄清的生石灰,0.95590764
澪雅QAQ,0.95590764
火乐菌,0.95590764
火次1,0.95590764
火锅年年不要钱,0.95590764
灰浅冈,0.95590764
灰色森灵,0.95590764
灵活的月半子77,0.95590764
灵辄辄,0.95590764
炎宇t,0.95590764
炜呀,0.95590764
炸天箫炎,0.95590764
点点の时光,0.95590764
点赞的事情怎么算白,0.95590764
烈阳男子重度依赖,0.95590764
烊烊深度睡眠中,0.95590764
爱喝柚子茶喵,0.95590764
爱喝胰岛素,0.95590764
爱好是洗澡,0.95590764
狗头砖家,0.95590764
狗狗的辅助手枪,0.95590764
狗都不当研究牲,0.95590764
狭狗,0.95590764
无敌的海蛇,0.95590764
狮心人A,0.95590764
狮王冰冰,0.95590764
狸猫_M_,0.95590764
发霉的记录,0.95590764
狼的追随者,0.95590764
狼蛛键盘垃圾做工,0.95590764
猛Do,0.95590764
猪偶偶偶,0.95590764
钢牙杨,0.95590764
猫团在画本,0.95590764
猫妖拦路打劫交出欧气,0.95590764
猫猫gy,0.95590764
猫猫叹气__,0.95590764
猫猫爱薯片,0.95590764
猫脑袋鹰,0.95590764
猫跑得比你快,0.95590764
王徵羽iiwi_,0.95590764
狗子小恶是也,0.95590764
狗与弟的日常,0.95590764
爱学习的老贝贝,0.95590764
狂飙1号639,0.95590764
爱思考的音乐任,0.95590764
爱慕砂紫,0.95590764
爱打玻璃胶,0.95590764
爱斯基摩土著人,0.95590764
爱普泰克网易拍DV8600,0.95590764
爱玩gal的ID,0.95590764
爱笑的chen同学,0.95590764
爱笑的尸体,0.95590764
爱笑的枫,0.95590764
爱路的洗切兵,0.95590764
爷永远喜欢JK触发器,0.95590764
牛汤的幻想,0.95590764
牛牛娃呀,0.95590764
牛魔王元元,0.95590764
牢吴鸭,0.95590764
牢大牢二肘法信仰玩家,0.95590764
牧牡大魔王,0.95590764
撰,0.95590764
周一好困困困,0.95590764
犯困的爱德华,0.95590764
狂岚不息,0.95590764
神秘醉步男,0.95590764
神里只因,0.95590764
蓝色婷妮,0.95590764
艾育黎拔力八达,0.95590764
致敬清掘宗,0.95590764
與貳煕,0.95590764
舍車shegy,0.95590764
航zyh_,0.95590764
艸花椒的喵酱,0.95590764
艾伦只爱自由,0.95590764
艾尔西荅,0.95590764
艾拉凫鱼,0.95590764
艾斯家的喵喵,0.95590764
艾瑞婵娅,0.95590764
芋泥bobo奶茶10086,0.95590764
花草橘子,0.95590764
芋粥唱晚,0.95590764
芒果mg果,0.95590764
莫克雷德,0.95590764
芙宁娜の佩佩,0.95590764
芝麻烩TOAST,0.95590764
竹染580,0.95590764
花化四月,0.95590764
花椒味儿相柳,0.95590764
花生3号,0.95590764
花生酱喂,0.95590764
至夏Aurora,0.95590764
54131254,0.95590764
至仁至善至高至强-,0.95590764
自由海风mushroom,0.95590764
翎青盼水,0.95590764
秋水伊人186,0.95590764
老A阿,0.95590764
老六之皇,0.95590764
老弥hyhx,0.95590764
海沐燕,0.95590764
老酸檬,0.95590764
耿直的鱼丸,0.95590764
联合利华中国,0.95590764
聪明の焕式,0.95590764
肉揪揪肉肉,0.95590764
肥脸兔子,0.95590764
背景人路人丁,0.95590764
胖乎乎的金毛,0.95590764
胖虎起飞,0.95590764
胡义库保,0.95590764
胡尔魔辉,0.95590764
脑干失想史,0.95590764
脑洞之巅,0.95590764
脸皮真疼,0.95590764
臣妾百口莫辩_,0.95590764
花糖有多甜,0.95590764
苏既白-,0.95590764
bili_41564694824,0.95590764
落日入东海,0.95590764
菠萝不吃密,0.95590764
華里河,0.95590764
萌山海,0.95590764
萌渣炸,0.95590764
萌特娇圈,0.95590764
萌球之星,0.95590764
萝卜酥哦,0.95590764
萨沙不会死,0.95590764
幻小翼,0.95590764
落喀lokka,0.95590764
落花如簇,0.95590764
苏润就叫苏润,0.95590764
落菓菓,0.95590764
董小姐是暖妹,0.95590764
董角田2778,0.95590764
葵奎是你一爹,0.95590764
蒋在野,0.95590764
蓄谋已久啊,0.95590764
蓝小兰丶,0.95590764
蓝星诗,0.95590764
Larutan-,0.95590764
蓝桉是一中的蓝,0.95590764
菜鸟就是小菜鸟,0.95590764
菊然是令耶,0.95590764
莲花楼下留兰花,0.95590764
莲业XZ,0.95590764
苑来卉这样,0.95590764
若樱roling,0.95590764
若逗道人,0.95590764
苯SY-冖冖子,0.95590764
苹果派321,0.95590764
范德彪秀念,0.95590764
茉茗YT,0.95590764
茉莉momo627,0.95590764
茜が散り残るを,0.95590764
茨威格死于昨日世界-,0.95590764
茶几上的杯具与餐具,0.95590764
茶餐厅在逃夜宵,0.95590764
草莓秋千-,0.95590764
荒野乱斗赵小R,0.95590764
隐形的伙计,0.95590764
药泥在这烧包,0.95590764
莆田神雕大侠,0.95590764
莎士比亚迪迦,0.95590764
莓果炒鸡大饼,0.95590764
莱茵钢化膜,0.95590764
莱韫_spring,0.95590764
8012大当家,0.95590764
美绫子,0.95590764
美男子派大星,0.95590764
笑也算时间哦,0.95590764
窗外一,0.95590764
窗外珠箔窗里月悬,0.95590764
窝在哪里啊,0.95590764
窝才是老大,0.95590764
白日幻想家甜长,0.95590764
窝西答辩罐头,0.95590764
立青家里没矿,0.95590764
竹林一风,0.95590764
竹筠丶,0.95590764
竹马lio,0.95590764
笔电冷却攻城狮,0.95590764
美猴王王女士,0.95590764
笙樂家,0.95590764
等待鸡年,0.95590764
筛芒,0.95590764
筠濨,0.95590764
简帙,0.95590764
箱穗,0.95590764
米凹米奥,0.95590764
米奇妙妙屋159,0.95590764
米寳寳,0.95590764
米糖ovo,0.95590764
空青法木,0.95590764
空空淡淡,0.95590764
嬴阕,0.95590764
空灵-Ethereal,0.95590764
福禄桐生,0.95590764
禹昼初欣95,0.95590764
禹逍遥,0.95590764
秉烛夜游Ⅱ,0.95590764
秋日の祭,0.95590764
秋氤夏氲,0.95590764
秋沐楠,0.95590764
秋澜秋岚,0.95590764
科幻君,0.95590764
Xetag,0.95590764
暗码编号24,0.95590764
秦岭亚非不是梦天玲雅,0.95590764
秦川一叶舟,0.95590764
秩序之光合作用,0.95590764
称之奇迹,0.95590764
移舟七星,0.95590764
種花兔,0.95590764
稳得一zz,0.95590764
穆小泠0fficia1,0.95590764
空想大梦,0.95590764
空洞惑星,0.95590764
潇逸z_,0.95590764
米缸边缘的思考者,0.95590764
粉红大蝠鲼,0.95590764
纯粹牙牙,0.95590764
纷沓江道,0.95590764
纸羊papersheep,0.95590764
纸飞机papl,0.95590764
funchy-y,0.95590764
终不似少年游xx,0.95590764
终究宿命一塲,0.95590764
绘一帧江山画,0.95590764
绘梦星游,0.95590764
给你变成小傻子,0.95590764
老板来碗卤蛋,0.95590764
绝顶豆腐块,0.95590764
绮梦纸缘霭,0.95590764
绯兀兀兀,0.95590764
绳索的主人,0.95590764
绿瓜三明治Command,0.95590764
绿眼珠子HuaHua,0.95590764
缄言3636,0.95590764
缥缈孤鸿_,0.95590764
罗二狗_,0.95590764
罗卜林卡,0.95590764
羊羊家的观影树屋,0.95590764
纳格夏洛克福尔摩斯,0.95590764
纯爱牛头人MAX,0.95590764
粉色LJJ,0.95590764
纯情小狗我的爱,0.95590764
糖什亓,0.95590764
糖糖和墩墩,0.95590764
系wawa,0.95590764
XAINGg,0.95590764
系统审核通知,0.95590764
我是广东人,0.95590764
紀ー,0.95590764
T-D-Lemon丶1900,0.95590764
紅い瞳に,0.95590764
紙神かみ,0.95590764
素素0513,0.95590764
索夜雨烦,0.95590764
紫夜鎏金,0.95590764
紫禁电慢CestmoiJzANG,0.95590764
紫筱Sa,0.95590764
紫色系大风车,0.95590764
紫轩雪蝶,0.95590764
繁星有名,0.95590764
红神冰可乐,0.95590764
Dr-Loom,0.95590764
纪纪纪纪纪华,0.95590764
祖安再逃看门老太太,0.95590764
罐装史莱姆,0.95590764
恭喜又发财,0.95590764
i繁茂i,0.95590764
hitdta,0.95590764
hmygxhy,0.95590764
huhu霖,0.95590764
ifuuuaa,0.95590764
一个人的晚餐ya,0.95590764
imnotlavender,0.95590764
ioiuuuuuuui,0.95590764
itisafool,0.95590764
itsdoit,0.95590764
j-x未知,0.95590764
herobrine-----,0.95590764
jelly_powder,0.95590764
jjjkakajj,0.95590764
kami会来拯救吗,0.95590764
kara_谐反,0.95590764
karo_427_han,0.95590764
katrinalyl,0.95590764
kelthuzad0918,0.95590764
kk登哥,0.95590764
komorebi_soleil,0.95590764
hiioohmudc,0.95590764
henenxiej,0.95590764
dusk与感觉,0.95590764
fu_猫,0.95590764
edward_1226,0.95590764
emoattachment,0.95590764
every_chae,0.95590764
fbhsy,0.95590764
fenibook,0.95590764
ffffffff飞飞,0.95590764
fff嬴政,0.95590764
fork_ex,0.95590764
frbaj,0.95590764
fucguc,0.95590764
hawei_m,0.95590764
gilili酱,0.95590764
giovinetta,0.95590764
godzilla沈,0.95590764
golden-flower,0.95590764
时七识,0.95590764
gooodbuy,0.95590764
hanpy,0.95590764
happy_woody_,0.95590764
happy第一视角,0.95590764
kuronarns,0.95590764
langdilaile,0.95590764
lanhuasky,0.95590764
realomg,0.95590764
peng鹏于晏,0.95590764
pigpigpigping,0.95590764
pm吖,0.95590764
pose_V,0.95590764
powerLm,0.95590764
pypypyyy,0.95590764
qwJKJK,0.95590764
qzx12345678,0.95590764
rarebirder,0.95590764
remix调味师,0.95590764
lavi酱,0.95590764
rtftftrs,0.95590764
ryyyywx,0.95590764
s_hihai,0.95590764
sanjin三禁,0.95590764
shdmudbs,0.95590764
shsndjj,0.95590764
silent1266,0.95590764
sinplelove,0.95590764
skybackknife,0.95590764
祁醉一果,0.95590764
padoraxx,0.95590764
opennew58,0.95590764
oceanblue_123,0.95590764
lc_LsatCross,0.95590764
lilyccyy啊,0.95590764
little-universe,0.95590764
littleduckskin,0.95590764
lllyyymob,0.95590764
lucklyDog-,0.95590764
lzm骗我感情,0.95590764
maxkaoa,0.95590764
mcapple1234,0.95590764
miingxi,0.95590764
miku-Origin,0.95590764
mileiniya7,0.95590764
mockingxy,0.95590764
narniaworld,0.95590764
nightlightNL,0.95590764
nike-tao,0.95590764
nomad8699524,0.95590764
nxhydm,0.95590764
oO叶尘Oo,0.95590764
一块面包君0,0.95590764
dt--wssf,0.95590764
suifengv,0.95590764
_陆小果大侠_,0.95590764
_小圆圈圈_,0.95590764
_快乐贩卖机,0.95590764
_我叫蛋糕,0.95590764
_是阿龙呀,0.95590764
阿桐木只是位设计师,0.95590764
_晚枫qvq,0.95590764
_津岛__,0.95590764
_白白可乐,0.95590764
_蝰_,0.95590764
_鸮雀moss,0.95590764
_到底哪个昵称不存在,0.95590764
all阿哩哩,0.95590764
august殇,0.95590764
awa张某人,0.95590764
a不会抽象b,0.95590764
baby可爱不可爱,0.95590764
badoggo,0.95590764
bahsuf,0.95590764
麻根锅锅,0.95590764
beihukasi,0.95590764
_坠落东京塔,0.95590764
__虹__,0.95590764
dontsendthissong,0.95590764
Zion1998,0.95590764
Yuri_flower,0.95590764
ZETA熊猫,0.95590764
ZGiaoYee,0.95590764
Zankan0206,0.95590764
Zara_Line,0.95590764
Zcs3985,0.95590764
Zeadee,0.95590764
Zeroes已经懒癌晚期啦,0.95590764
Zevin7,0.95590764
Zmorllt,0.95590764
栗子橙Liz,0.95590764
Zoneme,0.95590764
Zx1on9,0.95590764
Zzzzero鱼,0.95590764
Z丨-_-丨Z,0.95590764
Z小酸奶,0.95590764
_7Ep,0.95590764
_Agreas_,0.95590764
_B27947,0.95590764
_FlowWind,0.95590764
be美学信仰,0.95590764
biIi_l05I9722,0.95590764
biaoxm,0.95590764
butforld,0.95590764
bili_83862802450,0.95590764
bili_84654198669,0.95590764
bili_89254476675,0.95590764
bili_9434570308,0.95590764
bili_大大滴,0.95590764
bili_概念还是实体,0.95590764
bili奈何,0.95590764
boyLYX,0.95590764
boyyor,0.95590764
b站神怭用户,0.95590764
bigbaby-防弹版,0.95590764
c-ouo-c,0.95590764
caro回到未来,0.95590764
cdwei0,0.95590764
cheems爱吃烤破退透,0.95590764
cidheb,0.95590764
coolumm,0.95590764
dawon-,0.95590764
deFdeUdeCdeK,0.95590764
dhc316,0.95590764
bili_7986423,0.95590764
阿斯图罗,0.95590764
bili_74059867530,0.95590764
bili_68557741757,0.95590764
bili_12779866234,0.95590764
bili_14952655579,0.95590764
bili_16659505537,0.95590764
bili_173371688,0.95590764
bili_21157517364,0.95590764
bili_2151558904,0.95590764
bili_25146983607,0.95590764
bili_26881693082,0.95590764
bili_28105539942,0.95590764
bili_29275612544,0.95590764
bili_29821165410,0.95590764
bili_30562134552,0.95590764
bili_3493292140398927,0.95590764
bili_3494374220499549,0.95590764
bili_3706954589407718,0.95590764
bili_40131424806,0.95590764
bili_51260440254,0.95590764
bili_582874,0.95590764
bili_59340006201,0.95590764
stayHum_,0.95590764
thekingxie,0.95590764
锅咯锅咯驾,0.95590764
不喝百事啊呀呀,0.95590764
下渣皮,0.95590764
不Fuc分子,0.95590764
不上TUB不改名,0.95590764
不买立减百分百,0.95590764
不会背道法选手,0.95590764
不做好好先生,0.95590764
不偷月_,0.95590764
不吃萝卜的CRH380B,0.95590764
不喜欢肉肉肉,0.95590764
斧王马大三,0.95590764
上扬_,0.95590764
不大的微风,0.95590764
不好喝的粥,0.95590764
不好意思在下豹子头零冲,0.95590764
不想改名字了awa,0.95590764
不懈努力7274,0.95590764
bili_3546627830712399,0.95590764
不抽象的蔡,0.95590764
不撸站神,0.95590764
某爱玩矢量的一方大爷,0.95590764
下一节什么课来着,0.95590764
YIandUY,0.95590764
一氧化二氢LBX,0.95590764
一龍一蛇,0.95590764
一片黄金羽,0.95590764
一瓶蓝莓汁,0.95590764
尬白叉魚,0.95590764
一紧张就会打哈欠,0.95590764
一纸哟,0.95590764
一罐麻薯精,0.95590764
一袋坂蓝根,0.95590764
一道阿柴,0.95590764
一飞不是二飞,0.95590764
七刹天,0.95590764
上官星婉,0.95590764
七岁_Seven,0.95590764
七彩虹黛西,0.95590764
七界洲,0.95590764
万花瞳孔,0.95590764
三十五号机器人,0.95590764
三水oooooo,0.95590764
三水一一o,0.95590764
三石在剪辑,0.95590764
上官带糖,0.95590764
不爱玩百战水,0.95590764
不爱背书的Sireal_,0.95590764
不甚燎了,0.95590764
丸澄-,0.95590764
中初男同学,0.95590764
中文房间里的哲学僵尸,0.95590764
中秋和五月,0.95590764
中级电脑,0.95590764
bili_84977963349,0.95590764
临在时空13141916,0.95590764
丶丶丶丶丶丶哟,0.95590764
丶卜一丶,0.95590764
丶静影,0.95590764
主动一点吧,0.95590764
不知名的up猪丶,0.95590764
丿渔舟,0.95590764
丿灬紫枫丶,0.95590764
义恒2,0.95590764
之之的花,0.95590764
乌托邦的日子,0.95590764
乌鲁鲁不爱堵桥,0.95590764
乌龙茶啤酒和苦咖啡,0.95590764
乐弦初音和天依,0.95590764
乐观的Pessimist,0.95590764
丨隐秘灬角落丶,0.95590764
丨Demiz丨,0.95590764
两边水,0.95590764
丝瓜秋,0.95590764
不羡仙10101,0.95590764
新疆老虎不卖,0.95590764
不药_,0.95590764
不要再玩B站了,0.95590764
不要和我抢我推,0.95590764
寒羽良_XYZ,0.95590764
不要给我喂饭了,0.95590764
不负韶华QuQ,0.95590764
不逝叭,0.95590764
不闲的小咸,0.95590764
与寒北伐,0.95590764
专业帮人换裤子,0.95590764
且行风_,0.95590764
世崩鸟啊噶赛,0.95590764
世界的尽头是你的声音,0.95590764
东山在启,0.95590764
东曦哦,0.95590764
东曦既驾_听聆月华,0.95590764
东野居士,0.95590764
一片馒头-,0.95590764
一枝鸟鸟鸟,0.95590764
tina12308,0.95590764
Peregrine_Y,0.95590764
xuhe3329,0.95590764
xuue的奇妙日常,0.95590764
xxooty,0.95590764
极客壪,0.95590764
爱吃酒酿豆腐,0.95590764
xyxdoh,0.95590764
y7uuuuuuuuuuuuuu,0.95590764
yida4056,0.95590764
youngzie,0.95590764
yunT2,0.95590764
wwxb1047,0.95590764
yy嘁嘁,0.95590764
z-ioDGP,0.95590764
小庄爱岁岁,0.95590764
zhubii,0.95590764
zimuli222,0.95590764
zjzasl,0.95590764
zmplqz,0.95590764
zuukaii,0.95590764
葡星人尤拉,0.95590764
xiao乐崽,0.95590764
wufengqiu888,0.95590764
戴蓝帽子的可乐,0.95590764
w_ch_Y,0.95590764
ttcup,0.95590764
tuple丶,0.95590764
uni_田不田田不辣,0.95590764
van万叶叶叶,0.95590764
violetVE,0.95590764
volckerOK,0.95590764
vxyh2233,0.95590764
v板烧鸡腿堡v,0.95590764
疯狂欧派大大星,0.95590764
waiai歪,0.95590764
wudfheutu,0.95590764
weeeeeeeeeeeeek,0.95590764
whato-o,0.95590764
whcl412,0.95590764
wnajic,0.95590764
woaishutiao,0.95590764
wood1208,0.95590764
worthyalong,0.95590764
woshi11111,0.95590764
wrusibxnxi,0.95590764
zweieQ,0.95590764
zzzzzz陨,0.95590764
041444,0.95590764
一只没用屑,0.95590764
一口二十八个伢,0.95590764
一口云团子,0.95590764
一只不大的猫,0.95590764
一只努力吃胖的胖鸡,0.95590764
sky_果子,0.95590764
一只小小小米吖,0.95590764
一只小郝同学,0.95590764
一只欧兹,0.95590764
模组工艺gong_yi,0.95590764
一只爱杠的咸鱼,0.95590764
z肖二千z,0.95590764
一只猫神256,0.95590764
一只蛙蛙Froggy,0.95590764
一只言言狒,0.95590764
一只野生的颜文字,0.95590764
一只鸭池,0.95590764
一叶雩舟,0.95590764
一坨波奇,0.95590764
一年学会小星星,0.95590764
一幽风之飞,0.95590764
一切死亡皆是自尽,0.95590764
一凡是二哈,0.95590764
一仟摄氏度,0.95590764
一之濑千帆,0.95590764
ことなみY,0.95590764
ずっと探しています,0.95590764
だんご勿忘,0.95590764
ど冲田总悟づ,0.95590764
はどう90,0.95590764
グミドリ,0.95590764
シトリス,0.95590764
ルザォGOGO,0.95590764
ー_く,0.95590764
二颦,0.95590764
㑈睿祢冯什么吋侯䂗a,0.95590764
一一一真,0.95590764
一个人的吔,0.95590764
一个准一个,0.95590764
一个叫自羽的文学作者,0.95590764
一个很恶臭的人,0.95590764
一个憨憨的阳光,0.95590764
一个普通的学习账号,0.95590764
一个过路人的普通人,0.95590764
Yogurt_Cat,0.95590764
YoRHa_4S,0.95590764
乖日鲸,0.95590764
ComPory,0.95590764
ChenJia55491,0.95590764
Chloroventus,0.95590764
CillianVinci,0.95590764
Claramente,0.95590764
熊喵黑曜,0.95590764
Clike-J,0.95590764
Co_BH,0.95590764
Code.Villkiss,0.95590764
Columbinax,0.95590764
Come_on_Charles,0.95590764
Ch-AY,0.95590764
Cookie百分百,0.95590764
Creve_,0.95590764
Crow404,0.95590764
Crystalli1203,0.95590764
Cuber_二十七,0.95590764
CyberAgent2077,0.95590764
CynthiaLx_,0.95590764
CynthiaYang2002,0.95590764
DAWMNICK,0.95590764
CheNjIaY_1017,0.95590764
CerberToast,0.95590764
Ass0ciation,0.95590764
Bili-LC,0.95590764
AyA川尚内库,0.95590764
Az丶汐寒,0.95590764
BIGbedbed,0.95590764
BOPI,0.95590764
BYune,0.95590764
B_s11-o,0.95590764
Baibaobao666,0.95590764
BaoNing233,0.95590764
Bejng_self,0.95590764
Bili_196424940,0.95590764
Caspain-,0.95590764
Briswich,0.95590764
B站老鸽,0.95590764
CG_清辞鱼茶,0.95590764
CHENTONYCAI,0.95590764
CRIB_,0.95590764
Cameliy,0.95590764
Carlaliiii,0.95590764
Casesing,0.95590764
Caseywine,0.95590764
DOIT汐,0.95590764
DREAM-未来梦,0.95590764
DarienYz,0.95590764
Games接近-虾,0.95590764
Fluix,0.95590764
FreecssX一一,0.95590764
Frjranger,0.95590764
FxxxxxxxkOff,0.95590764
G15AY,0.95590764
GFTV国际兽圈电视_福迪,0.95590764
GNazunaG,0.95590764
GTI特战干员银翼,0.95590764
喜欢搞抽象所以单身,0.95590764
Genesis-1st,0.95590764
Diana逾儿,0.95590764
GhostiCraft,0.95590764
Ghost印TheShadows,0.95590764
Gobolka,0.95590764
Green_Grassland,0.95590764
Grey_Chariot,0.95590764
H-H-H_x,0.95590764
HHH_氢元素,0.95590764
HRヾ风铃草,0.95590764
HS_寒霜,0.95590764
Floraaaa-,0.95590764
FlippedFlora,0.95590764
Februaryfish27,0.95590764
FaZEのTw1stZz本人,0.95590764
Dinstein-,0.95590764
Do_ro,0.95590764
Dolores-Sun,0.95590764
Dosmxjsbnn,0.95590764
Dr-心骛,0.95590764
淡い日,0.95590764
Dswitch,0.95590764
DumbAI人工智障,0.95590764
ELF兔兔,0.95590764
EXIT李,0.95590764
Earendelux,0.95590764
Elyite,0.95590764
Emberblade,0.95590764
Empreans,0.95590764
Eternal-god-1,0.95590764
Eyepiece-Cat,0.95590764
FODEN_11,0.95590764
F_Fzx,0.95590764
FaNStam,0.95590764
Athoy,0.95590764
Asonlee,0.95590764
Helloroom,0.95590764
00568547,0.95590764
-氧气萌主,0.95590764
-江雪-,0.95590764
-白白白白子,0.95590764
-精氨酸布洛芬-,0.95590764
-薇薇ANN-,0.95590764
-薜定谔的猫猫,0.95590764
-辛辰-,0.95590764
-这是个昵称,0.95590764
-酸奶不吃鱼__,0.95590764
00特工喵,0.95590764
-柒城-,0.95590764
0117tt,0.95590764
0li-stay,0.95590764
11号猫头鹰,0.95590764
12345678火,0.95590764
1234伪人心,0.95590764
124687546646,0.95590764
12S7_,0.95590764
1900_ht,0.95590764
1a2b257,0.95590764
Fiskkkk,0.95590764
-枫兰兰-,0.95590764
Ar_SXR,0.95590764
-北徊-,0.95590764
恩MIXX,0.95590764
---JO-JO----,0.95590764
超级快乐的肥仔,0.95590764
--丞哥blessme--,0.95590764
--子羽--,0.95590764
我吃好了-妈咪,0.95590764
-IxiciSoA,0.95590764
-_-小绿-_-,0.95590764
-joyfun,0.95590764
-可乐鸟-,0.95590764
饿火柴,0.95590764
-咩吔-,0.95590764
-咲羽-,0.95590764
-屰-,0.95590764
-悲爱-,0.95590764
-托腮,0.95590764
呱唧咕噜噜噜,0.95590764
-无微-,0.95590764
一只小虚末,0.95590764
不会取名啊啊额,0.95590764
1逗号3-丁二烯,0.95590764
20啷当赖赖唧唧,0.95590764
2333uuu,0.95590764
AlienNess,0.95590764
A_haw,0.95590764
A_junjunjun,0.95590764
只有吃饭的时候不困,0.95590764
Acce2085,0.95590764
AdinTS,0.95590764
Afroc0vTh,0.95590764
Agriperaon,0.95590764
Aleph_096,0.95590764
看到几十块垫脚石,0.95590764
Alsen_,0.95590764
23500147,0.95590764
AmericaCEO,0.95590764
Amo_coobee,0.95590764
AnXingH,0.95590764
Anemoia__,0.95590764
AntiTankGun,0.95590764
Apollocoo,0.95590764
AppleSeed_nZk,0.95590764
ApriLLLbiubiu,0.95590764
Aquila_鹰与夜刃,0.95590764
AV变BV啦,0.95590764
ATP扔掉了Pi,0.95590764
ALM_Loy,0.95590764
AKseem,0.95590764
28花火,0.95590764
32207,0.95590764
333-shan,0.95590764
bili_61227152083,0.95590764
380556188,0.95590764
40Cent,0.95590764
455876,0.95590764
4D-Hunter,0.95590764
4dw7,0.95590764
52kg斯科特,0.95590764
662号女战士,0.95590764
7712377123,0.95590764
956马导,0.95590764
9i镜流流,0.95590764
9丶Yue,0.95590764
AAA广陵沉淀王,0.95590764
AAA虹夏大天使,0.95590764
AAA香菜批发刘经理,0.95590764
AA土老帽批发商,0.95590764
Hello_Bunny,0.95590764
HenryTheory,0.95590764
YamiiroAlice,0.95590764
Rb_M4XVerstappen,0.95590764
Qvoider,0.95590764
Q烦A烦Q,0.95590764
R-HR,0.95590764
R_Z_OWO,0.95590764
Rainko_,0.95590764
Rain的粪球,0.95590764
Raisushawaー,0.95590764
Raquellll,0.95590764
Ray_xxl,0.95590764
Re0607,0.95590764
Qimel,0.95590764
Rei_澪,0.95590764
Reigen桑,0.95590764
Re世界第一可爱,0.95590764
RichBen_Lian,0.95590764
小柯啊小柯,0.95590764
Rio_ccc,0.95590764
Royal-Crown,0.95590764
Ruaast,0.95590764
Ruaitnes,0.95590764
Qin_at,0.95590764
Qian_0114,0.95590764
NickLopez,0.95590764
Ofeocc,0.95590764
Night_Fox,0.95590764
Night_Of_Light,0.95590764
Ninelie47,0.95590764
Nogamenolife电玩か,0.95590764
NoneUwU,0.95590764
NotTheLord,0.95590764
Nukepayload2,0.95590764
OOK嘛,0.95590764
ORANGE-OC-,0.95590764
lulufi,0.95590764
QShaonian,0.95590764
OhYeongyi,0.95590764
Ohyeeeeeeeeeeeee,0.95590764
OrlonX,0.95590764
P7GAB,0.95590764
Panena,0.95590764
Paranoid_Liu,0.95590764
Persistancemm,0.95590764
Petal_leo,0.95590764
Priestess25,0.95590764
Rybakiki,0.95590764
S-Y商音,0.95590764
SL-Ace,0.95590764
VelproF1129,0.95590764
Thinkauc,0.95590764
Tilance,0.95590764
Tocy陈,0.95590764
Tritium79,0.95590764
Tsukumoinori,0.95590764
Turbo_0v0,0.95590764
TylorSkywalker,0.95590764
Uranoo,0.95590764
Uurainn,0.95590764
Vergilius_IlI,0.95590764
SODA酱NANA酱,0.95590764
VictorJerry,0.95590764
Vitality的马希洛本人,0.95590764
Vivien00a,0.95590764
W_飛,0.95590764
WeChat13,0.95590764
Wiz1024,0.95590764
W乐嘉,0.95590764
XueZCL,0.95590764
YZQGJJ21,0.95590764
Tendermistake蓝桉,0.95590764
肉酱安格斯厚牛堡,0.95590764
TatleCat,0.95590764
TCY-Vilert,0.95590764
爱_我所爱,0.95590764
SaChii_,0.95590764
Sakiの追う思,0.95590764
没有脸的无名氏,0.95590764
Septeen玖,0.95590764
Sherry香Sweet,0.95590764
SilkenChords,0.95590764
SiroYoru,0.95590764
Skelent_793,0.95590764
SlimeNull,0.95590764
SnowOye,0.95590764
Solomon的小饼干,0.95590764
Sora嗦辣,0.95590764
Ss周防尊,0.95590764
StardewVa11ey,0.95590764
Starry_C,0.95590764
Sure_ger,0.95590764
Sy0472,0.95590764
S佐藤和真Q,0.95590764
NightFallD,0.95590764
Neo3Day,0.95590764
Higgs_Boson,0.95590764
Kimix饭团,0.95590764
Jaoye,0.95590764
Jocelyntien,0.95590764
Joey_MAKE,0.95590764
Johnson9z,0.95590764
KAKyoin_cherry,0.95590764
KatsumiDaido,0.95590764
Kelzina_95,0.95590764
Khalil-999,0.95590764
Kiley_zh,0.95590764
Kingishu,0.95590764
JUMLICKY,0.95590764
KleinMoriarty1,0.95590764
KtyQAQ,0.95590764
L-Ascorbic-acid,0.95590764
L-emotion,0.95590764
LOVE瑞吉儿,0.95590764
LO昕芋VE,0.95590764
LPtc,0.95590764
才不是狸猫ii,0.95590764
LTY_LSM,0.95590764
来点蓝莓慕斯,0.95590764
JMZSH,0.95590764
宁古塔穷留子,0.95590764
IIIMiracleJ,0.95590764
Hildrun_,0.95590764
HoneyPzz,0.95590764
HuOkee,0.95590764
HybirdQwQ,0.95590764
HyperHare,0.95590764
Hyperuns,0.95590764
Hypothet,0.95590764
H浩-幻想,0.95590764
I-桃夭-I,0.95590764
INDUSTRY_BABY,0.95590764
懒散贤者,0.95590764
IO单OI,0.95590764
Ignis_焰,0.95590764
ImgnDrgn,0.95590764
Into_The_Void,0.95590764
必中天选的猫猫头,0.95590764
J4wew,0.95590764
JENNYCAtty,0.95590764
JH4ever,0.95590764
JHouse_,0.95590764
LV5节能炮,0.95590764
LWJ_0803,0.95590764
LX落霞77,0.95590764
Monica_渔,0.95590764
MOCHAKING,0.95590764
MUSE_2,0.95590764
Material3600,0.95590764
Megdn,0.95590764
Mercury怜,0.95590764
Michael__Zh,0.95590764
MikiSayakaSL,0.95590764
MiniOrangeNB,0.95590764
MisakaZXC,0.95590764
Moonquakes33_,0.95590764
LYDoppeler,0.95590764
Mou-z,0.95590764
My-Honest,0.95590764
MyLuckySeven7,0.95590764
NARUTO水门,0.95590764
NF13_,0.95590764
NGU-F,0.95590764
NaOH42,0.95590764
NamelessAshen,0.95590764
Neil桀骜,0.95590764
MK牧瀨红莉栖,0.95590764
少女爱拉屎,0.95590764
MEz2Luv,0.95590764
labby妤小小,0.95590764
小怜悯心,0.95590764
Lacrimee,0.95590764
Langba2014,0.95590764
Lelele拐,0.95590764
Lem大帝,0.95590764
Leonnav,0.95590764
Ler1Shy,0.95590764
Leslie----Cheung,0.95590764
Lezzer,0.95590764
LighterP,0.95590764
Line_64956,0.95590764
LittleRose,0.95590764
Logic-hero,0.95590764
Lu_QF,0.95590764
Luna-No-Tic,0.95590764
Luoyuu_,0.95590764
M1LKBOTTLE,0.95590764
MADAMADA-DANE,0.95590764
MCcarrot,0.95590764
乔思毅,0.95590764
rooooot_,0.95590764
乙醇上头,0.95590764
好像什么都不知道哦,0.95590764
奇谋砍张角,0.95590764
奈总qwq,0.95590764
奕诺_Y,0.95590764
奖状收集楼,0.95590764
奥数洛里,0.95590764
女san,0.95590764
奶不思,0.95590764
奶油I可可,0.95590764
好久没追番了,0.95590764
好名字都被抢光了.,0.95590764
风花满月,0.95590764
好大一个碗,0.95590764
好大一只咕咕,0.95590764
回到未来的方老师,0.95590764
好耍啊好耍,0.95590764
好风可借力,0.95590764
如月疑云_,0.95590764
妄言猫猫,0.95590764
妇国大将军,0.95590764
妖精cpl,0.95590764
头发不稀,0.95590764
失落的泰迪熊,0.95590764
姓呼吖,0.95590764
天天扫雪,0.95590764
大爱南大,0.95590764
大猫67,0.95590764
大白菜de桶,0.95590764
大睡啊啊啊,0.95590764
大禹治水www,0.95590764
大脸MRA,0.95590764
大萝卜是大宝贝,0.95590764
天上江铃-demonic,0.95590764
天仙狂醉yun,0.95590764
天律玄,0.95590764
太饿了找吃的,0.95590764
天泽圣司雯,0.95590764
天狼座星云,0.95590764
天罪星旺仔er,0.95590764
天野阳阳菜,0.95590764
無名1234,0.95590764
天青水绣1236,0.95590764
太凡乾元,0.95590764
太缁,0.95590764
太陽の息子,0.95590764
妖蛊笑,0.95590764
姓羽隹,0.95590764
寒玥Ovo,0.95590764
安家妹子,0.95590764
学门技术养家糊口,0.95590764
宅在家的子期,0.95590764
宅在阿瓦隆里的亚瑟,0.95590764
宇宙机械姬,0.95590764
宇智波带taoo,0.95590764
宇玟秋水,0.95590764
守护的骑士,0.95590764
守月人the_moon,0.95590764
守望心灵的月光,0.95590764
戏格子,0.95590764
学习的星灿,0.95590764
安沫澪,0.95590764
安静的距离,0.95590764
宋雨琦快来宁波救我,0.95590764
猫_君,0.95590764
宏宝丶,0.95590764
实在想不出名字了--,0.95590764
寂寞工科男,0.95590764
密码又忘了哎,0.95590764
富小蔻,0.95590764
学英语的医学生,0.95590764
孤獨離子,0.95590764
姜与僵,0.95590764
孔--明,0.95590764
姜姜江姜江,0.95590764
姜萍数学竞赛,0.95590764
威卡wicca,0.95590764
威鸡雰,0.95590764
婉芊幺,0.95590764
子不斩,0.95590764
子易233,0.95590764
阿狸狸哦,0.95590764
子涵露露,0.95590764
孙悟驡,0.95590764
孤狼酥酥,0.95590764
孙鹏飞7840,0.95590764
杀手蝴蝶梦1919,0.95590764
孜然酱不是酱,0.95590764
孟川K,0.95590764
孤优孤优,0.95590764
孤屿zyz,0.95590764
孤独的品鉴师,0.95590764
孤独的风一,0.95590764
肯定还会的,0.95590764
大润发杀人男孩,0.95590764
大曦哥,0.95590764
大师球逮溶食兽,0.95590764
国服第一难带啊,0.95590764
嘿嘿会早睡嘛,0.95590764
嚞御,0.95590764
四川省省草,0.95590764
四月一日莙寻,0.95590764
四照x,0.95590764
四页景_,0.95590764
回神兮,0.95590764
困乎己时,0.95590764
国家一级饱腹动物,0.95590764
国王家の猫,0.95590764
嘎嘎鸭布丁,0.95590764
图伯斯通,0.95590764
土鸡德华ovo,0.95590764
在哪里起飞,0.95590764
在底特律吃馅饼的企鹅,0.95590764
在杭州做律师的王律师,0.95590764
在椰子树下一觉到天亮,0.95590764
达斯米奇B站专用账号,0.95590764
在逃猫猫棍ovo,0.95590764
地球online管理者,0.95590764
嘢_小子,0.95590764
嗜窝诗屋人,0.95590764
大坝神区,0.95590764
喔你呢,0.95590764
啊您姜,0.95590764
啊米诺斯米娜桑,0.95590764
啧啧啧zzz12346,0.95590764
阿本_QAQ,0.95590764
啧啧啧鼠鼠都去哪了,0.95590764
啾秋啾啾,0.95590764
善财懒同学,0.95590764
喑枳,0.95590764
梨米朵,0.95590764
喜欢刘康有品,0.95590764
嗜个仁啊,0.95590764
--如既往的帅气,0.95590764
喜欢吐泡的鱼,0.95590764
喜欢坐直升机丶,0.95590764
喜欢川渝宝龙,0.95590764
喜欢阿瓦隆的大手么,0.95590764
喵之安雨然,0.95590764
喵了个咪呵呵,0.95590764
喵勒个去,0.95590764
-Vvanny-,0.95590764
噜炉卤鹭,0.95590764
地球脚印1号,0.95590764
地瓜炸弹球,0.95590764
夜玦GReally,0.95590764
夏与树丶,0.95590764
夏夏夏夏夏夏次一定,0.95590764
有人在这儿吗,0.95590764
夏沫繁星,0.95590764
夕日の波客,0.95590764
多拉A梦-boom,0.95590764
多鱼的余ovo,0.95590764
夜梦鹳雀楼GBZB316,0.95590764
夜灵沐_Sierra,0.95590764
夜肆然,0.95590764
地陷の石,0.95590764
夜阑星凡,0.95590764
夜風幼刀刀,0.95590764
夜默星繁,0.95590764
大会员asd,0.95590764
大力地,0.95590764
大叔炫007,0.95590764
大名鼎鼎历飞雨,0.95590764
大圣嘻嘻嘻,0.95590764
大地嘤嘤嘤,0.95590764
复读复读机的复读机,0.95590764
夂㸚祓濯,0.95590764
壹碗汤,0.95590764
壹万ewan,0.95590764
坂古朋友圈,0.95590764
坠风煎鸡蛋,0.95590764
坤的味道吃了就知道,0.95590764
坨马坨,0.95590764
垦芽泊子,0.95590764
城郊牧笛落野村,0.95590764
城郭书生,0.95590764
培青孑,0.95590764
堂主胡桃胡桃,0.95590764
78頋語91,0.95590764
堇紫苍蓝,0.95590764
堍茶,0.95590764
塑料口袋,0.95590764
墨兔MOTU,0.95590764
墨哈秋哟,0.95590764
墨爻的世巡宠宠我,0.95590764
墨竹银余,0.95590764
墨苏冷,0.95590764
我爱看擦边男妈妈,0.95590764
寒武極,0.95590764
寒羽尘夕,0.95590764
啊你说的对哈哈哈哈,0.95590764
张八儿,0.95590764
哈哈名字不存在的,0.95590764
星落_falling,0.95590764
废话世界里的糖果屋,0.95590764
生煎鹹魚,0.95590764
开房卖神油,0.95590764
弃D投P,0.95590764
弋白二琼,0.95590764
弋阳川,0.95590764
张书凝,0.95590764
张厚页本尊,0.95590764
广白百,0.95590764
张某赐哟,0.95590764
张飞偷袈裟,0.95590764
弥-aisd,0.95590764
弯曲的湖,0.95590764
弱水东流,0.95590764
張云宏,0.95590764
張号己汪销,0.95590764
張长青,0.95590764
强说他,0.95590764
庐江老陆,0.95590764
幽默春风,0.95590764
彡YYL,0.95590764
常数要较小,0.95590764
帅摔的萝卜,0.95590764
帅气の小飞,0.95590764
开拓猫猫,0.95590764
带土是喰种,0.95590764
萌新的无奈,0.95590764
带秤去旅行,0.95590764
带篮子本人,0.95590764
常云晚,0.95590764
常嫣军,0.95590764
常树人,0.95590764
幻梦花园_,0.95590764
干净如画,0.95590764
干啥子啊这是,0.95590764
平凡の世界和你,0.95590764
平壤没有墙,0.95590764
平平凡凡丶levi,0.95590764
平面直角坐标系Owo,0.95590764
并非真五字,0.95590764
幺幺灵2008,0.95590764
幻夢未来の音,0.95590764
归_辰,0.95590764
彡叮当彡,0.95590764
九世净琉璃,0.95590764
思想掌控,0.95590764
忒忒忒啊忒,0.95590764
志鹏叔叔丶,0.95590764
忘了本大王,0.95590764
快乐小猪儿_J,0.95590764
怀里明月怀外雪,0.95590764
怂了苟吧,0.95590764
怎么講,0.95590764
思念变成枫_,0.95590764
唐小十九,0.95590764
思考人生的小溪,0.95590764
忆研年少,0.95590764
怪人阿刚,0.95590764
总是走在漫长的路上丶,0.95590764
总有一天会还魂_zone,0.95590764
After-Alive,0.95590764
恆礫,0.95590764
恐人勿扰,0.95590764
恒の征服者,0.95590764
恒山野人,0.95590764
恨愁用歌声代替,0.95590764
忆蓑衣,0.95590764
忆江南丨,0.95590764
彩虹人o_o,0.95590764
御尘zzz,0.95590764
彩虹喵之剑,0.95590764
彩虹海彡知音,0.95590764
影子与鸽,0.95590764
很大的风g,0.95590764
徐同学Ql,0.95590764
得分点-,0.95590764
御坂12791号,0.95590764
御坂5831号,0.95590764
御坂妹妹发电厂,0.95590764
御时空明,0.95590764
忆比蓝,0.95590764
微微一跳,0.95590764
微笑小狐狸,0.95590764
微醺さん,0.95590764
微醺的冷鲜肉,0.95590764
心一k,0.95590764
心之所向暂,0.95590764
心乐兮,0.95590764
心灵牧羊人0123,0.95590764
忆尘自信也谦虚,0.95590764
帅帅的尧哥,0.95590764
布鲁伊传教士,0.95590764
布拉迪耶先生,0.95590764
小柒弃色,0.95590764
小恶魔海星星,0.95590764
小惠很白,0.95590764
小新酱的蜡笔,0.95590764
小明听见了,0.95590764
小智真的很机智,0.95590764
小李布鸽-,0.95590764
火伊尔,0.95590764
小松日向,0.95590764
小林囝,0.95590764
小桉有点宅-,0.95590764
小徐在背单词,0.95590764
willy_ben_chen,0.95590764
紫外线大帝,0.95590764
小汪君の,0.95590764
小温wendy,0.95590764
小潜讨厌早起,0.95590764
小灯扶老灯眼睛要尿尿,0.95590764
小狼背个包包,0.95590764
小璐不乱撞biu,0.95590764
小疯未疯,0.95590764
小怪兽king修勾,0.95590764
小小万业,0.95590764
布布OcO,0.95590764
小QBZ,0.95590764
寻七w,0.95590764
寻找-答案,0.95590764
寻找加一,0.95590764
九重星有街,0.95590764
寻章Explorer,0.95590764
封镡,0.95590764
将半,0.95590764
專業不對口,0.95590764
尋勝1893,0.95590764
谁在和甜妹谈恋爱啊,0.95590764
小学同鸡炖,0.95590764
小一的频道,0.95590764
小东哥是也,0.95590764
小凝商业分析,0.95590764
小刺猬扎你哦,0.95590764
小十八_Mirana,0.95590764
小吴6119,0.95590764
小咩菜,0.95590764
小天LOVETEN,0.95590764
小太阳在对岸,0.95590764
小盐风化,0.95590764
小穗满满,0.95590764
小羊奶盖丶,0.95590764
岛兑,0.95590764
屠夫鱼,0.95590764
山上有术,0.95590764
山与海棠花,0.95590764
山柳awa,0.95590764
山海_居士,0.95590764
山海中重逢,0.95590764
山田杏奈さんです,0.95590764
山羊-GT,0.95590764
岐律,0.95590764
岛田哈士,0.95590764
小肆aaaaa,0.95590764
岩叔不二,0.95590764
岳韶,0.95590764
鉝ver猫rium,0.95590764
峥峥与鱼,0.95590764
峨眉山猴王_,0.95590764
工藤-沙耶香,0.95590764
差不多的橘子,0.95590764
高维思维兽,0.95590764
巴吧波弈,0.95590764
尽佘欢,0.95590764
尼布罗茨,0.95590764
尼古拉斯赵四22,0.95590764
尼古拉斯卡喵,0.95590764
小豺v,0.95590764
宇拉Yura,0.95590764
小青鹿啊,0.95590764
小韩啸,0.95590764
小马谷momona,0.95590764
小魔王9901,0.95590764
小鲍的阿黄,0.95590764
昊叠油,0.95590764
小鲨鱼的糖块,0.95590764
小麦克可汗,0.95590764
少吃点吧又胖了,0.95590764
少年の初梦,0.95590764
鱼猫摄影,0.95590764
尔蜜7,0.95590764
尤里安的凯旋,0.95590764
就是qiengpa,0.95590764
就是老人,0.95590764
就爱吃脆桃儿,0.95590764
就要沾豆爽,0.95590764
啊就这样好了k,0.95590764
对绫波丽一见钟情,0.95590764
啊今我来思1,0.95590764
雨就再下,0.95590764
克里欧Kun,0.95590764
克隆狐_Neil,0.95590764
免硬币设置一次吼,0.95590764
兓霂,0.95590764
兔子便当里凤梨怪兽,0.95590764
入处壮年拄拐棍,0.95590764
全世界最帅的老坛,0.95590764
全知全能幻想,0.95590764
全站唯一真刘浩存男友,0.95590764
全部拿下233,0.95590764
八云家的被窝,0.95590764
八奈見杏菜_official,0.95590764
八月留焱,0.95590764
六国居士,0.95590764
六花不想小鸟游,0.95590764
兰渔,0.95590764
共和国在下雨_HE,0.95590764
关东煮好想吃,0.95590764
关天烽,0.95590764
内啡肽含片,0.95590764
再来也许要天上团聚l,0.95590764
克里斯_猫,0.95590764
光粒子的能量,0.95590764
光与影shine,0.95590764
信任度贤者,0.95590764
你膝盖中箭,0.95590764
你踏码,0.95590764
你身边和他一样帅的人,0.95590764
佩奇是我的呀,0.95590764
佰帝,0.95590764
依氼,0.95590764
俄罗斯大战方块,0.95590764
俊俊金毛,0.95590764
俟惕,0.95590764
修改硬币需消耗六昵称,0.95590764
先随便起个名111,0.95590764
假的dewierH,0.95590764
假装是万寿菊,0.95590764
偏头痛妖精,0.95590764
傲来Official,0.95590764
像素漫步,0.95590764
兀与_,0.95590764
元创者,0.95590764
元战OPLA,0.95590764
元旦是只猫呀,0.95590764
再见吧朋友焖,0.95590764
冒崄雷探长,0.95590764
冒险滴二哥,0.95590764
刷牙的临夏七度,0.95590764
刄妾,0.95590764
刘艺博ol,0.95590764
初夏桜晴啦,0.95590764
删繁就简-知足常乐,0.95590764
别加芹菜啊,0.95590764
别时茫茫江妗月,0.95590764
别欺负乌冬面呀,0.95590764
别碰我狗牙yy,0.95590764
到底该叫哪个呢,0.95590764
刺客先生就好这口,0.95590764
刀梦氵原,0.95590764
剁椒鱼头椒炒肉,0.95590764
前任大班长,0.95590764
前方咯咯,0.95590764
剥个瓜子i,0.95590764
剥落的海,0.95590764
加油吧阿柴,0.95590764
加洛壹,0.95590764
加藤惠的猫-,0.95590764
励志当萌新的黄桃,0.95590764
刁之不会剪辑,0.95590764
函谷关上单,0.95590764
金刚小蚂蚁,0.95590764
冷铭雪,0.95590764
冬坡_,0.95590764
冬天要做大鱼2,0.95590764
沉锦烟,0.95590764
冰冻麻薯youmu,0.95590764
冰柠海獭,0.95590764
冰鱼ちゃん,0.95590764
冲浪小透明,0.95590764
冷吃_兔,0.95590764
冷火蜻蜓,0.95590764
冻梨大人-,0.95590764
凹凸不平的小毛毛雨,0.95590764
凉ie,0.95590764
凉小肥啵炜,0.95590764
凌晚lw,0.95590764
凌晨aks,0.95590764
凛夏w,0.95590764
凡凡凡凡凡鸟,0.95590764
凤九序章,0.95590764
凤梨酥贴,0.95590764
凯撒的副官,0.95590764
你的水开了,0.95590764
你的头发掉了-,0.95590764
蒙面侠的小鱼干,0.95590764
人女口其名,0.95590764
亖三两二一,0.95590764
亚撒西的迷途,0.95590764
亟淮,0.95590764
亦南rrrran,0.95590764
亦是否,0.95590764
亦音-,0.95590764
京有点冷,0.95590764
京都一生推-,0.95590764
人参公机,0.95590764
人才北子,0.95590764
五条煌,0.95590764
屑六角星awa,0.95590764
人机kris,0.95590764
人生岂能被轨道左右,0.95590764
人畜无害皮皮酱,0.95590764
人间普通小tom,0.95590764
人间风雨7776,0.95590764
仁川松岛流浪女,0.95590764
仁間失革,0.95590764
今天又又又浪了,0.95590764
卷毛鸦雀窝,0.95590764
炼冰术士海森堡_,0.95590764
从我床上下来,0.95590764
书剑风流,0.95590764
九十一个名字,0.95590764
啊-健,0.95590764
九十九课,0.95590764
九号天罗,0.95590764
九头怪喵,0.95590764
九打七,0.95590764
九敏狐,0.95590764
也無風雨也無晴,0.95590764
也许我就是大魔王吧,0.95590764
书桌余光,0.95590764
云歌呀云歌,0.95590764
书话短说,0.95590764
乱一晨Twilight,0.95590764
了不起的木狮虎,0.95590764
予独爰莲,0.95590764
事该了,0.95590764
二大爷我查,0.95590764
二点半不上火,0.95590764
云中仙鹿Max,0.95590764
云妹儿丶,0.95590764
今天问题解决了吗,0.95590764
从我这边_到你那边,0.95590764
你抓不住的风与影,0.95590764
佚名16,0.95590764
但又如何,0.95590764
低血糖还在追我,0.95590764
住在乌龟壳,0.95590764
住在珈百璃家的狂三,0.95590764
佑川予安,0.95590764
何兰亭,0.95590764
何小豹,0.95590764
余林初雨,0.95590764
余紫南半鬼,0.95590764
你_好好_活着_吧,0.95590764
伴九久--,0.95590764
你们这些大胖子,0.95590764
你好呀9-9,0.95590764
你好我很困我先睡会,0.95590764
MrC4,0.95590764
天道树艹,0.95590764
你当飞往你的山啊,0.95590764
你怎麼连话都说不清楚,0.95590764
-月净悠-,0.95590764
你所热爱的就是___,0.95590764
伴定疯,0.95590764
伪秋菲,0.95590764
从此见山不是山,0.95590764
任颜鹤,0.95590764
代数与数学分析典例,0.95590764
以一四悟一十,0.95590764
秋络妍大王请早睡,0.95590764
以勿,0.95590764
以泰和菠萝,0.95590764
以爱为名的某N小姐,0.95590764
仲十五,0.95590764
仲夏-月,0.95590764
仲夏之靥,0.95590764
仿人類行為錄_,0.95590764
传奇火火-Fireset-,0.95590764
仿生萝卜_,0.95590764
伊依炎炎,0.95590764
伊克斯迪克秀,0.95590764
伊洛幻想,0.95590764
伍猫司,0.95590764
优不拉平,0.95590764
会飞的猪24,0.95590764
伟大的更更桑,0.95590764
遨风管,0.95590764
1彬,0.95590764
伯尼熊的烤香肠,0.95590764
勤奋好学の呆猫桑,0.95590764
君の坷拉,0.95590764
合肥凌动,0.95590764
同一天的时候,0.95590764
同学丁,0.95590764
名字是试试,0.95590764
名陳,0.95590764
向你问好_我的朋友,0.95590764
向安,0.95590764
向最美好的前程,0.95590764
吓得我都笑出来了,0.95590764
吔蕉啦捞头,0.95590764
君身雪中乃知寒,0.95590764
呀羊跑了,0.95590764
吧唧一口奶,0.95590764
含着奶嘴的心理大师,0.95590764
含着泪de微笑,0.95590764
听Jay吹海风1,0.95590764
听见落花声,0.95590764
吴西迪西哟呼,0.95590764
吸金猛卖,0.95590764
吹号手-,0.95590764
吾乃秦始杨,0.95590764
吾星如河,0.95590764
吃饲料的南越人,0.95590764
吃饭睡觉的豆豆,0.95590764
吃那么多的吧,0.95590764
吃蟹的电视,0.95590764
可爱的嘟嘟嘟嘟,0.95590764
可盐可甜萝莉啰嗦,0.95590764
可莉的咸鱼,0.95590764
可达莉鸭,0.95590764
史呆芬爱吃水蜜桃,0.95590764
叶刃艾路雷朵,0.95590764
叶子yerr,0.95590764
叶子旋转飞,0.95590764
叶影不好吃,0.95590764
叶斯格鲁,0.95590764
叶桑酱,0.95590764
叶籽孜yu,0.95590764
司尹舒,0.95590764
司空冰痕,0.95590764
司空见不惯你,0.95590764
司马江南还我绘梨衣,0.95590764
叻砚舟,0.95590764
叽里呱啦咩哈哈,0.95590764
吃柠檬哟g,0.95590764
吃橘子的小学宅,0.95590764
kii_sanyaOvO,0.95590764
吾猫叛逆伤透吾心,0.95590764
呆呆的睿智,0.95590764
可有可无吧,0.95590764
哲哲乘风破浪,0.95590764
哈喽之鸥,0.95590764
哈士七_,0.95590764
哈怪怪怪怪哈,0.95590764
哈秋szhhh,0.95590764
哈鸡寻,0.95590764
哒咚咚哒咚咚哒,0.95590764
哔啊叽,0.95590764
哟哟切柯南,0.95590764
哟雨哟雨,0.95590764
哦哦哦哦耶斯-,0.95590764
哲学苍穹,0.95590764
呆毛小六,0.95590764
唉丶小卿,0.95590764
永曜苍穹,0.95590764
请把我当成一棵树叭,0.95590764
唐惜然,0.95590764
唐筱鹿,0.95590764
唔嘫worable,0.95590764
唯其故耳,0.95590764
唯恣意不改,0.95590764
化泓道人,0.95590764
商秋暮雨,0.95590764
哈丽郭特,0.95590764
哈-是老Ju,0.95590764
哇咔咔扒拉,0.95590764
哇_逗13,0.95590764
呢绒喂丝大林,0.95590764
周三连,0.95590764
周周鹿,0.95590764
周旋久矣,0.95590764
周易有云,0.95590764
湫驀,0.95590764
呱小酱,0.95590764
呵闩,0.95590764
命运联想,0.95590764
命鹧,0.95590764
咃の泠漠伱の嗳,0.95590764
咕Duang,0.95590764
咕咕eee,0.95590764
咕路碳是这个碳,0.95590764
咖喱ヽ,0.95590764
咦丶我的存在感呢,0.95590764
咩咩铁锤酱,0.95590764
咳咳棒,0.95590764
咸鱼之王王王,0.95590764
咸鱼四十四号,0.95590764
哆子玉,0.95590764
可爱的像小兔子,0.95590764
咕噜咕噜仄儿,0.95590764
可可可可92,0.95590764
南河み,0.95590764
南_乡,0.95590764
南倾尽萧,0.95590764
南宁老友粉丶,0.95590764
南宫幸光,0.95590764
南宫羽丶,0.95590764
南小鸟68,0.95590764
南屏绿波,0.95590764
南条痕,0.95590764
南筏滚滚,0.95590764
卧同希濡沫,0.95590764
南紀岛,0.95590764
南那なな,0.95590764
南颜笙么,0.95590764
南风white,0.95590764
卡了鱼刺的橘猫,0.95590764
卡卡溪鸭,0.95590764
卡瑞昂,0.95590764
卡贝奇果,0.95590764
单相思的菜鸟睡梦回,0.95590764
单核细胞生物电工,0.95590764
单挑专业户,0.95590764
半明半昧半摇曳,0.95590764
北境铁头人,0.95590764
北方の风云客,0.95590764
可口可乐与泡椒凤爪,0.95590764
匪之FZ,0.95590764
十一栗-,0.95590764
十一次元刀酱,0.95590764
十七号骑士,0.95590764
十七摩斯,0.95590764
十亿口奶酪,0.95590764
十八人匕十,0.95590764
十岁抽到了可莉,0.95590764
十方郁,0.95590764
千喜鹤_sun,0.95590764
千戈--,0.95590764
千早小唐音,0.95590764
千简云辞,0.95590764
半夏spirit,0.95590764
螺号闻,0.95590764
十二月火,0.95590764
卯猫桑,0.95590764
卿良骨,0.95590764
原于_u7t1,0.95590764
原始火批,0.95590764
去工厂然后回不来了,0.95590764
又一个无趣的人,0.95590764
友之天下,0.95590764
友善的鸡翅,0.95590764
双保险摇滚,0.95590764
反正我觉得挺好的,0.95590764
发送我所至爱,0.95590764
取名贞德好难,0.95590764
可以就是可以不,0.95590764
古都市掌管拼点的神,0.95590764
只因ikunの恋爱循环,0.95590764
只因不是知,0.95590764
只希望归来,0.95590764
只死猪仔,0.95590764
只爱小昔涟,0.95590764
叫我Ccy就好啦,0.95590764
叫我周粥同学啊,0.95590764
叮叮车dddd,0.95590764
可le油条,0.95590764
可乐_-可乐-_,0.95590764
可乐啤酒配咖啡,0.95590764
阿渣dry,0.95590764
口可口可口达emmm,0.95590764
卿儿爸,0.95590764
卿卿草草原X,0.95590764
卿の本佳人,0.95590764
鲸吟梦,0.9559076
-桃木,0.9559076
1aaaaaaaaaaannnn,0.9559076
666不爱盐,0.9559076
ABthat,0.9559076
Re叶天帝一刀233,0.9559076
叫你小东西你敢答应吗,0.9559076
爱白嫖的五香蛋,0.9559076
道长哥哥呀,0.9559076
阿杳没有犄角,0.9559076
蒹葭浮生,0.9558038
菜包子-caz,0.9558038
是王朝吖,0.9557972
重金属鱼,0.9557493
请阻止车门关闭,0.9557274
夏时何时,0.9556616
伊茗mm,0.9555938
重塑命运的亡故我无,0.9555938
氦氖氩氪氙氡01,0.9555938
宇宙換紅豆,0.9555938
汽水和相机,0.9555938
JackLu57,0.9555938
因果律的弦,0.9555938
炫彩大脏螂,0.95529044
GSA崩,0.9546536
H恩度W,0.9546536
源堡里的刀克塔,0.9546536
我只是闲得无聊想改名,0.9546536
aiiiipants眠王,0.95461476
钢琴墩,0.9545072
TheCrazedMadman,0.35213855
Ovedya2011,0.35146564
ImurderREALITY,0.35131958
carmichael561,0.35108095
livejamie,0.35097015
baddonny,0.35071966
PunPuncher,0.35071906
cycophuk,0.35050642
Knuk,0.35048875
Gimme_The_Loot,0.35034183
celocanth13,0.35025313
Parodoxez,0.35024294
MrLadyfingers,0.350164
real-dreamer,0.35010043
PokerFace247,0.34998307
sexi_squidward,0.34983248
rasmus9311,0.34982228
funnyfaceking,0.3496966
elephantpoop,0.34961674
Dragonfire138,0.34956768
berrics94,0.34941226
HINDBRAIN,0.34940815
Hrodrik,0.34940296
zscuro,0.34936714
andrey_shipilov,0.34935662
Ravage123,0.34928408
lupianwolf,0.34925383
jinnyjuice,0.34922647
brand0n,0.34921244
Jamesev93,0.34917647
Kongo204,0.34915316
vpxtreme,0.3491458
Dragonic2020,0.34911296
DivineIntervention88,0.34911227
SPAZZEH,0.34909496
Emmanuell89,0.34906206
Hax_,0.3490589
elperu27,0.34903818
SybariticLegerity,0.34898973
FadedFromWhite,0.34898672
AnalogDan,0.34898004
bugzrrad,0.34897965
Krusiv,0.34895238
SlimeHudson,0.34894818
nathanmcc1,0.34891582
Locusthorde300,0.3489088
bbouerfgae,0.3488753
Cashrunner,0.3488618
freewibblebon,0.34879407
jambox888,0.34869248
snowgimp,0.3486865
lolpancakeslol,0.3486789
Leadboy,0.34865335
Ax3boy,0.34863654
Wolven49,0.348624
iamriot,0.3486046
JangSaverem,0.34859502
rakust,0.34858873
survum,0.3485804
BeBenNova,0.34854755
bcr8tiveYT,0.34854332
serenity10,0.3485418
Wilhelm_III,0.34853142
OccupyMyBallSack,0.3485216
Sariel007,0.34852087
jman077,0.3485003
PrimaxAUS,0.3485
comix_corp,0.34849182
Shizo211,0.34848842
NotSoSlenderMan,0.3484762
SkippyWagner,0.348461
Bpbegha,0.34842902
StrawberrieDream,0.3484265
jojimboy,0.34841746
old_snake,0.34841248
Glonn,0.34839794
thesepigswillplay,0.3483952
DoctorHeadshot,0.348379
chevybow,0.34836453
Petrarch1603,0.34835216
dash101,0.34833562
colkurtz7,0.34831783
auriumius,0.3483155
Zelotic,0.34830812
JakeSteele,0.3482981
DrRodneyMckay,0.34829584
nomau,0.34828693
athennna,0.34826416
unforgiven91,0.3482591
Ieuan1996,0.34825206
smurge,0.34824935
monk3yboy305,0.34824568
Kuonji,0.3482384
Rejexted,0.34822294
nme_,0.34821185
PabstyLoudmouth,0.34821147
AnotherCrazyChick,0.3482048
Doomed,0.348204
sprremix,0.34817722
leoberto,0.34817475
freetonik,0.34817427
NotJordy,0.34817296
thatoneguy249,0.34817174
Wolvenfire86,0.34816912
OHAITHARU,0.34814164
VolumeZero,0.3481303
sje46,0.34812826
anotherDocObVious,0.34811676
THE_BANANA_PALADIN,0.34810695
TROPiCALRUBi,0.34809917
saldejums,0.34808818
kmccormi,0.3480743
kilo73,0.34805954
Micosilver,0.34804696
ggskater,0.34804696
Dreckerr,0.34804538
brumbrum21,0.34804446
SaxyTimeReloaded,0.3480423
Lostinyourears,0.34803316
Spam4119,0.3480288
avboden,0.34802675
stixz101,0.34801817
el_monstruo,0.3480152
Twenty8k,0.34801325
flaim,0.34801313
Cookiemobsta,0.3480116
RPMiSO,0.34800813
elmfuzzy,0.3479963
Lostinwords,0.34799036
VaccusMonastica,0.347987
shitwhore,0.34797874
Emayarkay,0.3479697
PlNG,0.3479657
godisanatheist69,0.34796244
evoken1,0.34796107
daniellemx,0.34795314
lettuceman44,0.34794804
YHofSuburbia,0.34794238
LeanBean17,0.3479387
thefaith1029,0.34793535
dlogan3344,0.3479304
Smipims,0.34792545
dossier,0.3479183
ragogumi,0.34791055
twitch1982,0.34790343
ezaviar,0.34789932
Retro21,0.34789205
kris_lace,0.34788057
kpingvin,0.34787726
MentalToast,0.34787384
ecnepsnai,0.34787202
Paradox,0.34787172
Dial-A-Lan,0.34786388
Minifig81,0.3478623
deafblindmute,0.34786227
HDATZ,0.34785968
bastiVS,0.34785223
Alimoose,0.34785146
stapleherdick,0.34784698
MisssBadgerEnt,0.34783027
vorin,0.3478283
a_posh_trophy,0.34782794
niobe127,0.34782508
spencerawr,0.34782264
13_0_0_0_0,0.34781078
woflcopter,0.3478092
SpookyAssGhost,0.347804
jackgopack4,0.34779754
timsandtoms,0.34779587
ThePipes123,0.34778935
lessobvious,0.34778437
FizzCrack,0.347783
i_is_surf,0.34777403
BanksKnowsBest,0.347773
PyroSpark,0.34776658
Miketheguy,0.3477647
waterandshade,0.34776166
Nethervex,0.34776014
francis_0000a,0.34775162
DodiGharib,0.3477458
bittercupojoe,0.347741
wisyf,0.3477338
SubtleMockery,0.34773114
StarHarvest,0.34772164
luxpsycho,0.34771946
captainstan,0.3477171
omni_wisdumb,0.3477072
rumster,0.34770697
ddesla2,0.3477069
Areat,0.34769937
mowing,0.3476903
0311,0.34768745
shortguy014,0.34768692
verbify,0.3476806
ruskeeblue,0.34768042
Aberu,0.3476748
St1cks,0.34767196
ColonelMolerat,0.34767085
trivialretort,0.34766388
Theropissed,0.3476593
IanRankin,0.34765688
Diasparo,0.34765646
giveitago,0.3476523
mackk,0.34765115
InhailedYeti,0.34764695
RepostFrom4chan,0.3476436
nametheoccupation,0.3476436
viksra,0.34763852
pinumbernumber,0.34763548
Vinsanity9,0.34763467
Zarqu0n,0.3476268
Splatterh0use,0.34762675
everyother,0.3476261
Orangutan,0.34761956
badmood247,0.34761888
supersonic3974,0.3476133
jturkish,0.34761202
ephphatha,0.34761143
i_post_gibberish,0.34760237
JamesOfTheYear,0.3475994
Marduk96,0.34759474
f00d4tehg0dz,0.34759226
Coaltrain2371,0.34758615
noseonarug17,0.34758103
pyrowolf8,0.34758088
BelmontZiimon,0.3475806
HooptyDooDooMeister,0.34757698
kendall12321232,0.34757367
XiKiilzziX,0.34756494
Aspel,0.34756488
wolf2600,0.34756458
vteckickedin,0.34756184
mehatch,0.34755898
garv323,0.34755102
Anangrychip,0.34754866
NunsOnFire,0.3475485
JustAnotherRedditor1,0.34754145
woizard,0.34753808
CantankerousMind,0.3475372
fuzzyferret,0.34753308
Etonet,0.34752905
sobermonkey,0.3475235
coolkid1717,0.34752196
AtomikRadio,0.34751436
cottonheadedninnymug,0.34751073
mdawgig,0.34750944
Mattxy8,0.34750438
SubzeroMK,0.3475032
SSII,0.34749496
RobertF23,0.34749326
jack456123,0.3474919
fawker,0.34748942
danyukhin,0.34748873
themarknessmonster,0.3474797
AnotherSmegHead,0.34747735
appropriate-username,0.3474735
craig3010,0.34747246
0011110000110011,0.3474684
Stellar_Duck,0.34746817
footcreamfin,0.34746516
gueriLLaPunK,0.3474615
secaedelcielo,0.34745917
andrew650,0.34745216
elmntguy12,0.34745032
tapanojum,0.34744987
troglozyte,0.34744886
noroom,0.34744865
redonculous,0.347448
indochris609,0.34744692
Kyraden,0.34744665
Muter,0.34744585
microtrash,0.3474409
ZeMeest,0.3474359
plazman30,0.3474356
pedro19,0.3474296
GrixM,0.3474244
Pickle_Jr,0.34741572
HIVEvali,0.3474156
SpaceAzn_Zen,0.34741306
frozen-creek,0.34741098
rustyarrowhead,0.3474106
Kakoose,0.34740898
skinkbaa,0.34740764
SevFTW,0.34740737
Notmiefault,0.34740388
SMUT_ADDICT,0.3473909
j1002s,0.34738374
iisdmitch,0.34738162
Canopus_2,0.34737754
mellowmonk,0.34737417
cronos844,0.34737107
uJellie,0.3473701
Linksawake,0.34736988
Smaktat,0.34736812
agentapelsin,0.34736657
DumaDuma,0.34736088
Laurentius_the_pyro,0.34736073
Charwinger21,0.3473566
bluetidepro,0.3473503
PerplexD,0.34734902
broostenq,0.34734824
MrGoodGlow,0.34734815
Ragozi,0.3473478
Duke_of_Chutny,0.34734738
Guilty_Spark_117,0.3473471
WholeWideWorld,0.34734637
Draedgal,0.34734312
jeffAA,0.3473406
David_Crockett,0.3473396
pup2551,0.3473378
iiCUBED,0.34733573
bemmu,0.34733513
Yupitsnuge,0.34733385
dan_blather,0.34732106
jaxspider,0.3473177
kites47,0.3473156
MagicSandwich27,0.34731165
LordAnubis10,0.34730804
rougetoxicity,0.3473061
razzark666,0.34730583
dabisnit,0.34730574
SIThereAndThere,0.34730446
dwaxe,0.34730268
boommmmm,0.3473007
speezo_mchenry,0.34729943
watchesyousleep,0.34729835
Yanrogue,0.34729403
General__Specific,0.34729397
BrianTheLady,0.34729096
makaveli151,0.34729016
C_sharp_minor,0.3472898
the_dayman,0.34728897
PeteDarwin,0.347288
asperatology,0.34728587
johnmedgla,0.34728467
pandanomic,0.3472846
redhatGizmo,0.3472844
dragonsky,0.3472823
Defrostmode,0.34728038
KUmitch,0.3472803
theghostofme,0.34727958
brett6781,0.34727827
Ownsin,0.34727457
iamjakeparty,0.34726784
somethingaboutfire,0.3472644
footballfan123,0.34726307
Tzpike05,0.3472588
Keeks_marone,0.34725395
PR3CiSiON,0.34725288
Iheartdragonsmore,0.34725055
beauseph,0.3472468
DominicDom,0.3472455
Mylesd13,0.34724265
DSice16,0.34724164
googolplexbyte,0.3472398
cometparty,0.3472392
stanleythemanley44,0.34723788
ggpurehope,0.34723684
TTTNL,0.3472354
Jaxkr,0.34723428
cleantoe,0.34723428
nps,0.3472322
shaggorama,0.3472315
TrevorSarazin,0.3472261
L2attler,0.34722522
SaxSalute,0.34722522
HighwireAct,0.3472185
TheOneTrueCripple,0.34721535
Metaphoricalsimile,0.34720573
Madous,0.34719872
Hesherkiin,0.34719682
BlameTheHippies,0.34719503
taughtmonk,0.34719416
B_anon,0.34719393
Cutzero,0.34719214
demidyad,0.34718686
clawz_nd_webz,0.34718585
tresser,0.34718552
RhettS,0.34718278
GeminiVI,0.34718192
jbrake,0.3471801
scuczu,0.34717885
captainbawls,0.34717724
duggtodeath,0.34717712
deadsoldier,0.34717646
MrFlagg,0.34717548
psych00range,0.34717456
exophrine,0.34717265
AtheistAgnostic,0.34717256
gnuworldorder,0.34717163
Reddhedd13,0.34717053
BeingDS,0.3471669
Vorchun,0.34716687
battierpeeler,0.3471665
Grimmbles,0.34716627
CallMeJase,0.34716588
05senses,0.34716564
XxMiKeNjD17xX,0.34716377
rastacola,0.34715974
roflbox,0.34715807
bperki8,0.3471558
zubie_wanders,0.34715182
PingPing88,0.34714887
Alec693,0.34714615
TheMagicLlama,0.34714374
smacksaw,0.34714344
twitchMAC17,0.34713963
sigilvii,0.34713945
Aschebescher,0.34713793
SamuraiJakkass86,0.3471371
Muscles_McGeee,0.3471339
scharfca,0.34713107
ReallyForeverAlone,0.3471277
GamerKingFaiz,0.3471257
TankorSmash,0.3471251
calantorntain,0.34712416
tsenaku,0.347121
ZackZak30,0.3471199
spekter299,0.34711984
cybrbeast,0.3471183
Atari1337,0.34711662
senorjohhny,0.3471136
politicaldan,0.34711105
charles_kafka,0.34710965
dave_g17,0.3471073
jostler57,0.34710544
ThraShErDDoS,0.3471051
FrailRain,0.34709823
RDR911,0.3470962
CopEatingDonut,0.34709597
markender,0.34709445
Dakar-A,0.3470942
SaggyBallsHD,0.34709275
that1guywithredhair,0.3470896
Nesyaj0,0.34708697
vernazza,0.3470863
curbstickle,0.34708542
TheSuperSax,0.3470853
Sarke1,0.34708044
thenotoriousbtb,0.3470802
Asmor,0.34707987
LerithXanatos,0.34707582
jimmahdean,0.34707573
brenan6,0.34707242
alllie,0.34707206
thatwaffleskid,0.34706882
HeezyB,0.34706727
stormageddon103,0.34706682
phunkystuff,0.34706572
CanadianWhovian,0.34706375
EpicRageGuy,0.34706214
ohohb,0.34706005
Toriankel,0.34705895
Caraes_Naur,0.34705338
abusmakk,0.3470533
inquirewue,0.34705275
mightymdc,0.34704986
leonprimrose,0.3470489
bobojojo12,0.34704813
LelahMunster,0.3470471
critcal_kurt,0.3470428
arghnard,0.34704018
how_would_kobe_react,0.34703317
Plowbeast,0.3470315
unknown_name,0.3470293
Gengar11,0.3470281
Extract,0.34702456
Raual,0.34702313
Chuckgofer,0.34702268
xPlatypusVenom,0.34702227
dumnezero,0.3470221
martentk,0.34701607
badillin,0.34701514
newpua_bie,0.3470119
warlockami,0.34701094
theruins,0.34701076
finaleclipse,0.3470092
Xanthon,0.34700212
TheRagingHerp,0.34699622
dum41,0.3469959
Zirenth,0.3469951
Mybrainmelts,0.3469918
jordan3434,0.34699094
NeroJoe,0.34698918
GreenDirector,0.34698865
9000sins,0.3469877
damontoo,0.34698406
strutmcphearson,0.34697774
haluter,0.3469774
ExtraPlus,0.34697366
markywater,0.34697217
weggles,0.3469697
dgb75,0.34696874
Guest101010,0.346965
PokemasterTT,0.3469636
xXSJADOo,0.3469621
jon2kx,0.3469619
eorld,0.3469548
ivegotagoldenticket,0.34695286
Ninjatertl,0.34695283
talzer,0.34695232
hadhad69,0.3469506
Abeneezer,0.34695023
lookitsdan,0.34694684
mrlr,0.34694374
monopixel,0.34694216
kylelee,0.34694165
Wizuhd,0.3469415
BB2921,0.34693742
numandina,0.3469356
hexag1,0.34693167
enad58,0.34692416
napster2k6,0.3469174
scoofy,0.34691286
Otters4455,0.34691226
otakuman,0.3469103
Thai_Hammer,0.3469081
nayson9,0.34690678
TheBird47,0.34690356
Arachnatron,0.3469019
Fun1k,0.34690064
Omnifire,0.34690055
nyarr,0.3469002
greenleaf187,0.34689897
ReverendVerse,0.34689856
YourWelcomeOrMine,0.34689498
AFDIT,0.34688604
Valtieri,0.34688503
CrypticFalcon,0.34688443
BadgerGecko,0.34688374
mw3haha,0.3468828
scottocs,0.34688067
labago,0.34687868
jshrlzwrld02,0.34687823
BreakfastBurrito,0.34687823
M374llic4,0.34687582
TheWaterTemple,0.3468754
KizzyKid,0.34687334
moby323,0.34687218
Qingy,0.34687188
The_Reverend,0.3468696
Cerberus73,0.34686732
zigzag32,0.34686548
mybrosteve,0.34686434
elessarjd,0.34686384
cefarix,0.34686318
Elesium,0.34686214
timex40,0.34686074
VictoriousPR,0.34685913
t3hwookie90,0.34685737
Pabl0Esc0bar,0.34685728
blisstonia,0.34685662
rothwick,0.3468546
ShaidarHaran2,0.34685418
Timisaghost,0.34685072
ProjectDusk,0.3468504
NominalCaboose,0.34684515
slumslum,0.34684438
Zutart,0.3468427
GoFlight,0.34684202
joi1369,0.34684202
GFandango,0.3468411
email_with_gloves_on,0.3468394
scartol,0.3468371
ProbeIke,0.34683692
skibble,0.3468353
kevler9oh,0.34683272
doug3465,0.34683254
malakistiri,0.3468322
Operatics,0.34683004
MHoffy,0.34682858
likeBruceSpringsteen,0.34682527
Animedingo,0.34682438
Armonster,0.34682357
BusyPedro,0.34682146
Danster21,0.34681958
ShamefulIAm,0.346819
NilCealum,0.34681743
samuraialien,0.34681684
alan2500,0.3468161
yomomma56,0.34681433
DarthContinent,0.34681386
i_pee_in_the_sink,0.3468087
hamburglin,0.34680057
Cardsfan1539,0.34679782
jordypants,0.34679687
meiotta,0.34679505
AdamSC1,0.34679487
sirberus,0.34679487
captainxenu,0.34679487
Shilo59,0.34679452
CasioQuartz,0.346794
UniverseAtLarge,0.34679186
aidanf123,0.3467902
ahairycat-astrophe,0.34678823
gentlemandinosaur,0.34678575
pokemaster_winter,0.34678417
Cruxius,0.3467841
harry20larry,0.3467827
FUCK_YEAH_DUDE,0.34678185
IAmNotJoshua,0.3467806
jiblet84,0.34677738
ferio252,0.34677696
Fergals1107,0.346776
INGWR,0.34677282
Sir_George,0.34677264
willo_sea,0.3467697
qervem,0.34676695
milleniummanp7,0.34676686
cosmicsans,0.3467634
hyperbad,0.3467605
Aiken_Drumn,0.34675756
abig7nakedx,0.3467562
Selcouthit,0.3467559
xCessivePresure,0.34675327
quaxon,0.34675318
vvarden,0.34674767
TacticalSandwich,0.34674498
rbevans,0.346743
Brutalitarian,0.34674287
femaiden,0.34674287
BlackNut,0.34674215
poops_all_berries,0.34673846
nerfezoriuq,0.34673667
prematurepost,0.34673616
Clockwork757,0.34673545
RamsesThePigeon,0.34673512
_emordnilaP,0.34673473
bro_b1_kenobi,0.34673262
murfi,0.34672928
Max_W_,0.34672818
aazav,0.34672675
Dengar,0.3467261
Bortjort,0.3467242
downhillmojo,0.34672362
haikuginger,0.34672302
noodlesfordaddy,0.3467212
r2002,0.34672037
CARDTRICKSTER,0.3467201
FriesWithThat,0.3467175
chronic2001,0.34671408
wArchi,0.34671232
TheSpiffySpaceman,0.34671208
lolodotkoli,0.34671146
compto35,0.34671125
cjbrigol,0.3467097
InternetTourGuide,0.3467094
sidianmsjones,0.34670562
summerofevidence,0.34670553
AuPhoenix,0.34670544
fuzzyblackyeti,0.34670493
Imanari,0.3467039
fiveandcounting,0.34670365
mpg1846,0.34670216
buck7131,0.34669554
daprice82,0.3466864
scribbling_des,0.3466862
RedSquaree,0.3466858
F1A,0.34668478
LG193,0.34668183
DaItalianFish,0.34667936
orsini1138,0.34667885
Perk456,0.34667754
Ahanaf,0.34667715
MrDubious,0.3466765
thetafferboy,0.3466755
Tattered,0.34667382
englad,0.346668
Brendancs0,0.3466673
Hurinfan,0.3466665
CoolRunner,0.34666607
unsurebutwilling,0.34666008
Anheroed,0.34665897
austin_d,0.3466577
jlew24asu,0.34665668
boringzebra,0.34665537
zalemam,0.34665468
Patrick_the_Saint,0.34665334
p0x0rz,0.3466532
Mitcheypoo,0.34664986
Psychic_Monkey,0.3466495
GlenThen,0.34664902
B-Jamz,0.34664723
CantSeeShit,0.3466466
sjmarotta,0.34664524
paintedsaint,0.34664413
onetruemod,0.3466413
avicide,0.34664077
scolbert08,0.34663948
TheFullMonty1394,0.34663826
tnick771,0.34663498
yeahHedid,0.34663394
BlindStark,0.34663346
averad,0.3466317
TransPM,0.34662998
GreyMatter22,0.34662884
Teckel22,0.3466282
kulrajwashere,0.3466272
bigDean636,0.34662625
ThePantsThief,0.34662554
Mictlantecuhtli,0.34662122
HappyManatee,0.34662086
gammatide,0.34661847
Jimbobmij,0.3466175
mrpanafonic,0.3466171
klipse,0.34661478
MarioneTTe-Doll,0.3466146
RevWaldo,0.3466123
teryxc,0.34661105
PrincessPi,0.3466097
Pareeeee,0.34660694
vinspiration,0.3466056
MythOfLight,0.34660548
fb95dd7063,0.34660473
dusters,0.34660423
mishagale,0.34660298
hotstickywaffle,0.34660158
eighthgear,0.34659806
jam3zz,0.34659612
scamperly,0.34659514
jb2386,0.34659514
provoko,0.34659186
Likes_Information,0.34659016
tehrabbitt,0.34658962
lomoeffect,0.34658948
SCHROEDINGERS_UTERUS,0.3465891
chromer123,0.34658813
Wisdom_from_the_Ages,0.34658784
tiradium,0.34658653
Jobeanie123,0.3465854
runningraleigh,0.34658083
AmiroZ,0.34658048
Piemonkey,0.3465791
kosanovskiy,0.346579
Meriis,0.3465788
smdaegan,0.34657705
al3xwuzhere,0.34657478
Procrasturbator11235,0.3465746
SolKool,0.34657428
jake10house,0.34657308
Lepertum,0.34657276
Warlizard,0.34657258
Slashered,0.3465723
TheNateMonster,0.3465718
wazzym,0.34657013
Dunskap,0.3465693
Bergolies,0.34656873
Sidekicknicholas,0.34656826
MonsterIt,0.34656793
electropulses,0.34656686
CyborgDragon,0.34656557
amosko,0.34656486
Extraltodeus,0.34656486
DearSergio,0.34656343
Biggrodd,0.3465634
cammyfawkes,0.34656176
samx3i,0.34656143
wistan,0.34656015
HanktheDog,0.3465593
toucher,0.3465578
pencer,0.3465575
mapryan,0.3465569
Anitor,0.34655583
VulcanRyu07,0.34655312
kosif,0.34655285
MFBATZ,0.34655038
arup02,0.34655017
GrandmasterSexay,0.34654847
amadea56,0.34654588
Blackglade,0.34654412
KerrickLong,0.34654316
TickleTh1sElmo,0.34654278
TheSimonToUrGarfunkl,0.3465418
juror-number-8,0.34654105
LazarusRises,0.34654066
benfbat,0.34653988
loopuleasa,0.34653905
p337,0.34653848
brainburger,0.34653348
hippiechan,0.34653157
MrRykler,0.34653056
Spamsational,0.3465303
DisregardMyPants,0.3465302
ChemEBrew,0.3465292
Miroudias,0.3465277
zombiegirl2010,0.3465248
_HeXagon_,0.34652063
michaelwc,0.34651843
CoolGuySean,0.34651688
allpro1337,0.3465154
RedManDancing,0.3465152
dudester567,0.34651464
Indy_Pendant,0.34651464
Devchonachko,0.34651396
ryan9991,0.34651294
itsclearimhappy,0.34651116
Zeratas,0.34650847
Grays42,0.346507
Tuco_bell,0.34650403
yellownumberfive,0.3465037
Doxep,0.34650305
mylifeisanocean,0.346503
sfs40,0.34650034
Edibleface,0.3464998
WideLight,0.34649932
KingGeb21,0.34649855
steak21,0.34649846
1pnoe,0.3464971
trevdak2,0.3464955
stock_character,0.34649482
Vergil25,0.34649292
ImNotAnAlien,0.34649158
Sabenya,0.34649155
Timmybee,0.34648937
SamMee514,0.3464892
rootbeerfetish,0.34648564
Growing4Freedom,0.3464855
Pizza_The_Hutt,0.3464841
commentsurfer,0.34648284
slapFIVE,0.34648114
nmyi,0.3464806
TopHATTwaffle,0.3464805
Sightful,0.34647787
NoahsArcade84,0.34647533
ohnoitsrambo,0.3464722
iSunMonkey,0.3464722
trafc,0.3464703
wakeupsheep,0.34646916
brigodon,0.34646812
TehEmperorOfLulz,0.34646696
sfitsea,0.3464664
foxh8er,0.34646586
mcjiggerlog,0.34646553
JustTVsFredSavage,0.3464649
xavierfox42,0.34646446
mordocai058,0.34646368
OPKatten,0.3464625
DJ_Spock,0.34646106
stealthcreeper,0.34646094
AibohPhobiA,0.3464602
piepei,0.34645906
johnbarnshack,0.3464559
yashchand,0.34645575
CressCrowbits,0.34645522
myrpou,0.3464545
pocodot,0.34645417
ch00f,0.34645417
kflipz,0.34645134
xAsianZombie,0.34644762
WatersofNazareth,0.34644723
gijyun,0.3464456
SonicWafflez,0.3464449
TylerDurdenJunior,0.34644377
UnholyDemigod,0.34644327
o2daface,0.34644145
DuncanDonutz,0.34644067
Doomburrito,0.34643945
baylithe,0.3464391
VoRicebowl,0.346439
Bacon_Man123,0.3464389
canard_glasgow,0.34643853
ozone63,0.3464375
corey561,0.3464337
atticus138,0.3464318
Yawehg,0.3464306
nosenuggets54,0.34642857
modman2,0.34642816
mszegedy,0.346426
Warhawk_1,0.34642318
Slayner,0.34642294
orko1995,0.34642258
Kolumbz,0.3464209
firstdibbz,0.34641907
datdaz84,0.34641904
Romulet,0.34641814
JoeDaEskimo,0.34641606
KosherNazi,0.3464137
Aduckonquack97,0.34641203
BravoTeam127,0.34641027
Billobatch,0.34640878
Cyc68,0.3464082
windoverxx,0.34640813
Cern_Stormrunner,0.3464069
acusticthoughts,0.3464068
Conash,0.3464067
jurble,0.34640613
b33k3rz,0.34640288
reidhasguitar,0.34640223
ion-tom,0.3464021
t3hcoolness,0.34640095
iLiekBoxes,0.34640035
itmightbeaseizure,0.34640017
CyruscM,0.34639964
Snak_The_Ripper,0.34639847
6stars,0.34639615
zoot_allures,0.34639448
Matti_Matti_Matti,0.3463936
izmatron,0.34639186
paintingunicorn,0.34639108
bobcat,0.34639096
SolidKGB,0.34639052
grapesandmilk,0.3463898
RzK,0.34638909
pwnyoudedinface,0.34638888
klinquist,0.34638846
Grapeboy,0.34638792
drunkentune,0.34638742
RRuS,0.34638703
THLycanthrope,0.34638503
speckz,0.34638375
Executioner1337,0.34638163
shadyabhi,0.34638074
AbbyMoriah,0.34637898
Googunk,0.34637865
Azor2500,0.34637618
acidroach420,0.34637415
Pwnacus_Maximus,0.34637308
DarthMurdok,0.34637287
cespes,0.34637216
voyetra8,0.34637195
keineliebe,0.34637186
ArabRedditor,0.34637135
obsessive_cook,0.3463705
pretzelzetzel,0.34637043
burnsz11,0.34636956
Atled,0.34636885
tmotom,0.34636858
TheSwedeIrishman,0.3463674
krazyfreak123,0.34636682
ReplyYouDidntExpect,0.34636587
infernal_llamas,0.34636587
netpastor,0.3463657
Nicb903,0.3463657
Tripudelops,0.34636512
You_coward,0.34636483
timothy53,0.34636408
AppleBlossom63,0.34636113
dukishlygreat,0.34636018
InsightfulLemon,0.34635955
theonlyalterego,0.3463594
EpicCookieMan,0.34635726
don_majik_juan,0.34635633
Kylde,0.34635514
docodine,0.34635493
live4hisglory,0.346354
TangoZippo,0.34635335
Albuyeh,0.34635028
drock4vu,0.34634566
Novasry,0.34634534
Toliver182,0.34634513
yti555,0.34634456
haakondafo,0.34634352
Prcrstntr,0.3463429
ThorBreakBeatGod,0.34634286
whicketywack,0.34634125
done8989,0.34634048
daniell61,0.3463402
vutall,0.34633777
DrSnaipa,0.34633774
Yokuo,0.34633756
emr1028,0.3463373
1tepa1,0.3463371
playa_mar_cielo,0.34633687
PinkPajamaPenguin,0.34633657
dannylandulf,0.34633654
Casedilla,0.34633648
SearchNerd,0.34633487
swiftpants,0.34633473
desi_fubu,0.34633422
lethalweapon100,0.34633178
PriitySiick,0.34633136
weeyummy1,0.34633094
Aegist,0.34633094
hipnosister,0.34632918
FishBonePendant,0.3463287
synapticimpact,0.34632763
The_Lolbster,0.3463268
MichaelJahrling,0.34632474
CStaplesLewis,0.34632474
spirit_spine,0.34632242
gangrenous_ghoul,0.3463215
risto1116,0.34632108
rv77ax,0.34631935
karhall,0.34631884
Strader69,0.34631822
blacjack,0.34631822
Kynaeus,0.34631738
virginpresident,0.34631705
Burgerkrieg,0.34631646
Sagerian,0.34631377
idma,0.34631324
iaman00b,0.34631297
TooSmugToFail,0.34631282
Spungey,0.34631282
ALLCAPSON,0.3463106
mattyg5,0.34630975
JHoward777,0.3463093
atheist_verd,0.34630898
halogrand,0.34630597
no_turn_unstoned,0.34630337
mi-16evil,0.34630042
sakasama_bridge,0.3462999
e7ric,0.34629962
Thunder_Thighs,0.34629923
Adium,0.3462986
4alex6,0.34629843
TomMorrow2,0.34629804
finsup,0.34629777
Mr_A,0.34629637
PinkMonkeySlippers,0.34629574
rycokamoore,0.3462956
RossD123,0.34629402
R3p3rTh3l3n,0.34629402
sk3pt1c,0.3462934
newton54645,0.34629235
sygede,0.34629086
atthegreenbed,0.34629068
happywaffle,0.3462902
iTrollYhu,0.3462902
RenegadeSpade,0.3462872
Stewie977,0.34628716
Mattho,0.34628662
Man_with_the_Fedora,0.34628657
hazysummersky,0.34628657
ABemusedHorse,0.3462859
_Synth_,0.3462838
Coenn,0.3462831
mcbordes,0.34628308
filo4000,0.3462827
Frankfusion,0.34628242
BillOneyPaige,0.34628165
Boredom_rage,0.3462783
speedyleedy,0.34627795
jlopez24,0.34627783
heavymetalpancakes,0.34627706
PapaPetro,0.3462758
TheMellowestyellow,0.34627563
Rhaps0dy,0.34627548
mezzizle,0.34627467
th3thund3r,0.34627455
Topper2676,0.34627387
touyajp,0.34627384
FenrirIII,0.34627318
Occupier_9000,0.34627277
CptTremendous,0.34627274
Meshiest,0.34627202
Cup_O_Coffey,0.34627083
varrogath,0.3462679
SenorFluffy,0.34626734
fishsandwich,0.34626472
cowboyhaze,0.34626237
Falkner09,0.34626108
metrogdor22,0.34626076
MJsdanglebaby,0.34625944
CSRain,0.34625912
Soccer21x,0.34625903
RSismylife,0.3462573
HonoraryMancunian,0.3462557
DubTeeDub,0.34625465
Zaino14,0.34625402
BenitoBro,0.34625316
HawkFood,0.34625122
mike23pizzo,0.3462499
Tynictansol,0.3462492
synopser,0.34624898
starrychloe,0.34624878
mohiben,0.34624872
Riddla26,0.34624863
R3miel7,0.34624863
pryme,0.34624827
held818,0.34624726
wrigsam,0.34624714
CaptainGrandpa,0.34624675
Sweddy,0.34624648
SnakeyesX,0.34624544
Kuro_yami,0.34624422
ZeosPantera,0.346244
klassik891,0.34624133
Madonkadonk,0.3462411
JohnMLTX,0.34624013
partisparti,0.34623975
shadow8449,0.3462395
newtothelyte,0.3462369
AgeMarkus,0.34623682
bananinhao,0.34623677
caligula213,0.34623677
SimonSays_,0.34623373
Naruhodo,0.34623313
Elchidote,0.34623292
Banko,0.34623286
CHEEZYSPAM,0.34623095
Stenzy,0.3462294
gigglestick,0.34622824
mygrapefruit,0.34622824
Randyh524,0.3462254
makesureimjewish,0.34622213
CobaltSmith,0.34622166
lejefferson,0.34622028
rdudejr,0.34621963
yhelothere,0.3462193
TheBioself,0.34621853
Simbrian,0.34621832
ItsAFuckingCrocodile,0.3462173
BlackBrown123,0.34621683
Tegyukfel,0.346216
Bersonic,0.34621102
SilverAce88,0.34621015
Plumerian,0.34620854
xebo,0.34620598
dracoirs,0.34620333
tamifromcali,0.3462033
spdorsey,0.34620318
ebilgenius,0.34620264
ed1380,0.3461997
QWERTY36,0.34619775
trshtehdsh,0.34619755
ShaolinShade,0.34619716
XavierMendel,0.34619704
Trickish,0.34619635
thedeadhipster,0.34619617
hoodedbob,0.346196
PenguinCowboy,0.34619507
el_drum,0.3461915
ymmajjet,0.3461911
orangepill,0.34619078
N4N4KI,0.34618956
ispoiler,0.3461886
financialbabe,0.34618798
Tiberius666,0.3461878
TTSDA,0.34618703
Vegerot,0.34618616
preggit,0.34618562
murdurturtle,0.34618485
PdoesnotequalNP,0.3461843
A_Water_Fountain,0.3461813
bunka77,0.3461792
Hotwir3,0.3461755
slayeromen,0.34617534
bknutner,0.34617457
Bioluminesce,0.34617448
nonubiq,0.34617418
hornwalker,0.34617242
stylezDWhite,0.34617156
dafootballer,0.34617126
shmadorable,0.3461712
Scarytownterminator,0.3461693
attosama,0.34616804
empw,0.34616768
Dropbear81,0.34616664
JaseAndrews,0.34616652
Gfresh404,0.3461657
anexanhume,0.34616506
steelpan,0.34616408
OvidPerl,0.34616375
Phydeaux,0.34616327
Treviso,0.346161
anticommon,0.3461603
redditlurkernoob776,0.34615996
mrdude817,0.3461599
pekayer10,0.34615973
brosen87,0.3461591
showstopping,0.34615883
misnamed,0.34615687
benjamari214,0.34615687
evolvish,0.3461563
IRunIntoThings,0.34615576
IAmAnAnonymousCoward,0.34615436
RotatorX,0.34615228
Skrillex4ever,0.34615037
LHoT10820,0.34615025
bonkeyfonkey,0.34614947
huckstah,0.34614614
noeatnosleep,0.3461458
esPhys,0.3461457
OrgasmicKoala,0.34614387
MasCapital,0.34614328
breticles,0.3461415
CptCoatrack,0.3461408
tripled153,0.34614035
devitodevito,0.34613872
Gaston44,0.3461381
Killjoy4eva,0.34613764
onscreenlol,0.34613743
gloomios,0.34613723
Atomicbob11,0.34613684
pengo,0.3461367
antifolkhero,0.3461359
sterling_mallory,0.34613574
LiiDo,0.34613568
ipiranga,0.34613404
Myrandall,0.34613392
saywhatisobvious,0.34613332
dropstop,0.34613308
Pezking343,0.3461312
LowlifePiano,0.3461309
AnnArchist,0.34612972
mgrier123,0.34612733
caross,0.34612697
NoseFetish,0.34612697
sbarias20,0.3461268
bakerie,0.34612545
badblueboy146,0.34612396
woooooahnellie,0.3461235
debrad1207,0.3461232
soupyhands,0.34612316
greath,0.34612218
thebrownkid,0.3461221
kuttanpilla,0.34612197
Lion10,0.34612182
MegaHz,0.34612167
FortuitousAdroit,0.3461215
happy_otter,0.34612116
Cshock84,0.34612077
erviniumd,0.3461203
garbageeater,0.34612003
Syfilms64,0.34611985
essidus,0.34611955
Caligineus,0.34611872
ptgkbgte,0.34611827
TitanicMan,0.34611666
nodnodwinkwink,0.34611666
Rubb3rDucky,0.3461166
TheForceiswithus,0.34611648
Halaku,0.3461158
JoshAndArielle,0.3461154
Superego366,0.34611505
zosobaggins,0.346115
BrazilianRider,0.3461141
bruce656,0.34611335
coolhandluke45,0.34611204
Skylerguns,0.34610948
Ancel3,0.3461094
bojank33,0.34610376
Kromey,0.34610373
x420Y0L0SWAG666,0.34610355
doctor_rocketship,0.34610277
Finnishalzheimerskid,0.34610122
Khatastrophe,0.3461001
Brandonspikes,0.34609848
typtyphus,0.3460982
EmceCocks,0.34609708
jettj12,0.34609592
stesch,0.34609455
Goochiman,0.34609282
enfdude,0.3460922
derkman96,0.34609205
cooncave,0.34609154
Caseycrowe,0.34609133
sageDieu,0.3460909
drucey,0.34609026
joetheschmoe4000,0.346089
acman319,0.34608826
cacophonousdrunkard,0.34608716
Cohtoh,0.34608704
phillyfanjd,0.34608662
Z4KJ0N3S,0.34608585
boomheadshot7,0.34608498
Servious,0.3460844
HurricaneFan13,0.34608433
waffle569,0.34608415
j0be,0.34608296
needmoney90,0.34608296
Simcom,0.34608266
WinterCharm,0.3460825
markevens,0.34608233
Ohh_Yeah,0.34608173
MidwestDrummer,0.34608164
Iamien,0.34608012
josh6499,0.34607938
treebog,0.34607923
Diamano,0.34607908
Kalfira,0.34607837
mike413,0.34607777
TheRealCalypso,0.34607536
JonLuca,0.34607512
not_a_Dr,0.346075
CaptainRandus,0.34607404
parles,0.34607098
Literati,0.3460705
mi1kman_dave,0.34606996
GoldenGonzo,0.34606957
Sirbinkai,0.34606856
fmgugle4,0.3460685
CGRampage,0.34606615
RainieDay,0.34606275
JustAnAvgJoe,0.34606224
algo,0.34606123
Vincent_Karma,0.3460611
brilliantmojo,0.34605893
Tdeckard2000,0.34605893
antonia90,0.3460584
colacadstink,0.34605804
aaoun,0.346058
flippinkittin,0.3460573
deuteros,0.34605718
RedHerringxx,0.346057
polydorr,0.34605563
Shagga__son_of_Dolf,0.3460554
bblemonade,0.34605443
cderry,0.34605235
canipaybycheck,0.3460523
FuzzBuket,0.34605166
Sutekhy,0.34605142
Bonya,0.34605047
SeriouslyLaughing,0.34605023
mynamespaghetti,0.34605023
unclesam_0001,0.34604943
Shanesan,0.34604695
SlyyyTendencies,0.34604672
dan3659,0.34604645
PSIStarstormOmega,0.34604612
lovetape,0.34604555
RandomName01,0.34604436
88rarely,0.34604415
eyethinkikn0wu,0.34604317
thunder216,0.3460394
david-me,0.34603912
MonksWithSticks,0.34603903
ksaj,0.34603825
CrowKaneII,0.34603786
sapiophile,0.34603688
amj00,0.34603623
CGWLP,0.34603623
thermal_shock,0.34603435
Dudwithacake,0.34603256
jdylopa,0.34603173
-RobotDeathSquad-,0.34603143
ArchmageJesus,0.34603122
jyapman,0.34603113
Sommiel,0.3460303
geobomb,0.34602833
ralph122030,0.34602824
Swede_Babe,0.34602818
fozzarz,0.34602684
jordanbeff,0.34602675
dishie,0.34602526
illeatyourheart,0.34602335
magicmurph,0.3460231
N8CCRG,0.34602198
TheFifthCan,0.3460217
One_Giant_Nostril,0.34602144
BoonTobias,0.3460204
SkeptiCalhippoh,0.3460193
GuidoZ,0.34601888
IAMA_SWEET,0.3460186
El_Pinguino,0.34601742
AnotherClosetAtheist,0.34601673
TEmpTom,0.34601653
sivadneb,0.34601498
smartalec98,0.34601456
radonchong,0.3460143
Sir_Llama,0.34601352
shmup,0.34601042
LagunaGTO,0.3460102
Autopilot_Psychonaut,0.34601003
NonstandardDeviation,0.3460093
agnesb,0.34600896
Rlight,0.34600767
ma6ic,0.34600714
thinkpadius,0.34600627
Juffin,0.34600607
qp0n,0.34600607
Airazz,0.3460055
cbarrett1989,0.34600458
tuckertucker,0.3460039
phazshifter11,0.34600362
Software_Engineer,0.3460034
sutr90,0.34600273
kn0thing,0.34600258
explodingbarrels,0.3460017
trumpet_23,0.3460009
sirkyle,0.3460009
nikiverse,0.34599912
manikfox,0.34599784
Deathbybunnies,0.3459971
DocJawbone,0.3459949
bitshoptyler,0.34599328
kriswone,0.34599188
tizorres,0.3459909
hannahjoy33,0.3459889
PeterPorky,0.34598747
poobicus,0.34598643
ne0lithic,0.34598607
gangstabunniez,0.34598488
FusionX,0.34598476
Picklwarrior,0.34598392
spacelemon,0.3459838
Taedirk,0.34598368
Kwasbeb,0.34598213
hachi6,0.34598204
bastocrat,0.3459815
sorcon,0.34598073
Andy_Glass,0.34598067
meeeow,0.34598026
something224,0.3459798
cfschris,0.34597954
HyphyBonez,0.3459786
Ytoabn,0.3459781
cpt_bluebear,0.34597808
TheGreenShepherd,0.34597597
doodooeyes,0.3459756
IronOxide42,0.3459737
YourFavoriteHippo,0.34597358
GenghisKhanX,0.3459727
SSChicken,0.3459727
JustZisGuy,0.3459726
Joelsaurus,0.345972
NotSayingJustSaying,0.34597155
TheDarkishKnight,0.34597147
wallawalla22,0.34597114
SleepySheepy,0.34597063
ustbro,0.345969
EliteHunting,0.34596848
Thefriendlyfaceplant,0.3459675
TheDuskDragon,0.3459674
jrizos,0.34596726
xereeto,0.3459652
Kingelmobap,0.345965
nshaz,0.34596452
Mewoko,0.34596452
007T,0.34596446
elemenohpee,0.34596413
namenottaken94,0.3459639
Dr_Oops,0.34596384
JeffMcBiscuit,0.3459636
fernandoandretn,0.34596342
Papa-Lazarou,0.34596255
douglasman100,0.3459612
iRuisu,0.3459607
MathGrunt,0.34595957
Lucavious,0.34595948
flippityfloppityfloo,0.3459593
rriz7,0.34595868
matrixifyme,0.34595817
thevideoclown,0.3459581
roger_,0.3459579
emarkd,0.3459567
InternetLoveMachine,0.3459564
musical_hog,0.345956
gthing,0.3459557
andywarno,0.3459532
ChaosMotor,0.3459527
LewisKiniski,0.3459527
cyrilio,0.34595215
ToBadForU,0.34595037
taario,0.34594816
Kadrik,0.34594744
shzadh,0.345947
Iloldalot,0.34594673
malufor,0.3459454
sage_of_majic,0.34594494
TyPiper93,0.345944
Acenus,0.34594217
leafeator,0.34594217
spoofex,0.34594
LeSpatula,0.3459384
SpaceOdysseus,0.34593818
ofsinope,0.3459381
The_Doctor_00,0.34593797
dieyoubastards,0.34593594
teuast,0.34593573
IronOhki,0.34593526
julian88888888,0.34593406
Killgraft,0.34593174
Bad_Zoo_Boy,0.34593096
sn44,0.34592983
DrossGnostic,0.34592834
TheGreatCthulhu,0.34592825
TwoPlanksPrevail,0.34592777
Lancaster1983,0.34592697
Birch_Tree,0.34592637
JDawg2332,0.3459259
AllMightyGuy,0.3459257
Reavus,0.3459257
jabask,0.3459256
kepleronlyknows,0.3459251
BroccoBaba,0.34592474
dbcspace,0.34592453
Pooh_Bear,0.3459238
KeruxDikaios,0.34592336
SOwED,0.34592327
leet_hacksaw,0.3459231
MisterGone5,0.345923
lanismycousin,0.34592247
broccolibush42,0.3459215
MrLeekspin,0.34591913
b0red,0.34591907
darkpwnage,0.34591675
pkmnBlue,0.34591588
PuroMichoacan,0.34591526
toomanynamesaretook,0.34591436
bazzaretta,0.34591436
unusualbob,0.345914
BIAATTCH,0.345914
bahaki,0.34591326
paulfromatlanta,0.34591255
nomanoid,0.34591213
serupento,0.34591106
TareXmd,0.3459102
ancientworldnow,0.3459097
Zephine,0.34590915
DaedalusMinion,0.34590867
Nomlin,0.3459086
muellzy,0.34590662
bleachmartini,0.34590656
Oderdigg,0.34590584
Hawk_Blue,0.34590456
namsilat,0.3459044
hax2damax,0.34590283
odigo2020,0.34590268
tyrannosaurus_fred,0.3459016
kmck96,0.34590158
wondertwins,0.34590107
dave32891,0.34590036
Jazzy_Josh,0.34589985
Perma,0.34589836
brodesto,0.3458982
Goldd,0.3458968
SplodeyDope,0.34589663
ikilledyourcat,0.3458958
kukukele,0.34589538
Wailordfan,0.34589487
HaydenTheFox,0.34589264
I_LOVE_SHEEP,0.34589264
Browsing_From_Work,0.3458918
gnashville,0.3458914
Frankeh,0.34589133
mintberrycrunk,0.34588984
CleanBill,0.34588856
aknutty,0.34588832
scattyckot,0.34588712
iamslm22,0.3458871
EugeneMJC,0.345887
shanoxilt,0.34588587
DZ302,0.34588587
happycrabeatsthefish,0.34588534
studcase,0.3458846
Clarketk,0.34588453
_Woodrow_,0.3458832
bobofatt,0.34588304
brody10123,0.34588277
americanpegasus,0.34588242
Retawekaj,0.34588
pajam,0.34587997
LittleTillyFooFoo,0.3458798
potatosss,0.34587967
Tarkaan,0.34587866
Searchlights,0.34587824
dude_from_pdx,0.34587812
backpackwayne,0.34587768
185139,0.3458764
downtothegwound,0.345876
dumanyac,0.3458757
MrFantasticGDB,0.34587538
FredWampy,0.34587523
Omar_Indeed,0.34587485
CoCo26,0.34587422
sararules2,0.34587115
Xeonit,0.34587038
gizmola,0.3458693
ahampster,0.34586766
mikejohnno,0.34586585
CyrisXD,0.34586558
122ninjas,0.34586525
Hoyarugby,0.34586412
iambecomedeath7,0.3458626
blaspheminCapn,0.34586054
davetbison,0.34586045
Spineless_John,0.34586024
SCARfaceRUSH,0.34586015
Chastain86,0.345858
sgamer,0.345856
dragonboltz,0.3458523
xlarukux,0.3458522
IAMHab,0.34585106
Asassin4TW,0.3458501
gologologolo,0.34584936
Live4FruitsBasket,0.3458484
arsenale,0.3458476
margaryna,0.34584686
King_of_the_Lemmings,0.3458464
TopScruffy,0.34584606
apatt,0.34584573
Mr_Philosopher,0.34584236
Clint_Swift,0.34584007
Yashoki,0.3458397
brocccoli,0.34583953
Electri,0.34583896
purpleolive,0.34583855
Kattzalos,0.34583762
ITEM_NINE_EXISTS,0.3458373
TWI2T3D,0.34583715
geoffyou,0.345837
knobiknows,0.3458366
stonesfcr,0.34583586
Beave1,0.34583458
Galaxyhiker42,0.34583387
danth,0.34583342
zamwut,0.34583333
Proud_Denzel,0.34583324
Sporkinat0r,0.3458332
1ceyou,0.34583262
xSPYXEx,0.34583208
Maxscape7,0.34583107
LKS,0.34583065
ManWithoutModem,0.34583017
blore40,0.3458299
PhiladelphiaIrish,0.34582984
laaabaseball,0.3458297
rohirs,0.3458286
Bert306,0.34582812
mr_pleco,0.34582794
lulzcakes,0.34582564
cessna182er,0.34582543
Crux315,0.34582534
DoTheEvolution,0.34582517
Fibonacci35813,0.34582454
throwaway555789,0.3458236
yeebok,0.3458232
Grimsonite,0.3458232
Sgtstudmufin,0.34582213
porh,0.34582195
15amathis,0.34582037
megustaPRO,0.34581858
GeniusIComeAnon,0.34581608
JBHUTT09,0.34581542
JakeSteam,0.34581536
Qusqus73,0.34581533
rahrness,0.34581318
jermslice,0.34581187
VZW_Matt,0.3458113
MSaadJilani,0.34581044
pzycho,0.34581023
I922sParkCir,0.34581006
iLiketrains131,0.34580946
KOWguy,0.34580904
JustCallMeJoker,0.3458089
Shaleensinha88,0.34580877
RubyRod,0.34580827
samdman,0.34580818
ANAL_PLUNDERING,0.3458061
adwarakanath,0.34580547
Onlyhereforthelaughs,0.34580532
hero0fwar,0.34580523
Xemeriba,0.34580517
Jdban,0.34580502
ArchangelPT,0.34580404
GEN_CORNPONE,0.34580335
jwchen,0.34580305
NeverrSummer,0.34580183
420TreeHugger,0.34580106
DashFerLev,0.34580073
A_Blind_Pilot,0.3458001
110110,0.34579933
Sam1r,0.3457969
doctorsound,0.34579644
jguacmann1,0.34579608
kleopatra6tilde9,0.34579515
eternallylearning,0.34579322
FellKnight,0.34579286
soapinmouth,0.34579238
blaizedm,0.34579176
modomario,0.34579024
byeberlin,0.34578836
momentum77,0.34578758
badbrutus,0.34578758
Crazysaxycool,0.34578598
thenicky0,0.3457856
trauma_kmart,0.3457833
hirashirou,0.34578303
juxtaposer43,0.34578127
themightypierre,0.34578076
LegendaryJay,0.34577984
epheterson,0.34577924
DarkStrobeLight,0.34577915
Pabrunthhu,0.34577757
nexxai,0.34577572
Mates_with_Bears,0.345775
alienth,0.34577313
KillEmAll83,0.34577188
Lupinefiasco,0.3457714
Integralds,0.34577134
qqg3,0.34577048
nittick,0.34576997
Bank_Gothic,0.34576848
Maple_D,0.34576815
ronconcoca,0.34576714
DanjerBob,0.3457668
Fishooked,0.3457663
crocomut,0.34576482
deejaymikeyg,0.34576327
Russbear,0.3457627
potato1,0.34576204
GODDAMNFOOL,0.34576204
hearo,0.34576124
Dathadorne,0.34576082
xenmate,0.3457604
robotshoelaces,0.34575844
Zmodem,0.34575763
cubedG,0.345755
jokes_on_you,0.34575477
solateor,0.34575272
SetYourGoals,0.34575245
astappaerts,0.34575176
SuckingDiesel,0.3457514
jehe,0.3457514
SikhGamer,0.34575078
godlesspaladin,0.34574994
RockyCoon,0.34574926
itsrattlesnake,0.34574923
factor591,0.34574923
aJarofDirt,0.345749
MadroxKran,0.3457488
iambookus,0.34574804
sandhouse,0.3457479
Mustaka,0.34574762
empyreanmax,0.34574577
kmad,0.34574538
mequals1m1w,0.34574464
charlemang,0.34574452
sourcreamjunkie,0.34574342
garychencool,0.34574178
Ohsin,0.3457416
Vpolne,0.3457405
OldPeopleHateMe,0.34574002
rdelamora1,0.34573972
gonzoblair,0.345739
Faneste123,0.34573895
ameliamirerye,0.34573847
promonk,0.34573847
mage_g4,0.34573796
lordnahte42,0.3457378
lancerevo98,0.34573653
l33tSpeak,0.3457359
freeogy,0.3457335
Pandalism,0.34573317
Chewie316,0.34573308
scarface910,0.3457327
haddock420,0.34573224
CVBrownie,0.34573218
ravenpride,0.34573197
Big_Theta,0.34573185
TCBloo,0.34573126
Oiiack,0.34573087
ChemicalOle,0.34573075
Andypwns,0.34572822
aznprd,0.3457281
Whoa_Bundy,0.34572476
Always_Leaves_You_Ha,0.34572452
sleepynow,0.34572417
craftadvisory,0.34572273
aboothemonkey,0.34572142
Acidyo,0.34572142
CZbwoi,0.34571987
mspk7305,0.34571955
0rigin,0.3457184
finkton,0.34571832
ginja_ninja,0.34571818
Darrkman,0.345718
timotab,0.34571797
Zeulodin,0.34571794
Eat_Bacon_nomnomnom,0.34571764
mjbat7,0.34571725
mrhappyoz,0.34571573
Emperor_NOPEolean,0.34571558
somedude456,0.34571466
Lokipokie504,0.3457142
MrVonBuren,0.345714
spooget3,0.34571338
GoblinTechies,0.34571335
lilstumpz,0.34571287
tehreal,0.34571207
Dvdrummer360,0.34571066
staiano,0.34570992
Llim,0.34570986
HasNoClue,0.34570923
orangeslash,0.345709
mikeleus,0.34570688
IsNotANovelty,0.34570688
fallingtopieces,0.3457056
Slippyy,0.34570536
Rawtashk,0.34570423
Sir_Dr_Dickface_IV,0.34570357
etm124,0.3457035
rspix000,0.34570336
macaroni_veteran,0.34570193
Valdair,0.34570172
linkazoid,0.3457015
ForScale,0.34569967
Grant638,0.34569964
xarkonnen,0.34569943
jamers89000,0.34569862
Reddit-Hivemind,0.3456977
MKorostoff,0.34569767
Codidly5,0.34569746
ChickenPotPi,0.3456959
silentstorm2008,0.3456952
xtrasneakygastro,0.3456941
Poptorts,0.3456927
ButSheLooked18,0.34569228
Portgas,0.3456918
brazilliandanny,0.34569082
coreyf,0.3456905
aerobat97,0.3456888
7UPvote,0.34568876
cullen9,0.34568647
EditingAndLayout,0.3456863
tianan,0.34568575
Acrio,0.34568408
47L45,0.34568387
HadManySons,0.3456835
RoverDaddy,0.34568343
Dekanuva,0.34568265
RoyallyTenenbaumed,0.34568265
Pressedlee,0.34568194
Expert_on_all_topics,0.34568152
whipnil,0.3456807
RufusMcCoot,0.34568027
acteon29,0.3456787
Technolog,0.3456786
thethiefstheme,0.34567836
cheetahlip,0.34567812
MileHighBarfly,0.3456777
Swiss_Cheese9797,0.34567702
nomofica,0.34567678
RalphiesBoogers,0.34567672
RobotKitten,0.34567663
Unicornholio,0.34567657
BeerIsMyFriend,0.3456744
krispykrackers,0.34567264
earthDF,0.3456725
Tater_Nuts,0.345672
series_of_derps,0.34567082
SgtMaj_Obvious,0.34567037
m0pi1,0.34566733
Ginganinja888,0.3456667
Pots_And_Pans,0.34566563
nexxus-s,0.34566465
chrisgelb,0.34566388
t3rneado,0.3456636
tazcel,0.34566292
BeefPieSoup,0.34566244
ImNotJesus,0.3456622
Pyrao,0.34566125
nmpraveen,0.34566075
scottg96,0.34565964
HorizonShadow,0.34565946
vivvav,0.34565938
jonnyd005,0.3456593
kevvvn,0.34565756
TheMorningDeuce,0.34565577
agapornis,0.34565568
TheEmbernova,0.34565502
farquezy,0.34565476
Chef_Kevorkian,0.34565473
ejchristian86,0.34565303
Ketrel,0.34565243
picardo85,0.3456506
SmokehTheBear,0.34564716
JakeBurnsRed,0.3456463
daxl70,0.34564543
strangelycutlemon,0.345644
Le_Reptile,0.3456437
dcwj,0.3456436
ShezUK,0.34564275
HeyItsJay,0.34564227
troublesomeness,0.3456401
PeacePig,0.34563944
ArchChisUm,0.3456375
bleekicker,0.34563735
tyrroi,0.3456369
FauxShizzle,0.34563607
FAderp91,0.34563607
tt_frog,0.34563607
Ipskies,0.34563565
turbie,0.34563428
JayTbo,0.34563404
Philipp,0.34563377
stormclaw11,0.34563345
Protuhj,0.34563276
Killhouse,0.34563133
ildabears,0.34563053
CheesyChips,0.34563035
LyleLanley99,0.34562922
happytrees,0.34562913
MaBay,0.34562698
no1name,0.3456266
yourcitysucks,0.34562543
townshend445,0.34562516
tritter211,0.3456239
pavel_lishin,0.34562358
paulthepenguin,0.34562325
ImminentFate,0.34562105
polysemous_entelechy,0.34562087
AmericanDerp,0.34562057
Liquidkp,0.34562033
someredditorguy,0.3456201
Chompski1213,0.3456184
fishy007,0.34561613
notamustache,0.34561592
davaca,0.3456153
expiredcheese,0.34561306
suntzu345,0.34561265
danwin,0.34561154
Samamaniac,0.3456112
brownmagician,0.34561098
BkkGrl,0.34560996
Terox15,0.34560925
grantmoore3d,0.3456092
Maxrdt,0.345609
JALsnipe,0.34560785
veribaka,0.34560442
racutt,0.34560338
theKalash,0.34560326
tha_dood,0.34560305
lttljimmy,0.3456029
MrMango786,0.34560212
CP70,0.34560093
fattylewis,0.3455992
r3dh3rring,0.3455988
mandal0re,0.3455977
HITMAN616,0.34559655
Trojanbp,0.3455947
patrik667,0.34559438
kimboslice11,0.34559366
Chairboy,0.34559327
Dark_Saint,0.34559292
skarface6,0.34559265
SebbenandSebben,0.34559086
Langly-,0.3455897
marky6045,0.34558833
PolarBurs,0.34558797
solidwhetstone,0.34558755
Ihearcolor,0.3455865
randoh12,0.34558636
makenzie71,0.34558505
TheShittyBeatles,0.3455832
ReactionDude,0.34558296
had0ukenn,0.3455822
Lumpzor,0.34558195
Geckos,0.34558067
BipolarBear0,0.34558034
brewzombie,0.3455797
sovietsrule,0.345579
Rhythmic,0.3455787
CyanogenHacker,0.34557778
the_moonface,0.34557733
CountGrasshopper,0.34557682
CodenameCaboose,0.34557602
da1inchpunch,0.34557498
KilgoreTroutQQ,0.3455744
Sasquatch99,0.34557405
theCarryAll,0.3455732
Mxrgan,0.3455721
WyattFlem,0.3455718
dashdanw,0.34556976
RedditINator70,0.34556967
ruff0214,0.34556827
bleedgreen96,0.3455681
joka86,0.34556708
Master-Thief,0.34556624
we1shknigh7,0.3455658
BitchesLove,0.3455657
henry10937,0.34556553
chico12307,0.34556517
edwartica,0.34556466
Proportional_Switch,0.3455619
RockasaurusRex,0.34556133
Heelincal,0.34555963
mpavlofsky,0.34555945
resonatingfury,0.34555927
redwormcharlie,0.34555677
Commander_Ninja,0.34555566
Waddupp,0.34555486
TestZero,0.34555468
Phritz777,0.34555453
slothzen,0.34555408
absentmindedjwc,0.34555385
matt01ss,0.3455527
JMaboard,0.34555247
likwidtek,0.34554988
lemonfreedom,0.34554932
exitstrateG,0.3455483
Milhouse_is_a_meme,0.34554586
nyuncat,0.34554482
Scorch8482,0.34554452
omgitsjo,0.34554377
reddit_like_its_hot,0.34554368
Orangemilk,0.34554148
summatclever,0.3455395
_deffer_,0.3455393
callmenighthawk,0.34553817
maynardftw,0.3455381
Seamannator,0.34553784
colinodell,0.34553748
KevlarYarmulke,0.34553725
NegimaSonic,0.34553713
strallweat,0.345537
grandfatherbrooks,0.34553692
kekembas17,0.3455358
IlCattivo91,0.34553286
harris0n11,0.3455321
Womec,0.34553176
CHollman82,0.34553078
rage-quit,0.34553072
lud1120,0.34553057
grey_sky,0.34552953
rocketman0739,0.34552908
datenwolf,0.34552726
BDCanuck,0.34552515
sp4ce,0.34552354
vetcmb,0.34552228
cbfw86,0.3455222
miklaen,0.34552124
brashet,0.34552056
THeShinyHObbiest,0.34551704
lastoftheyagahe,0.3455169
OstriNarwhalForce,0.3455167
swampsparrow,0.34551638
sprawld,0.34551638
kidzior,0.3455157
neocow,0.34551543
AndrewPresnal,0.34551278
mago184,0.3455119
echeese,0.34551048
billgarmsarmy,0.34551018
peanutmanak47,0.34550968
1leggeddog,0.34550935
TheAmazingSkoof,0.3455078
BlorfMonger,0.34550768
BioGenx2b,0.34550735
YNot1989,0.34550607
rickthecabbie,0.34550542
Myte342,0.34550476
SimplisticX2,0.34550443
Tox77,0.3455033
UseWhatName,0.34550038
Dr_Sandvich,0.34549978
Anofles,0.34549892
AtTheLeftThere,0.3454973
RndmHero,0.3454953
Fadic4,0.3454948
alaskanloops,0.3454939
Sidewinder77,0.34549257
ZeroShift,0.3454925
Naly_D,0.34549212
Santa_Claauz,0.34549177
mrkees,0.34549108
Makinporing,0.34549066
burgplayer,0.34548974
zigzagzig,0.34548935
ASiCat,0.3454891
travkram,0.34548885
cloudedsky,0.34548885
allgameplaya,0.34548697
SambobmaS,0.3454867
ThatSodomite,0.3454855
nutshells,0.3454832
Lesmothian,0.345483
DomStud,0.34548292
professorpan,0.34548166
marquis_of_chaos,0.3454814
not_again123,0.34548107
Thunder-ten-tronckh,0.3454797
Decapod73,0.34547952
riokou,0.3454794
jettrooper33,0.3454786
Condhor,0.34547794
AwkwardDev,0.34547716
Dear_Occupant,0.34547648
Artrw,0.3454756
adrenaline786,0.34547526
doluto,0.34547383
jvacek996,0.34547365
sumiriously,0.34547332
Purecheetodust,0.34547058
Amandrai,0.3454704
ChingShih,0.34547013
Brownt0wn_,0.34546995
ProfessorCaptain,0.3454697
jwatkins29,0.34546885
Escobeezy,0.3454684
ujemvi,0.34546816
EdgarAlanPwnd,0.34546813
zonination,0.34546813
SaltyChristian,0.34546813
HyperspaceHero,0.3454655
jimmithy,0.34546533
lozdogz,0.34546533
libertao,0.34546506
gatsby365,0.34546342
gt14199,0.345463
MessiahX,0.34546214
facedefacer,0.3454616
armyn1,0.34546018
rdfiii,0.3454601
YouArentReasonable,0.34545937
iamnotfacetious,0.34545684
Ryan2534,0.34545627
mattXIX,0.3454557
AloeRP,0.3454555
bowhunter6274,0.34545526
DFGdanger,0.34545508
Rainieri,0.34545383
bumblingmumbling,0.3454531
BoredomCalls,0.3454525
chancegold,0.3454525
danielblakes,0.34545174
Justintime233,0.34545037
8bitmorals,0.3454497
Kaer,0.34544954
polezo,0.34544924
s-mores,0.34544885
rizz360,0.34544617
jessarojas,0.345446
LawrenceLongshot,0.34544584
marmz111,0.34544235
FearMeForIAmDan,0.34544203
ikarios,0.34544188
veron101,0.3454404
sobeach,0.3454393
dieselgeek,0.34543902
physicscat,0.3454381
ridik_ulass,0.34543622
Freshenstein,0.34543508
h0bb3z,0.34543493
thegillenator,0.34543484
drumcowski,0.34543443
Agenttable077,0.34543437
jpsquill,0.3454334
AhhBisto,0.34543303
sergeyuf,0.34543246
AndySocks,0.3454324
vaselinepete,0.34543177
seriouschiz,0.34542823
spankr,0.3454281
ktool,0.34542692
ab001atr,0.34542692
karthus25,0.34542644
Ultravod,0.34542042
loganemar,0.34541935
richardveevers,0.3454185
verygoodyear,0.34541827
rockeh,0.3454179
callmecatalyst,0.34541726
k0mbaticus,0.3454172
a11city,0.34541693
eatcrayons,0.34541675
woodyallin,0.3454164
Twitch89,0.34541598
caustictoast,0.3454137
brownboy13,0.34541306
texacer,0.34541297
feelbetternow,0.34541175
imaybemeesh,0.34541097
BrosEquis,0.3454096
scythesabre,0.34540874
VeinyPickle,0.34540808
saintdominic,0.3454073
TylerL320,0.34540555
ramma314,0.34540504
meatwad75892,0.34540495
sabotourAssociate,0.3454049
dudewhatthehellman,0.34540477
l3un1t,0.34540454
iia,0.34540212
jakerman999,0.34540197
dontbthatguy,0.34539828
pandawooper,0.34539768
PortixArsenal,0.34539697
7D4Y_WEEKENDS,0.34539655
Semen-Thrower,0.34539622
scudd,0.3453933
MikeOfThePalace,0.34539145
Jedi-Mocro,0.34539044
pikadrew,0.34539026
Gehalgod,0.34538925
CarlLady,0.34538913
Aktve,0.34538856
401vs401,0.34538743
food_bag,0.3453866
jarstult,0.34538573
Kavec,0.34538484
aliaschicnine,0.34538433
TheSheepdog,0.345384
GoldenMoe,0.34538397
Nekrogoblikon,0.34538373
nonex,0.34538248
DarthWeezie,0.3453816
TombSv,0.34537998
thejellydude,0.34537968
sdc_sketchez,0.34537923
TheSimpleArtist,0.34537676
Native411,0.3453758
ToThisDay,0.34537533
taliriktug,0.3453745
Jamy18,0.34537417
Bennyhick,0.34537378
listn2moremetal,0.34537274
zarmin,0.3453725
azizinator25,0.34537238
promek,0.3453717
djspacebunny,0.34537086
db82,0.3453694
frisky_business2,0.3453676
beernerd,0.34536588
NeverOC,0.34536394
SoundManCO,0.3453638
heresybob,0.34536365
Mx-yz-pt-lk,0.34536192
IncidentOn57thStreet,0.34536043
Mogwoggle,0.34535977
dudelsac,0.34535685
Sportsfanno1,0.34535462
FakeChowNumNum1,0.3453531
supercheetah,0.34535125
nickbob18,0.3453503
nomsecretly,0.3453484
The_Other_Other,0.34534782
LoneWolfComando,0.34534773
renome,0.34534734
MoarBaconStrips,0.3453472
killerwin,0.34534675
BashfulArtichoke,0.34534425
Their_Police,0.34534404
Devistator,0.34534198
Falldog,0.34534082
catch22milo,0.34534055
Tenstone,0.3453405
belandil,0.34534028
project_twenty5oh1,0.34533942
Noreaga,0.3453392
TypicalHaikuResponse,0.34533843
abcleanonme,0.3453379
kernowgringo,0.34533757
fuzzy_dunnlop,0.3453356
Vindexus,0.34533542
weaselbeef,0.34533492
expert_at_SCIENCE,0.34533393
makemisteaks,0.34533358
PotatoMusicBinge,0.34533015
dicaxe,0.3453298
patriotaxe,0.3453276
armedNINJA,0.3453275
D3cker,0.34532708
IronA1dan,0.3453268
Natural_RX,0.34532657
Ilovewhatredditdoes,0.3453263
grimskrotum,0.34532607
syuk,0.34532598
skeeto,0.34532502
FrenchieSmalls,0.34532407
burnner_,0.34532228
jonesguy14,0.3453216
647,0.34532088
SQ_Minion,0.34531918
moldyxorange,0.3453185
KoRnyWayz,0.34531832
cavitycreep,0.34531677
Innova,0.34531564
ajsadler,0.34531522
Genesis09,0.34531376
nasdaf,0.34531158
ddxxdd,0.34531152
openxmind,0.3453105
foamed,0.3453087
ablebodiedmango,0.34530833
djonn,0.34530693
just-jake,0.34530497
dhamster,0.34530437
GoodLeftUndone,0.3453029
kookoo831,0.34530282
jupiter0,0.34530184
Illuminatesfolly,0.34530166
Ashanmaril,0.34530053
jsalazar3,0.34530002
deadlyenmity,0.34529984
spez,0.3452976
aMANescape,0.34529364
imnotlegolas,0.34529364
greiger,0.34529024
apgbadboy,0.3452901
shniken,0.3452896
ItWillBeMine,0.34528956
pecet,0.34528875
mph1204,0.34528622
saadakhtar,0.3452858
949paintball,0.34528458
xanton,0.34528366
Fuzzymuzzy,0.3452825
inmatarian,0.3452821
SecularScience,0.34528184
Eraser1024,0.34528178
Darth_InvadeHer,0.3452814
MercurialMadnessMan,0.34528014
ripster55,0.34527856
swanpenguin,0.3452782
lordcarnage,0.3452778
MNGaming,0.34527743
carny666,0.34527686
WoozleWuzzle,0.34527573
brianfizzle,0.34527573
Zappastuski,0.34527403
heres_one_for_ya,0.34527376
TheCakeDayLie,0.3452735
ZachPaj,0.3452731
Moncole,0.3452723
ontherok,0.34527138
pigferret,0.34526888
SW4506,0.34526706
rpm1984,0.34526637
rolobrowntowntony,0.34526584
DougDante,0.34526554
PenName,0.34526536
NotaMethAddict,0.3452651
DiabolicallyRandom,0.34526458
eternal_wait,0.3452637
yakpimp,0.34526345
PantsHasPockets,0.34526318
not-a-cylon,0.34526283
British_Monkey,0.34526113
skepticaljesus,0.34526113
travcurtis,0.34525982
Alexanderr,0.34525922
MadScientist14159,0.34525922
Carnae_Assada,0.3452582
price0416,0.3452582
technoskittles,0.3452565
Sampo,0.34525606
Kuklachev,0.34525445
trmaps,0.34525445
AtomicDog1471,0.345254
killerado,0.34525332
madsohm,0.34525228
vviikkrraanntt,0.34525174
RedSeven4,0.34525132
He11razor,0.34525064
hseldon10,0.34524962
crookedhead,0.34524822
TheBlazingPhoenix,0.3452426
QuoteOfTheHour,0.3452423
thegodsarepleased,0.34524214
santaschesthairs,0.3452414
UnhiDEER,0.34523946
WoopAhhh,0.34523872
foehammer111,0.34523842
tnethacker,0.34523758
Frashizzle,0.3452365
AmunRa666,0.34523642
bobbaphet,0.3452339
ReesesForBreakfast,0.34523273
monotoonz,0.34523228
llnk,0.34523135
spatchcock,0.3452305
plasker6,0.34522936
sid9102,0.34522924
Cordicuss,0.34522858
Codyyblake1,0.34522775
DangerousDetlef,0.3452252
wjfox2009,0.34522253
BiggityBates,0.34522122
zillah1985,0.34522003
Steel_Ninja,0.34522
theskabus,0.34521958
mobuco,0.3452195
Anadyne,0.3452164
nomemory,0.34521624
jmf145,0.3452159
bigsol81,0.34521425
jetsparrow,0.3452141
Ochobobo,0.34521356
GreggoryBasore,0.34521228
Random_Fandom,0.34521177
Xeon06,0.34521145
MrDanger,0.34521115
jonez450,0.3452103
Cryptic-Panther,0.34520987
RhapsodyQ,0.34520972
hexprocess,0.3452074
LeetModule,0.34520483
exatorp,0.34520233
CityWithoutMen,0.34520164
intortus,0.34520125
SirSchilly,0.34520093
dagbrown,0.34520042
GiveMeBackMySon,0.3451984
RedPaintedHouses,0.34519687
flipzmode,0.3451924
IByrdl,0.34519193
BionicSammich,0.34519175
Master_mind_,0.3451914
GallifreyanRavenclaw,0.3451913
sectorfour,0.34519115
webdevbrian,0.34518796
terrorTrain,0.34518656
NMeiden,0.3451846
jeffiethepirate,0.3451839
mamba_79,0.3451836
CUB4N,0.34518313
Salsadips,0.34518132
xtirpation,0.3451805
julesasner-dt,0.3451805
frankreddit5,0.345179
jremz,0.34517854
DickRhino,0.34517744
fapfap_ahh,0.34517735
GodOfAtheism,0.3451771
FullSizedForks,0.34517682
CLSmith15,0.34517664
Capatown,0.3451741
mach-2,0.34517318
kcell,0.34516978
CoolVito,0.34516612
Remdawg,0.3451633
djweswalz,0.34516183
aryary,0.34516087
mindspread,0.34516084
Ruddiver,0.34516034
laristocrate,0.3451602
jweebo,0.34515893
HeavensNight,0.3451589
Spartancarver,0.3451587
Reed18,0.34515825
bigshmoo,0.34515724
skyline_kid,0.345157
dmk2008,0.34515655
Urschleim_in_Silicon,0.34515598
dzamir,0.34515476
pseudolobster,0.34515184
g-dragon,0.3451475
Flatline334,0.34514704
InTheBay,0.34514552
coastermonger,0.34514552
nathanl1192,0.3451429
feedthecollapse,0.34514147
whatthefuckguys,0.3451408
cr5315,0.3451369
deeperkyo,0.34513563
hoowahoo,0.34513357
FelixR1991,0.34513068
Danarky,0.34512776
Clark-Kent,0.34512773
sircmpwn,0.34512743
Nondo,0.3451248
C_IsForCookie,0.34512344
quinn_drummer,0.34512335
xoxoyoyo,0.3451227
DeanOnFire,0.34512076
lordlicorice,0.3451203
LawBobLoblaw,0.3451202
Reminemaril,0.34511957
Sanwi,0.3451189
martiniman,0.34511855
DarkSideofOZ,0.34511685
nomalas,0.34511605
ProfessorMcHugeBalls,0.3451151
AjdinSamurai,0.34511477
I_did_not_rape_her,0.34511268
The_Messiah,0.34511107
IamtheOceanAMA,0.34511098
sulaymanf,0.345109
Sidetracking,0.3451087
Gonza200,0.34510776
socalnonsage,0.34510586
kasutori_Jack,0.34510437
The_Bhuda_Palm,0.3451014
Justicles13,0.34510008
Spezzle,0.34509963
jay456,0.34509876
freshmozz,0.34509712
Ryan_Konky,0.34509704
pianobadger,0.3450962
Ederek_Cole,0.34509587
tmoney34,0.34509456
cookedbread,0.34509334
Brak15,0.3450929
luag,0.34509254
SethBling,0.345087
bge,0.3450869
COOKIEEE,0.3450867
JOEY2X,0.34508523
Jaksongitr,0.34508505
rock217,0.3450838
vanillathunder12,0.3450815
Twice_Knightley,0.3450795
GeauxHouston22,0.3450789
seaburn,0.34507874
Jmgill12,0.34507504
gerusz,0.3450739
RackballJoe,0.3450732
Mixed-Signals,0.34506956
BritishEnglishPolice,0.34506872
GoogaNautGod,0.34506804
Throwaway_4_opinions,0.34506738
longhairedfreakyppl,0.3450671
867stevo,0.34506634
Justmomsnewfriend,0.34506577
menes40,0.3450654
ubomw,0.3450627
odinist,0.34506142
MootBear,0.34506062
Wagosh,0.3450592
Modestjake,0.34505907
epilis,0.34505418
tomasziam,0.34505227
MarkBC,0.34505156
Peacockblue11,0.34505075
JoshuaLyman,0.34505057
FarSide792,0.3450493
NahSoR,0.34504893
sacredserenity,0.34504792
IamBOXBOY,0.34504768
Platinum1211,0.3450468
jdbee,0.34504634
Travv,0.34504429
SimonPlusOliver,0.34504345
bundleogrundle,0.34503695
moontanned,0.34503502
Ottetal,0.34503356
kleinergruenerkaktus,0.34503275
creesch,0.34502986
fluffyponyza,0.34502926
vaginitischlamydia,0.34502873
indrora,0.34502235
Salanderson,0.3450211
Arve,0.34502098
Xenophon1,0.3450202
spoone,0.34501946
EvanC313,0.34501877
username5550123,0.34501445
oliverhart,0.3450112
Spastic_colon,0.3450104
TheFugget,0.3450104
admiraljohn,0.34500986
metabeing,0.3450079
touchable,0.3450062
DarthOtter,0.34500602
Tauna,0.34500536
OVdose,0.34500346
staomeel,0.34500223
WhatTheFDR,0.345001
Schnapplegangers,0.34499967
brandonisgreen,0.3449986
BaconZombie,0.34499705
big_tuna2,0.3449938
FuriousLamb3,0.34499156
weeeaaa,0.3449892
cptcliche,0.34498906
latenightnerd,0.344989
TheCl0ne,0.34498814
Evadregand,0.34498504
mwada1,0.3449846
headasplodes,0.34498402
gryphonlord,0.3449835
chumprock,0.34498307
KyleKingCDN,0.34498295
Rickolas,0.34498286
Sabvegas,0.34497994
johninbigd,0.34497958
namer98,0.34497762
RAGErER,0.34497565
Roflmoo,0.3449735
inaaace,0.34497058
Jadis4742,0.34497038
cusoman,0.34496903
jdgrafton,0.34496766
LowSociety,0.34496745
Inane_Asylum,0.34496683
JonnyBrah,0.34496677
amorpheus,0.3449628
garmachi,0.34495878
t0lk,0.34495726
rb7_brady,0.34495535
gzcl,0.3449488
StutMoleFeet,0.34494847
10GuyIsDrunk,0.34494817
averagemonkey,0.34494808
J-DawgDBZ,0.34494555
kulaboy94,0.34494483
sodypop,0.3449408
NotYourMothersDildo,0.34493583
deathril,0.34493116
DeviousRetard,0.34493023
yellowtag,0.34492886
LFryo,0.34492463
eskimopie26,0.3449234
happyFelix,0.34491703
StickleyMan,0.34491587
VonAether,0.3449151
metaranha,0.34491464
cheezus_lives,0.34491393
Kingtorm,0.3449137
Markus_Antonius,0.34490845
peterabbit456,0.3449063
grouperfish,0.34490493
Clit_Commander,0.3449017
NotARandomNumber,0.3449011
highintensitycanada,0.34489867
kindofstephen,0.34489796
InternetNinjacy,0.3448975
kyuronite,0.34489736
TwisterAce,0.34488916
d1dOnly,0.34488574
fact_hunt,0.3448846
typical_thatguy,0.34488246
mehdbc,0.34487954
georedd,0.3448774
SSJwiggy,0.34487325
srubt242,0.34487283
Seikoholic,0.3448705
PiggyWidit,0.34486854
AlexBeeInBim,0.34486446
Haz3rd,0.34486344
NeonFights,0.34486312
squiggitysquashua,0.34485158
rmill3r,0.3448482
needuhLee,0.34484735
TooDrunkToTalk,0.34484562
ryan3243,0.34484547
Unboxermail,0.34484005
itsallgoodie,0.34483612
Caesar071,0.34483287
paranoidbillionaire,0.3448266
Coriron,0.34481478
Skanh,0.34481394
dafunkmasta,0.34481302
zeug666,0.34480593
nomcow,0.344805
guelahpapyrus,0.34479883
Uber_Nick,0.34479395
Corpsman223,0.34479076
abgafi_laffy,0.34478584
megustcizer,0.34478444
awood785,0.34478408
DuckDragon,0.34477916
LoyalTillTheEnd,0.34477645
MrCobaltBlue,0.34476954
alexkoeh,0.34476766
CharlieBear26,0.3447668
Patrick5555,0.34476674
LaugeGregers,0.34475985
decode1101,0.34474364
windowbreaker9,0.34472585
EvalJow,0.34471813
Lygar,0.34471643
hestonkent,0.3447007
jbrooks21,0.34469476
loopscadoop,0.34469062
EunByuL,0.34467337
Pravusmentis,0.34467092
SadDragon00,0.34466863
lloganwebb,0.3446624
loudtyper,0.34465823
Usht,0.34464973
shellbullet17,0.34464708
willreavis,0.3446078
yousaidicould,0.34460324
TheRiseOfMaths,0.34460038
Cadoc,0.34457508
theoneringnet,0.3445438
B33sting,0.3445417
Izick,0.3445414
yannisv,0.34447068
orthros,0.3443356
